#include "buddy_sni.h"

const unsigned kBuddySniLen = 38408;
const uint8_t kBuddySni[] = {
    0x53, 0x4e, 0x49, 0x31, 0xf0, 0x00, 0x40, 0x01, 0xff, 0xff, 0xff, 0xff, 0xff, 0xff, 0xff, 0xff,
    0xff, 0xff, 0xff, 0xff, 0xff, 0xff, 0xff, 0xff, 0xff, 0xff, 0xff, 0xff, 0xff, 0xff, 0xff, 0xff,
    0xff, 0xff, 0xff, 0xff, 0xff, 0xff, 0xff, 0xff, 0xff, 0xff, 0xff, 0xff, 0xff, 0xff, 0xff, 0xff,
    0xff, 0xff, 0xff, 0xff, 0xff, 0xff, 0xff, 0xff, 0xff, 0xff, 0xff, 0xff, 0xff, 0xff, 0xff, 0xff,
    0xff, 0xff, 0xff, 0xff, 0xff, 0xff, 0xff, 0xff, 0xff, 0xff, 0xff, 0xff, 0xff, 0xff, 0xff, 0xff,
    0xff, 0xff, 0xff, 0xff, 0xff, 0xff, 0xff, 0xff, 0xff, 0xff, 0xff, 0xff, 0xff, 0xff, 0xff, 0xff,
    0xff, 0xff, 0xff, 0xff, 0xff, 0xff, 0xff, 0xff, 0xff, 0xff, 0xff, 0xff, 0xff, 0xff, 0xff, 0xff,
    0xff, 0xff, 0xff, 0xff, 0xff, 0xff, 0xff, 0xff, 0xff, 0xff, 0xff, 0xff, 0xff, 0xff, 0xff, 0xff,
    0xff, 0xff, 0xff, 0xff, 0xff, 0xff, 0xff, 0xff, 0xff, 0xff, 0xff, 0xff, 0xff, 0xff, 0xff, 0xff,
    0xff, 0xff, 0xff, 0xff, 0xff, 0xff, 0xff, 0xff, 0xff, 0xff, 0xff, 0xff, 0xff, 0xff, 0xff, 0xff,
    0xff, 0xff, 0xff, 0xff, 0xff, 0xff, 0xff, 0xff, 0xff, 0xff, 0xff, 0xff, 0xff, 0xff, 0xff, 0xff,
    0xff, 0xff, 0xff, 0xff, 0xff, 0xff, 0xff, 0xff, 0xff, 0xff, 0xff, 0xff, 0xff, 0xff, 0xff, 0xff,
    0xff, 0xff, 0xff, 0xff, 0xff, 0xff, 0xff, 0xff, 0xff, 0xff, 0xff, 0xff, 0xff, 0xff, 0xff, 0xff,
    0xff, 0xff, 0xff, 0xff, 0xff, 0xff, 0xff, 0xff, 0xff, 0xff, 0xff, 0xff, 0xff, 0xff, 0xff, 0xff,
    0xff, 0xff, 0xff, 0xff, 0xff, 0xff, 0xff, 0xff, 0xff, 0xff, 0xff, 0xff, 0xff, 0xff, 0xff, 0xff,
    0xff, 0xff, 0xff, 0xff, 0xff, 0xff, 0xff, 0xff, 0xff, 0xff, 0xff, 0xff, 0xff, 0xff, 0xff, 0xff,
    0xff, 0xff, 0xff, 0xff, 0xff, 0xff, 0xff, 0xff, 0xff, 0xff, 0xff, 0xff, 0xff, 0xff, 0xff, 0xff,
    0xff, 0xff, 0xff, 0xff, 0xff, 0xff, 0xff, 0xff, 0xff, 0xff, 0xfe, 0xee, 0xef, 0xff, 0xff, 0xff,
    0xff, 0xff, 0xff, 0xff, 0xff, 0xff, 0xff, 0xff, 0xff, 0xff, 0xff, 0xff, 0xff, 0xff, 0xff, 0xff,
    0xff, 0xff, 0xff, 0xff, 0xff, 0xff, 0xff, 0xff, 0xff, 0xff, 0xff, 0xff, 0xff, 0xff, 0xff, 0xff,
    0xff, 0xff, 0xff, 0xff, 0xff, 0xff, 0xff, 0xff, 0xff, 0xff, 0xff, 0xff, 0xff, 0xff, 0xff, 0xff,
    0xff, 0xff, 0xff, 0xff, 0xff, 0xff, 0xff, 0xff, 0xff, 0xff, 0xff, 0xff, 0xff, 0xff, 0xff, 0xff,
    0xff, 0xff, 0xff, 0xff, 0xff, 0xff, 0xff, 0xff, 0xff, 0xff, 0xff, 0xff, 0xff, 0xff, 0xff, 0xff,
    0xff, 0xff, 0xff, 0xff, 0xff, 0xff, 0xff, 0xff, 0xff, 0xff, 0xff, 0xff, 0xff, 0xff, 0xff, 0xff,
    0xff, 0xff, 0xff, 0xff, 0xff, 0xff, 0xff, 0xff, 0xff, 0xff, 0xff, 0xff, 0xff, 0xff, 0xff, 0xff,
    0xff, 0xff, 0xee, 0xee, 0xee, 0xef, 0xff, 0xff, 0xff, 0xff, 0xff, 0xff, 0xff, 0xff, 0xff, 0xff,
    0xff, 0xff, 0xff, 0xff, 0xff, 0xff, 0xff, 0xff, 0xff, 0xff, 0xff, 0xff, 0xff, 0xff, 0xff, 0xff,
    0xff, 0xff, 0xff, 0xff, 0xff, 0xff, 0xff, 0xff, 0xff, 0xff, 0xff, 0xff, 0xff, 0xff, 0xff, 0xff,
    0xff, 0xff, 0xff, 0xff, 0xff, 0xff, 0xff, 0xff, 0xff, 0xff, 0xff, 0xff, 0xff, 0xff, 0xff, 0xff,
    0xff, 0xff, 0xff, 0xff, 0xff, 0xff, 0xff, 0xff, 0xff, 0xff, 0xff, 0xff, 0xff, 0xff, 0xff, 0xff,
    0xff, 0xff, 0xff, 0xff, 0xff, 0xff, 0xff, 0xff, 0xff, 0xff, 0xff, 0xff, 0xff, 0xff, 0xff, 0xff,
    0xff, 0xff, 0xff, 0xff, 0xff, 0xff, 0xff, 0xff, 0xff, 0xff, 0xff, 0xff, 0xff, 0xff, 0xff, 0xff,
    0xff, 0xff, 0xff, 0xff, 0xff, 0xff, 0xff, 0xfe, 0xff, 0xee, 0xee, 0xee, 0xee, 0xef, 0xff, 0xff,
    0xff, 0xff, 0xff, 0xff, 0xff, 0xff, 0xff, 0xff, 0xff, 0xff, 0xff, 0xff, 0xff, 0xff, 0xff, 0xff,
    0xff, 0xff, 0xff, 0xff, 0xff, 0xff, 0xff, 0xff, 0xff, 0xff, 0xff, 0xff, 0xff, 0xff, 0xff, 0xff,
    0xff, 0xff, 0xff, 0xff, 0xff, 0xff, 0xff, 0xff, 0xff, 0xff, 0xff, 0xff, 0xff, 0xff, 0xff, 0xff,
    0xff, 0xff, 0xff, 0xff, 0xff, 0xff, 0xff, 0xff, 0xff, 0xff, 0xff, 0xff, 0xff, 0xff, 0xff, 0xff,
    0xff, 0xff, 0xff, 0xff, 0xff, 0xff, 0xff, 0xff, 0xff, 0xff, 0xff, 0xff, 0xff, 0xff, 0xff, 0xff,
    0xff, 0xff, 0xff, 0xff, 0xff, 0xff, 0xff, 0xff, 0xff, 0xff, 0xff, 0xff, 0xff, 0xff, 0xff, 0xff,
    0xff, 0xff, 0xff, 0xff, 0xff, 0xff, 0xff, 0xff, 0xff, 0xff, 0xff, 0xff, 0xff, 0xff, 0xff, 0xff,
    0xee, 0xee, 0xee, 0xee, 0xee, 0xee, 0xee, 0xff, 0xff, 0xff, 0xff, 0xff, 0xff, 0xff, 0xff, 0xff,
    0xff, 0xff, 0xff, 0xff, 0xff, 0xff, 0xff, 0xff, 0xff, 0xff, 0xff, 0xff, 0xff, 0xff, 0xff, 0xff,
    0xff, 0xff, 0xff, 0xff, 0xff, 0xff, 0xff, 0xff, 0xff, 0xff, 0xff, 0xff, 0xff, 0xff, 0xff, 0xff,
    0xff, 0xff, 0xff, 0xff, 0xff, 0xff, 0xff, 0xff, 0xff, 0xff, 0xff, 0xff, 0xff, 0xff, 0xff, 0xff,
    0xff, 0xff, 0xff, 0xff, 0xff, 0xff, 0xff, 0xff, 0xff, 0xff, 0xff, 0xff, 0xff, 0xff, 0xff, 0xff,
    0xff, 0xff, 0xff, 0xff, 0xff, 0xff, 0xff, 0xff, 0xff, 0xff, 0xff, 0xff, 0xff, 0xff, 0xff, 0xff,
    0xff, 0xff, 0xff, 0xff, 0xff, 0xff, 0xff, 0xff, 0xff, 0xff, 0xff, 0xff, 0xff, 0xff, 0xff, 0xff,
    0xff, 0xff, 0xff, 0xff, 0xff, 0xff, 0xff, 0xff, 0xee, 0xee, 0xee, 0xee, 0xee, 0xee, 0xee, 0xef,
    0xff, 0xff, 0xff, 0xff, 0xff, 0xff, 0xff, 0xff, 0xff, 0xff, 0xff, 0xff, 0xff, 0xff, 0xff, 0xff,
    0xff, 0xff, 0xff, 0xff, 0xff, 0xff, 0xff, 0xff, 0xff, 0xff, 0xff, 0xff, 0xff, 0xff, 0xff, 0xff,
    0xff, 0xff, 0xff, 0xff, 0xff, 0xff, 0xff, 0xff, 0xff, 0xff, 0xff, 0xff, 0xff, 0xff, 0xff, 0xff,
    0xff, 0xff, 0xff, 0xff, 0xff, 0xff, 0xff, 0xff, 0xff, 0xff, 0xff, 0xff, 0xff, 0xff, 0xff, 0xff,
    0xff, 0xff, 0xff, 0xff, 0xff, 0xff, 0xff, 0xff, 0xff, 0xff, 0xff, 0xff, 0xff, 0xff, 0xff, 0xff,
    0xff, 0xff, 0xff, 0xff, 0xff, 0xff, 0xff, 0xff, 0xff, 0xff, 0xff, 0xff, 0xff, 0xff, 0xff, 0xff,
    0xff, 0xff, 0xff, 0xff, 0xff, 0xff, 0xff, 0xff, 0xff, 0xff, 0xff, 0xff, 0xff, 0xff, 0xee, 0xee,
    0xee, 0xee, 0xee, 0xee, 0xed, 0xde, 0xed, 0xde, 0xff, 0xff, 0xff, 0xff, 0xff, 0xff, 0xff, 0xff,
    0xff, 0xff, 0xff, 0xff, 0xff, 0xff, 0xff, 0xff, 0xff, 0xff, 0xff, 0xff, 0xff, 0xff, 0xff, 0xff,
    0xff, 0xff, 0xff, 0xff, 0xff, 0xff, 0xff, 0xff, 0xff, 0xff, 0xff, 0xff, 0xff, 0xff, 0xff, 0xff,
    0xff, 0xff, 0xff, 0xff, 0xff, 0xff, 0xff, 0xff, 0xff, 0xff, 0xff, 0xff, 0xff, 0xff, 0xff, 0xff,
    0xff, 0xff, 0xff, 0xff, 0xff, 0xff, 0xff, 0xff, 0xff, 0xff, 0xff, 0xff, 0xff, 0xff, 0xff, 0xff,
    0xff, 0xff, 0xff, 0xff, 0xff, 0xff, 0xff, 0xff, 0xff, 0xff, 0xff, 0xff, 0xff, 0xff, 0xff, 0xff,
    0xff, 0xff, 0xff, 0xff, 0xff, 0xff, 0xff, 0xff, 0xff, 0xff, 0xff, 0xff, 0xff, 0xff, 0xff, 0xff,
    0xff, 0xff, 0xff, 0xff, 0xff, 0xff, 0xee, 0xee, 0xee, 0xfe, 0xee, 0xee, 0xed, 0xce, 0xec, 0xce,
    0xef, 0xff, 0xff, 0xff, 0xff, 0xff, 0xff, 0xff, 0xff, 0xff, 0xff, 0xff, 0xff, 0xff, 0xff, 0xff,
    0xff, 0xff, 0xff, 0xff, 0xff, 0xff, 0xff, 0xff, 0xff, 0xff, 0xff, 0xff, 0xff, 0xff, 0xff, 0xff,
    0xff, 0xff, 0xff, 0xff, 0xff, 0xff, 0xff, 0xff, 0xff, 0xff, 0xff, 0xff, 0xff, 0xff, 0xff, 0xff,
    0xff, 0xff, 0xff, 0xff, 0xff, 0xff, 0xff, 0xff, 0xff, 0xff, 0xff, 0xff, 0xff, 0xff, 0xff, 0xff,
    0xff, 0xff, 0xff, 0xff, 0xff, 0xff, 0xff, 0xff, 0xff, 0xff, 0xff, 0xff, 0xff, 0xff, 0xff, 0xff,
    0xff, 0xff, 0xff, 0xff, 0xff, 0xff, 0xff, 0xff, 0xff, 0xff, 0xff, 0xff, 0xff, 0xff, 0xff, 0xff,
    0xff, 0xff, 0xff, 0xff, 0xff, 0xff, 0xff, 0xff, 0xff, 0xff, 0xff, 0xff, 0xfe, 0xee, 0xee, 0xee,
    0xee, 0xee, 0xed, 0xcd, 0xee, 0xec, 0xce, 0xee, 0xee, 0xee, 0xee, 0xff, 0xff, 0xff, 0xff, 0xff,
    0xff, 0xff, 0xff, 0xff, 0xff, 0xff, 0xff, 0xff, 0xff, 0xff, 0xff, 0xff, 0xff, 0xff, 0xff, 0xff,
    0xff, 0xff, 0xff, 0xff, 0xff, 0xff, 0xff, 0xff, 0xff, 0xff, 0xff, 0xff, 0xff, 0xff, 0xff, 0xff,
    0xff, 0xff, 0xff, 0xff, 0xff, 0xff, 0xff, 0xff, 0xff, 0xff, 0xff, 0xff, 0xff, 0xff, 0xff, 0xff,
    0xff, 0xff, 0xff, 0xff, 0xff, 0xff, 0xff, 0xff, 0xff, 0xff, 0xff, 0xff, 0xff, 0xff, 0xff, 0xff,
    0xff, 0xff, 0xff, 0xff, 0xff, 0xff, 0xff, 0xff, 0xff, 0xff, 0xff, 0xff, 0xff, 0xff, 0xff, 0xff,
    0xff, 0xff, 0xff, 0xff, 0xff, 0xff, 0xff, 0xff, 0xff, 0xff, 0xff, 0xff, 0xff, 0xff, 0xff, 0xff,
    0xff, 0xff, 0xff, 0xff, 0xfe, 0xee, 0xee, 0xee, 0xee, 0xee, 0xed, 0xcd, 0xee, 0xec, 0xce, 0xee,
    0xee, 0xee, 0xee, 0xff, 0xff, 0xff, 0xff, 0xff, 0xff, 0xff, 0xff, 0xff, 0xff, 0xff, 0xff, 0xff,
    0xff, 0xff, 0xff, 0xff, 0xff, 0xff, 0xff, 0xff, 0xff, 0xff, 0xff, 0xff, 0xff, 0xff, 0xff, 0xff,
    0xff, 0xff, 0xff, 0xff, 0xff, 0xff, 0xff, 0xff, 0xff, 0xff, 0xff, 0xff, 0xff, 0xff, 0xff, 0xff,
    0xff, 0xff, 0xff, 0xff, 0xff, 0xff, 0xff, 0xff, 0xff, 0xff, 0xff, 0xff, 0xff, 0xff, 0xff, 0xff,
    0xff, 0xff, 0xff, 0xff, 0xff, 0xff, 0xff, 0xff, 0xff, 0xff, 0xff, 0xff, 0xff, 0xff, 0xff, 0xff,
    0xff, 0xff, 0xff, 0xff, 0xff, 0xff, 0xff, 0xff, 0xff, 0xff, 0xff, 0xff, 0xff, 0xff, 0xff, 0xff,
    0xff, 0xff, 0xff, 0xff, 0xff, 0xff, 0xff, 0xff, 0xff, 0xff, 0xff, 0xff, 0xee, 0xee, 0xef, 0xee,
    0xee, 0xed, 0xcd, 0xed, 0xcd, 0xee, 0xec, 0xce, 0xdc, 0xcc, 0xcc, 0xee, 0xff, 0xff, 0xff, 0xff,
    0xff, 0xff, 0xff, 0xff, 0xff, 0xff, 0xff, 0xff, 0xff, 0xff, 0xff, 0xff, 0xff, 0xff, 0xff, 0xff,
    0xff, 0xff, 0xff, 0xff, 0xff, 0xff, 0xff, 0xff, 0xff, 0xff, 0xff, 0xff, 0xff, 0xff, 0xff, 0xff,
    0xff, 0xff, 0xff, 0xff, 0xff, 0xff, 0xff, 0xff, 0xff, 0xff, 0xff, 0xff, 0xff, 0xff, 0xff, 0xff,
    0xff, 0xff, 0xff, 0xff, 0xff, 0xff, 0xff, 0xff, 0xff, 0xff, 0xff, 0xff, 0xff, 0xff, 0xff, 0xff,
    0xff, 0xff, 0xff, 0xff, 0xff, 0xff, 0xff, 0xff, 0xff, 0xff, 0xff, 0xff, 0xff, 0xff, 0xff, 0xff,
    0xff, 0xff, 0xff, 0xff, 0xff, 0xff, 0xff, 0xff, 0xff, 0xff, 0xff, 0xff, 0xff, 0xff, 0xff, 0xff,
    0xff, 0xff, 0xff, 0xfe, 0xee, 0xee, 0xee, 0xee, 0xee, 0xdd, 0xcd, 0xed, 0xcd, 0xee, 0xed, 0xde,
    0xdc, 0xcc, 0xcc, 0xee, 0xff, 0xff, 0xff, 0xff, 0xff, 0xff, 0xff, 0xff, 0xff, 0xff, 0xff, 0xff,
    0xff, 0xff, 0xff, 0xff, 0xff, 0xff, 0xff, 0xff, 0xff, 0xff, 0xff, 0xff, 0xff, 0xff, 0xff, 0xff,
    0xff, 0xff, 0xff, 0xff, 0xff, 0xff, 0xff, 0xff, 0xff, 0xff, 0xff, 0xff, 0xff, 0xff, 0xff, 0xff,
    0xff, 0xff, 0xff, 0xff, 0xff, 0xff, 0xff, 0xff, 0xff, 0xff, 0xff, 0xff, 0xff, 0xff, 0xff, 0xff,
    0xff, 0xff, 0xff, 0xff, 0xff, 0xff, 0xff, 0xff, 0xff, 0xff, 0xff, 0xff, 0xff, 0xff, 0xff, 0xff,
    0xff, 0xff, 0xff, 0xff, 0xff, 0xff, 0xff, 0xff, 0xff, 0xff, 0xff, 0xff, 0xff, 0xff, 0xff, 0xff,
    0xff, 0xff, 0xff, 0xff, 0xff, 0xff, 0xff, 0xff, 0xff, 0xff, 0xff, 0xfe, 0xee, 0xef, 0xed, 0xee,
    0xee, 0xcc, 0xee, 0xed, 0xcd, 0xee, 0xef, 0xee, 0xdc, 0xde, 0xdc, 0xee, 0xff, 0xff, 0xff, 0xff,
    0xff, 0xff, 0xff, 0xff, 0xff, 0xff, 0xff, 0xff, 0xff, 0xff, 0xff, 0xff, 0xff, 0xff, 0xff, 0xff,
    0xff, 0xff, 0xff, 0xff, 0xff, 0xff, 0xff, 0xff, 0xff, 0xff, 0xff, 0xff, 0xff, 0xff, 0xff, 0xff,
    0xff, 0xff, 0xff, 0xff, 0xff, 0xff, 0xff, 0xff, 0xff, 0xff, 0xff, 0xff, 0xff, 0xff, 0xff, 0xff,
    0xff, 0xff, 0xff, 0xff, 0xff, 0xff, 0xff, 0xff, 0xff, 0xff, 0xff, 0xff, 0xff, 0xff, 0xff, 0xff,
    0xff, 0xff, 0xff, 0xff, 0xff, 0xff, 0xff, 0xff, 0xff, 0xff, 0xff, 0xff, 0xff, 0xff, 0xff, 0xff,
    0xff, 0xff, 0xff, 0xff, 0xff, 0xff, 0xff, 0xff, 0xff, 0xff, 0xff, 0xff, 0xff, 0xff, 0xff, 0xff,
    0xff, 0xee, 0xee, 0xee, 0xee, 0xef, 0xee, 0xee, 0xee, 0xdd, 0xde, 0xed, 0xdd, 0xec, 0xcd, 0xde,
    0xdd, 0xde, 0xdc, 0xee, 0xff, 0xff, 0xff, 0xff, 0xff, 0xff, 0xff, 0xff, 0xff, 0xff, 0xff, 0xff,
    0xff, 0xff, 0xff, 0xff, 0xff, 0xff, 0xff, 0xff, 0xff, 0xff, 0xff, 0xff, 0xff, 0xff, 0xff, 0xff,
    0xff, 0xff, 0xff, 0xff, 0xff, 0xff, 0xff, 0xff, 0xff, 0xff, 0xff, 0xff, 0xff, 0xff, 0xff, 0xff,
    0xff, 0xff, 0xff, 0xff, 0xff, 0xff, 0xff, 0xff, 0xff, 0xff, 0xff, 0xff, 0xff, 0xff, 0xff, 0xff,
    0xff, 0xff, 0xff, 0xff, 0xff, 0xff, 0xff, 0xff, 0xff, 0xff, 0xff, 0xff, 0xff, 0xff, 0xff, 0xff,
    0xff, 0xff, 0xff, 0xff, 0xff, 0xff, 0xff, 0xff, 0xff, 0xff, 0xff, 0xff, 0xff, 0xff, 0xff, 0xff,
    0xff, 0xff, 0xff, 0xff, 0xff, 0xff, 0xff, 0xff, 0xfe, 0xee, 0xee, 0xee, 0xee, 0xef, 0xff, 0xee,
    0xee, 0xee, 0xdd, 0xee, 0xee, 0xea, 0x99, 0xae, 0xee, 0xee, 0xdc, 0xef, 0xff, 0xff, 0xff, 0xff,
    0xff, 0xff, 0xff, 0xff, 0xff, 0xff, 0xff, 0xff, 0xff, 0xff, 0xff, 0xff, 0xff, 0xff, 0xff, 0xff,
    0xff, 0xff, 0xff, 0xff, 0xff, 0xff, 0xff, 0xff, 0xff, 0xff, 0xff, 0xff, 0xff, 0xff, 0xff, 0xff,
    0xff, 0xff, 0xff, 0xff, 0xff, 0xff, 0xff, 0xff, 0xff, 0xff, 0xff, 0xff, 0xff, 0xff, 0xff, 0xff,
    0xff, 0xff, 0xff, 0xff, 0xff, 0xff, 0xff, 0xff, 0xff, 0xff, 0xff, 0xff, 0xff, 0xff, 0xff, 0xff,
    0xff, 0xff, 0xff, 0xff, 0xff, 0xff, 0xff, 0xff, 0xff, 0xff, 0xff, 0xff, 0xff, 0xff, 0xff, 0xff,
    0xff, 0xff, 0xff, 0xff, 0xff, 0xff, 0xff, 0xff, 0xff, 0xff, 0xff, 0xff, 0xff, 0xff, 0xff, 0xff,
    0xee, 0xee, 0xee, 0xee, 0xee, 0xed, 0xdd, 0xee, 0xee, 0xed, 0xdc, 0xcd, 0xfd, 0xda, 0x9a, 0xab,
    0xce, 0xdd, 0xcc, 0xee, 0xff, 0xff, 0xff, 0xff, 0xff, 0xff, 0xff, 0xff, 0xff, 0xff, 0xff, 0xff,
    0xff, 0xff, 0xff, 0xff, 0xff, 0xff, 0xff, 0xff, 0xff, 0xff, 0xff, 0xff, 0xff, 0xff, 0xff, 0xff,
    0xff, 0xff, 0xff, 0xff, 0xff, 0xff, 0xff, 0xff, 0xff, 0xff, 0xff, 0xff, 0xff, 0xff, 0xff, 0xff,
    0xff, 0xff, 0xff, 0xff, 0xff, 0xff, 0xff, 0xff, 0xff, 0xff, 0xff, 0xff, 0xff, 0xff, 0xff, 0xff,
    0xff, 0xff, 0xff, 0xff, 0xff, 0xff, 0xff, 0xff, 0xff, 0xff, 0xff, 0xff, 0xff, 0xff, 0xff, 0xff,
    0xff, 0xff, 0xff, 0xff, 0xff, 0xff, 0xff, 0xff, 0xff, 0xff, 0xff, 0xff, 0xff, 0xff, 0xff, 0xff,
    0xff, 0xff, 0xff, 0xff, 0xff, 0xff, 0xee, 0xfe, 0xee, 0xee, 0xee, 0xee, 0xef, 0xec, 0xcc, 0xde,
    0xee, 0xed, 0xcb, 0xad, 0xfd, 0xc9, 0x9a, 0xa9, 0xbe, 0xdc, 0xcc, 0xde, 0xff, 0xff, 0xff, 0xff,
    0xff, 0xff, 0xff, 0xff, 0xff, 0xff, 0xff, 0xff, 0xff, 0xff, 0xff, 0xff, 0xff, 0xff, 0xff, 0xff,
    0xff, 0xff, 0xff, 0xff, 0xff, 0xff, 0xff, 0xff, 0xff, 0xff, 0xff, 0xff, 0xff, 0xff, 0xff, 0xff,
    0xff, 0xff, 0xff, 0xff, 0xff, 0xff, 0xff, 0xff, 0xff, 0xff, 0xff, 0xff, 0xff, 0xff, 0xff, 0xff,
    0xff, 0xff, 0xff, 0xff, 0xff, 0xff, 0xff, 0xff, 0xff, 0xff, 0xff, 0xff, 0xff, 0xff, 0xff, 0xff,
    0xff, 0xff, 0xff, 0xff, 0xff, 0xff, 0xff, 0xff, 0xff, 0xff, 0xff, 0xff, 0xff, 0xff, 0xff, 0xff,
    0xff, 0xff, 0xff, 0xff, 0xff, 0xff, 0xff, 0xff, 0xff, 0xff, 0xff, 0xff, 0xff, 0xff, 0xfe, 0xee,
    0xee, 0xee, 0xee, 0xee, 0xdd, 0xb9, 0x9a, 0xaa, 0xcd, 0xed, 0xaa, 0x9b, 0xdb, 0xa9, 0x99, 0x99,
    0xbe, 0xdd, 0xcc, 0xde, 0xff, 0xff, 0xff, 0xff, 0xff, 0xff, 0xff, 0xff, 0xff, 0xff, 0xff, 0xff,
    0xff, 0xff, 0xff, 0xff, 0xff, 0xff, 0xff, 0xff, 0xff, 0xff, 0xff, 0xff, 0xff, 0xff, 0xff, 0xff,
    0xff, 0xff, 0xff, 0xff, 0xff, 0xff, 0xff, 0xff, 0xff, 0xff, 0xff, 0xff, 0xff, 0xff, 0xff, 0xff,
    0xff, 0xff, 0xff, 0xff, 0xff, 0xff, 0xff, 0xff, 0xff, 0xff, 0xff, 0xff, 0xff, 0xff, 0xff, 0xff,
    0xff, 0xff, 0xff, 0xff, 0xff, 0xff, 0xff, 0xff, 0xff, 0xff, 0xff, 0xff, 0xff, 0xff, 0xff, 0xff,
    0xff, 0xff, 0xff, 0xff, 0xff, 0xff, 0xff, 0xff, 0xff, 0xff, 0xff, 0xff, 0xff, 0xff, 0xff, 0xff,
    0xff, 0xff, 0xff, 0xff, 0xff, 0xff, 0xfe, 0xee, 0xee, 0xfe, 0xee, 0xfe, 0xdc, 0xb8, 0x89, 0x99,
    0xcc, 0xed, 0x99, 0x9b, 0xca, 0x99, 0x99, 0x99, 0xbe, 0xee, 0xdc, 0xde, 0xff, 0xff, 0xff, 0xff,
    0xff, 0xff, 0xff, 0xff, 0xff, 0xff, 0xff, 0xff, 0xff, 0xff, 0xff, 0xff, 0xff, 0xff, 0xff, 0xff,
    0xff, 0xff, 0xff, 0xff, 0xff, 0xff, 0xff, 0xff, 0xff, 0xff, 0xff, 0xff, 0xff, 0xff, 0xff, 0xff,
    0xff, 0xff, 0xff, 0xff, 0xff, 0xff, 0xff, 0xff, 0xff, 0xff, 0xff, 0xff, 0xff, 0xff, 0xff, 0xff,
    0xff, 0xff, 0xff, 0xff, 0xff, 0xff, 0xff, 0xff, 0xff, 0xff, 0xff, 0xff, 0xff, 0xff, 0xff, 0xff,
    0xff, 0xff, 0xff, 0xff, 0xff, 0xff, 0xff, 0xff, 0xff, 0xff, 0xff, 0xff, 0xff, 0xff, 0xff, 0xff,
    0xff, 0xff, 0xff, 0xff, 0xff, 0xff, 0xff, 0xff, 0xff, 0xff, 0xff, 0xff, 0xff, 0xee, 0xee, 0xfe,
    0xee, 0xff, 0xfd, 0xdf, 0xec, 0xb9, 0x99, 0x99, 0xaa, 0xcc, 0x99, 0x99, 0x99, 0x98, 0x89, 0x99,
    0x9a, 0xce, 0xdd, 0xee, 0xff, 0xff, 0xff, 0xff, 0xff, 0xff, 0xff, 0xff, 0xff, 0xff, 0xff, 0xff,
    0xff, 0xff, 0xff, 0xff, 0xff, 0xff, 0xff, 0xff, 0xff, 0xff, 0xff, 0xff, 0xff, 0xff, 0xff, 0xff,
    0xff, 0xff, 0xff, 0xff, 0xff, 0xff, 0xff, 0xff, 0xff, 0xff, 0xff, 0xff, 0xff, 0xff, 0xff, 0xff,
    0xff, 0xff, 0xff, 0xff, 0xff, 0xff, 0xff, 0xff, 0xff, 0xff, 0xff, 0xff, 0xff, 0xff, 0xff, 0xff,
    0xff, 0xff, 0xff, 0xff, 0xff, 0xff, 0xff, 0xff, 0xff, 0xff, 0xff, 0xff, 0xff, 0xff, 0xff, 0xff,
    0xff, 0xff, 0xff, 0xff, 0xff, 0xff, 0xff, 0xff, 0xff, 0xff, 0xff, 0xff, 0xff, 0xff, 0xff, 0xff,
    0xff, 0xff, 0xff, 0xff, 0xff, 0xee, 0xee, 0xfe, 0xee, 0xfe, 0xec, 0xcf, 0xec, 0xb9, 0x99, 0x99,
    0x99, 0xcb, 0x99, 0x99, 0x99, 0x98, 0x89, 0x99, 0x99, 0xcd, 0xee, 0xee, 0xff, 0xff, 0xff, 0xff,
    0xff, 0xff, 0xff, 0xff, 0xff, 0xff, 0xff, 0xff, 0xff, 0xff, 0xff, 0xff, 0xff, 0xff, 0xff, 0xff,
    0xff, 0xff, 0xff, 0xff, 0xff, 0xff, 0xff, 0xff, 0xff, 0xff, 0xff, 0xff, 0xff, 0xff, 0xff, 0xff,
    0xff, 0xff, 0xff, 0xff, 0xff, 0xff, 0xff, 0xff, 0xff, 0xff, 0xff, 0xff, 0xff, 0xff, 0xff, 0xff,
    0xff, 0xff, 0xff, 0xff, 0xff, 0xff, 0xff, 0xff, 0xff, 0xff, 0xff, 0xff, 0xff, 0xff, 0xff, 0xff,
    0xff, 0xff, 0xff, 0xff, 0xff, 0xff, 0xff, 0xff, 0xff, 0xff, 0xff, 0xff, 0xff, 0xff, 0xff, 0xff,
    0xff, 0xff, 0xff, 0xff, 0xff, 0xff, 0xff, 0xff, 0xff, 0xff, 0xff, 0xff, 0xee, 0xee, 0xff, 0xff,
    0xfe, 0xeb, 0x99, 0x99, 0xbf, 0xd9, 0x99, 0x99, 0x88, 0x88, 0x98, 0x68, 0x99, 0x98, 0x89, 0x86,
    0x79, 0x88, 0xce, 0xee, 0xed, 0xcd, 0xff, 0xff, 0xff, 0xff, 0xff, 0xff, 0xff, 0xff, 0xff, 0xff,
    0xff, 0xff, 0xff, 0xff, 0xff, 0xff, 0xff, 0xff, 0xff, 0xff, 0xff, 0xff, 0xff, 0xff, 0xff, 0xff,
    0xff, 0xff, 0xff, 0xff, 0xff, 0xff, 0xff, 0xff, 0xff, 0xff, 0xff, 0xff, 0xff, 0xff, 0xff, 0xff,
    0xff, 0xff, 0xff, 0xff, 0xff, 0xff, 0xff, 0xff, 0xff, 0xff, 0xff, 0xff, 0xff, 0xff, 0xff, 0xff,
    0xff, 0xff, 0xff, 0xff, 0xff, 0xff, 0xff, 0xff, 0xff, 0xff, 0xff, 0xff, 0xff, 0xff, 0xff, 0xff,
    0xff, 0xff, 0xff, 0xff, 0xff, 0xff, 0xff, 0xff, 0xff, 0xff, 0xff, 0xff, 0xff, 0xff, 0xff, 0xff,
    0xff, 0xff, 0xff, 0xff, 0xee, 0xee, 0xee, 0xee, 0xfe, 0xeb, 0x99, 0x99, 0xae, 0xc9, 0x99, 0x88,
    0x88, 0x88, 0x88, 0x78, 0x98, 0x88, 0x88, 0x87, 0x89, 0x88, 0xbd, 0xee, 0xdd, 0xcd, 0xff, 0xff,
    0xff, 0xff, 0xff, 0xff, 0xff, 0xff, 0xff, 0xff, 0xff, 0xff, 0xff, 0xff, 0xff, 0xff, 0xff, 0xff,
    0xff, 0xff, 0xff, 0xff, 0xff, 0xff, 0xff, 0xff, 0xff, 0xff, 0xff, 0xff, 0xff, 0xff, 0xff, 0xff,
    0xff, 0xff, 0xff, 0xff, 0xff, 0xff, 0xff, 0xff, 0xff, 0xff, 0xff, 0xff, 0xff, 0xff, 0xff, 0xff,
    0xff, 0xff, 0xff, 0xff, 0xff, 0xff, 0xff, 0xff, 0xff, 0xff, 0xff, 0xff, 0xff, 0xff, 0xff, 0xff,
    0xff, 0xff, 0xff, 0xff, 0xff, 0xff, 0xff, 0xff, 0xff, 0xff, 0xff, 0xff, 0xff, 0xff, 0xff, 0xff,
    0xff, 0xff, 0xff, 0xff, 0xff, 0xff, 0xff, 0xff, 0xff, 0xff, 0xff, 0xff, 0xee, 0xee, 0xee, 0xee,
    0xfe, 0xea, 0x99, 0x99, 0x98, 0x88, 0x89, 0x76, 0x89, 0x98, 0x67, 0x99, 0x97, 0x69, 0x96, 0x79,
    0x99, 0x99, 0x99, 0xcc, 0xcd, 0xee, 0xef, 0xff, 0xff, 0xff, 0xff, 0xff, 0xff, 0xff, 0xff, 0xff,
    0xff, 0xff, 0xff, 0xff, 0xff, 0xff, 0xff, 0xff, 0xff, 0xff, 0xff, 0xff, 0xff, 0xff, 0xff, 0xff,
    0xff, 0xff, 0xff, 0xff, 0xff, 0xff, 0xff, 0xff, 0xff, 0xff, 0xff, 0xff, 0xff, 0xff, 0xff, 0xff,
    0xff, 0xff, 0xff, 0xff, 0xff, 0xff, 0xff, 0xff, 0xff, 0xff, 0xff, 0xff, 0xff, 0xff, 0xff, 0xff,
    0xff, 0xff, 0xff, 0xff, 0xff, 0xff, 0xff, 0xff, 0xff, 0xff, 0xff, 0xff, 0xff, 0xff, 0xff, 0xff,
    0xff, 0xff, 0xff, 0xff, 0xff, 0xff, 0xff, 0xff, 0xff, 0xff, 0xff, 0xff, 0xff, 0xff, 0xff, 0xff,
    0xff, 0xff, 0xfe, 0xee, 0xee, 0xee, 0xee, 0xee, 0xed, 0xc9, 0x89, 0x98, 0x88, 0x88, 0x88, 0x77,
    0x99, 0x88, 0x78, 0x98, 0x87, 0x79, 0x97, 0x78, 0x89, 0x99, 0x99, 0xbb, 0xbb, 0xdd, 0xef, 0xff,
    0xff, 0xff, 0xff, 0xff, 0xff, 0xff, 0xff, 0xff, 0xff, 0xff, 0xff, 0xff, 0xff, 0xff, 0xff, 0xff,
    0xff, 0xff, 0xff, 0xff, 0xff, 0xff, 0xff, 0xff, 0xff, 0xff, 0xff, 0xff, 0xff, 0xff, 0xff, 0xff,
    0xff, 0xff, 0xff, 0xff, 0xff, 0xff, 0xff, 0xff, 0xff, 0xff, 0xff, 0xff, 0xff, 0xff, 0xff, 0xff,
    0xff, 0xff, 0xff, 0xff, 0xff, 0xff, 0xff, 0xff, 0xff, 0xff, 0xff, 0xff, 0xff, 0xff, 0xff, 0xff,
    0xff, 0xff, 0xff, 0xff, 0xff, 0xff, 0xff, 0xff, 0xff, 0xff, 0xff, 0xff, 0xff, 0xff, 0xff, 0xff,
    0xff, 0xff, 0xff, 0xff, 0xff, 0xff, 0xff, 0xff, 0xff, 0xfe, 0xee, 0xee, 0xee, 0xef, 0xff, 0xfe,
    0xeb, 0x98, 0x89, 0x96, 0x79, 0x99, 0x76, 0x89, 0x99, 0x67, 0x99, 0x97, 0x68, 0x99, 0x99, 0x86,
    0x79, 0x99, 0x99, 0x99, 0x9a, 0xcd, 0xef, 0xff, 0xff, 0xff, 0xff, 0xff, 0xff, 0xff, 0xff, 0xff,
    0xff, 0xff, 0xff, 0xff, 0xff, 0xff, 0xff, 0xff, 0xff, 0xff, 0xff, 0xff, 0xff, 0xff, 0xff, 0xff,
    0xff, 0xff, 0xff, 0xff, 0xff, 0xff, 0xff, 0xff, 0xff, 0xff, 0xff, 0xff, 0xff, 0xff, 0xff, 0xff,
    0xff, 0xff, 0xff, 0xff, 0xff, 0xff, 0xff, 0xff, 0xff, 0xff, 0xff, 0xff, 0xff, 0xff, 0xff, 0xff,
    0xff, 0xff, 0xff, 0xff, 0xff, 0xff, 0xff, 0xff, 0xff, 0xff, 0xff, 0xff, 0xff, 0xff, 0xff, 0xff,
    0xff, 0xff, 0xff, 0xff, 0xff, 0xff, 0xff, 0xff, 0xff, 0xff, 0xff, 0xff, 0xff, 0xff, 0xff, 0xff,
    0xff, 0xff, 0xee, 0xee, 0xff, 0xff, 0xcc, 0xcc, 0xba, 0x99, 0x87, 0x78, 0x89, 0x87, 0x88, 0x89,
    0x87, 0x88, 0x98, 0x78, 0x88, 0x98, 0x79, 0x98, 0x87, 0x89, 0x87, 0x99, 0x99, 0xac, 0xff, 0xff,
    0xff, 0xff, 0xff, 0xff, 0xff, 0xff, 0xff, 0xff, 0xff, 0xff, 0xff, 0xff, 0xff, 0xff, 0xff, 0xff,
    0xff, 0xff, 0xff, 0xff, 0xff, 0xff, 0xff, 0xff, 0xff, 0xff, 0xff, 0xff, 0xff, 0xff, 0xff, 0xff,
    0xff, 0xff, 0xff, 0xff, 0xff, 0xff, 0xff, 0xff, 0xff, 0xff, 0xff, 0xff, 0xff, 0xff, 0xff, 0xff,
    0xff, 0xff, 0xff, 0xff, 0xff, 0xff, 0xff, 0xff, 0xff, 0xff, 0xff, 0xff, 0xff, 0xff, 0xff, 0xff,
    0xff, 0xff, 0xff, 0xff, 0xff, 0xff, 0xff, 0xff, 0xff, 0xff, 0xff, 0xff, 0xff, 0xff, 0xff, 0xff,
    0xff, 0xff, 0xff, 0xff, 0xff, 0xff, 0xff, 0xff, 0xff, 0xff, 0xfe, 0xff, 0xff, 0xfe, 0x99, 0x99,
    0x99, 0x99, 0x97, 0x69, 0x99, 0x86, 0x89, 0x99, 0x76, 0x99, 0x98, 0x68, 0x99, 0x97, 0x69, 0x99,
    0x86, 0x89, 0x76, 0x99, 0x99, 0x8b, 0xff, 0xff, 0xff, 0xff, 0xff, 0xff, 0xff, 0xff, 0xff, 0xff,
    0xff, 0xff, 0xff, 0xff, 0xff, 0xff, 0xff, 0xff, 0xff, 0xff, 0xff, 0xff, 0xff, 0xff, 0xff, 0xff,
    0xff, 0xff, 0xff, 0xff, 0xff, 0xff, 0xff, 0xff, 0xff, 0xff, 0xff, 0xff, 0xff, 0xff, 0xff, 0xff,
    0xff, 0xff, 0xff, 0xff, 0xff, 0xff, 0xff, 0xff, 0xff, 0xff, 0xff, 0xff, 0xff, 0xff, 0xff, 0xff,
    0xff, 0xff, 0xff, 0xff, 0xff, 0xff, 0xff, 0xff, 0xff, 0xff, 0xff, 0xff, 0xff, 0xff, 0xff, 0xff,
    0xff, 0xff, 0xff, 0xff, 0xff, 0xff, 0xff, 0xff, 0xff, 0xff, 0xff, 0xff, 0xff, 0xff, 0xff, 0xff,
    0xfe, 0xee, 0xef, 0xed, 0xcb, 0xaa, 0x99, 0x99, 0x99, 0x97, 0x78, 0x87, 0x79, 0x98, 0x77, 0x89,
    0x76, 0x98, 0x77, 0x87, 0x78, 0x97, 0x69, 0x87, 0x78, 0x99, 0x88, 0x77, 0x99, 0x9a, 0xde, 0xff,
    0xff, 0xff, 0xff, 0xff, 0xff, 0xff, 0xff, 0xff, 0xff, 0xff, 0xff, 0xff, 0xff, 0xff, 0xff, 0xff,
    0xff, 0xff, 0xff, 0xff, 0xff, 0xff, 0xff, 0xff, 0xff, 0xff, 0xff, 0xff, 0xff, 0xff, 0xff, 0xff,
    0xff, 0xff, 0xff, 0xff, 0xff, 0xff, 0xff, 0xff, 0xff, 0xff, 0xff, 0xff, 0xff, 0xff, 0xff, 0xff,
    0xff, 0xff, 0xff, 0xff, 0xff, 0xff, 0xff, 0xff, 0xff, 0xff, 0xff, 0xff, 0xff, 0xff, 0xff, 0xff,
    0xff, 0xff, 0xff, 0xff, 0xff, 0xff, 0xff, 0xff, 0xff, 0xff, 0xff, 0xff, 0xff, 0xff, 0xff, 0xff,
    0xff, 0xff, 0xff, 0xff, 0xff, 0xff, 0xff, 0xff, 0xfe, 0xee, 0xef, 0xec, 0xa9, 0x88, 0x99, 0x99,
    0x99, 0x97, 0x68, 0x96, 0x79, 0x99, 0x76, 0x89, 0x76, 0x98, 0x67, 0x97, 0x68, 0x97, 0x69, 0x86,
    0x79, 0x99, 0x99, 0x76, 0x99, 0x9a, 0xce, 0xff, 0xff, 0xff, 0xff, 0xff, 0xff, 0xff, 0xff, 0xff,
    0xff, 0xff, 0xff, 0xff, 0xff, 0xff, 0xff, 0xff, 0xff, 0xff, 0xff, 0xff, 0xff, 0xff, 0xff, 0xff,
    0xff, 0xff, 0xff, 0xff, 0xff, 0xff, 0xff, 0xff, 0xff, 0xff, 0xff, 0xff, 0xff, 0xff, 0xff, 0xff,
    0xff, 0xff, 0xff, 0xff, 0xff, 0xff, 0xff, 0xff, 0xff, 0xff, 0xff, 0xff, 0xff, 0xff, 0xff, 0xff,
    0xff, 0xff, 0xff, 0xff, 0xff, 0xff, 0xff, 0xff, 0xff, 0xff, 0xff, 0xff, 0xff, 0xff, 0xff, 0xff,
    0xff, 0xff, 0xff, 0xff, 0xff, 0xff, 0xff, 0xff, 0xff, 0xff, 0xff, 0xff, 0xff, 0xff, 0xff, 0xfe,
    0xef, 0xff, 0xed, 0xb9, 0x99, 0x99, 0x98, 0x77, 0x98, 0x78, 0x99, 0x99, 0x87, 0x79, 0x76, 0x89,
    0x98, 0x77, 0x99, 0x98, 0x88, 0x99, 0x99, 0x99, 0x87, 0x89, 0x77, 0x88, 0x77, 0x9a, 0xce, 0xff,
    0xff, 0xff, 0xff, 0xff, 0xff, 0xff, 0xff, 0xff, 0xff, 0xff, 0xff, 0xff, 0xff, 0xff, 0xff, 0xff,
    0xff, 0xff, 0xff, 0xff, 0xff, 0xff, 0xff, 0xff, 0xff, 0xff, 0xff, 0xff, 0xff, 0xff, 0xff, 0xff,
    0xff, 0xff, 0xff, 0xff, 0xff, 0xff, 0xff, 0xff, 0xff, 0xff, 0xff, 0xff, 0xff, 0xff, 0xff, 0xff,
    0xff, 0xff, 0xff, 0xff, 0xff, 0xff, 0xff, 0xff, 0xff, 0xff, 0xff, 0xff, 0xff, 0xff, 0xff, 0xff,
    0xff, 0xff, 0xff, 0xff, 0xff, 0xff, 0xff, 0xff, 0xff, 0xff, 0xff, 0xff, 0xff, 0xff, 0xff, 0xff,
    0xff, 0xff, 0xff, 0xff, 0xef, 0xff, 0xff, 0xfe, 0xef, 0xff, 0xec, 0xa9, 0x99, 0x99, 0x98, 0x77,
    0x97, 0x68, 0x99, 0x99, 0x87, 0x79, 0x77, 0x89, 0x99, 0x77, 0x99, 0x98, 0x88, 0x99, 0x99, 0x99,
    0x87, 0x89, 0x76, 0x99, 0x67, 0x9a, 0xce, 0xff, 0xff, 0xff, 0xff, 0xff, 0xff, 0xff, 0xff, 0xff,
    0xff, 0xff, 0xff, 0xff, 0xff, 0xff, 0xff, 0xff, 0xff, 0xff, 0xff, 0xff, 0xff, 0xff, 0xff, 0xff,
    0xff, 0xff, 0xff, 0xff, 0xff, 0xff, 0xff, 0xff, 0xff, 0xff, 0xff, 0xff, 0xff, 0xff, 0xff, 0xff,
    0xff, 0xff, 0xff, 0xff, 0xff, 0xff, 0xff, 0xff, 0xff, 0xff, 0xff, 0xff, 0xff, 0xff, 0xff, 0xff,
    0xff, 0xff, 0xff, 0xff, 0xff, 0xff, 0xff, 0xff, 0xff, 0xff, 0xff, 0xff, 0xff, 0xff, 0xff, 0xff,
    0xff, 0xff, 0xff, 0xff, 0xff, 0xff, 0xff, 0xff, 0xff, 0xff, 0xfe, 0xff, 0xff, 0xfe, 0xee, 0xee,
    0xef, 0xec, 0xb9, 0x99, 0x76, 0x89, 0x67, 0x99, 0x97, 0x68, 0x97, 0x69, 0x99, 0x86, 0x89, 0x76,
    0x89, 0x98, 0x66, 0x68, 0x97, 0x69, 0x96, 0x79, 0x99, 0x99, 0x76, 0x99, 0x67, 0x99, 0x9d, 0xff,
    0xff, 0xff, 0xff, 0xff, 0xff, 0xff, 0xff, 0xff, 0xff, 0xff, 0xff, 0xff, 0xff, 0xff, 0xff, 0xff,
    0xff, 0xff, 0xff, 0xff, 0xff, 0xff, 0xff, 0xff, 0xff, 0xff, 0xff, 0xff, 0xff, 0xff, 0xff, 0xff,
    0xff, 0xff, 0xff, 0xff, 0xff, 0xff, 0xff, 0xff, 0xff, 0xff, 0xff, 0xff, 0xff, 0xff, 0xff, 0xff,
    0xff, 0xff, 0xff, 0xff, 0xff, 0xff, 0xff, 0xff, 0xff, 0xff, 0xff, 0xff, 0xff, 0xff, 0xff, 0xff,
    0xff, 0xff, 0xff, 0xff, 0xff, 0xff, 0xff, 0xff, 0xff, 0xff, 0xff, 0xff, 0xff, 0xff, 0xff, 0xff,
    0xff, 0xff, 0xfe, 0xff, 0xff, 0xee, 0xee, 0xee, 0xee, 0xeb, 0xa9, 0x99, 0x76, 0x89, 0x67, 0x99,
    0x88, 0x78, 0x97, 0x69, 0x98, 0x87, 0x89, 0x76, 0x89, 0x88, 0x77, 0x78, 0x97, 0x69, 0x96, 0x79,
    0x99, 0x88, 0x76, 0x88, 0x77, 0x88, 0x9c, 0xff, 0xff, 0xff, 0xff, 0xff, 0xff, 0xff, 0xff, 0xff,
    0xff, 0xff, 0xff, 0xff, 0xff, 0xff, 0xff, 0xff, 0xff, 0xff, 0xff, 0xff, 0xff, 0xff, 0xff, 0xff,
    0xff, 0xff, 0xff, 0xff, 0xff, 0xff, 0xff, 0xff, 0xff, 0xff, 0xff, 0xff, 0xff, 0xff, 0xff, 0xff,
    0xff, 0xff, 0xff, 0xff, 0xff, 0xff, 0xff, 0xff, 0xff, 0xff, 0xff, 0xff, 0xff, 0xff, 0xff, 0xff,
    0xff, 0xff, 0xff, 0xff, 0xff, 0xff, 0xff, 0xff, 0xff, 0xff, 0xff, 0xff, 0xff, 0xff, 0xff, 0xff,
    0xff, 0xff, 0xff, 0xff, 0xff, 0xff, 0xff, 0xff, 0xff, 0xff, 0xff, 0xff, 0xfe, 0xee, 0xee, 0xff,
    0xfc, 0xb9, 0x99, 0x99, 0x76, 0x89, 0x67, 0x98, 0x68, 0x99, 0x97, 0x69, 0x86, 0x79, 0x99, 0x76,
    0x89, 0x67, 0x99, 0x99, 0x97, 0x69, 0x96, 0x66, 0x78, 0x76, 0x66, 0x66, 0x98, 0x67, 0x8a, 0xcf,
    0xff, 0xff, 0xff, 0xff, 0xff, 0xff, 0xff, 0xff, 0xff, 0xff, 0xff, 0xff, 0xff, 0xff, 0xff, 0xff,
    0xff, 0xff, 0xff, 0xff, 0xff, 0xff, 0xff, 0xff, 0xff, 0xff, 0xff, 0xff, 0xff, 0xff, 0xff, 0xff,
    0xff, 0xff, 0xff, 0xff, 0xff, 0xff, 0xff, 0xff, 0xff, 0xff, 0xff, 0xff, 0xff, 0xff, 0xff, 0xff,
    0xff, 0xff, 0xff, 0xff, 0xff, 0xff, 0xff, 0xff, 0xff, 0xff, 0xff, 0xff, 0xff, 0xff, 0xff, 0xff,
    0xff, 0xff, 0xff, 0xff, 0xff, 0xff, 0xff, 0xff, 0xff, 0xff, 0xff, 0xff, 0xff, 0xff, 0xff, 0xff,
    0xff, 0xee, 0xee, 0xff, 0xfe, 0xee, 0xee, 0xee, 0xeb, 0xb9, 0x88, 0x89, 0x87, 0x88, 0x78, 0x98,
    0x68, 0x98, 0x87, 0x78, 0x87, 0x88, 0x89, 0x87, 0x88, 0x77, 0x88, 0x98, 0x87, 0x68, 0x86, 0x77,
    0x77, 0x77, 0x76, 0x77, 0x88, 0x78, 0x8a, 0xbe, 0xff, 0xff, 0xff, 0xff, 0xff, 0xff, 0xff, 0xff,
    0xff, 0xff, 0xff, 0xff, 0xff, 0xff, 0xff, 0xff, 0xff, 0xff, 0xff, 0xff, 0xff, 0xff, 0xff, 0xff,
    0xff, 0xff, 0xff, 0xff, 0xff, 0xff, 0xff, 0xff, 0xff, 0xff, 0xff, 0xff, 0xff, 0xff, 0xff, 0xff,
    0xff, 0xff, 0xff, 0xff, 0xff, 0xff, 0xff, 0xff, 0xff, 0xff, 0xff, 0xff, 0xff, 0xff, 0xff, 0xff,
    0xff, 0xff, 0xff, 0xff, 0xff, 0xff, 0xff, 0xff, 0xff, 0xff, 0xff, 0xff, 0xff, 0xff, 0xff, 0xff,
    0xff, 0xff, 0xff, 0xff, 0xff, 0xff, 0xff, 0xff, 0xff, 0xee, 0xee, 0xff, 0xfe, 0xee, 0xfe, 0xed,
    0xc9, 0x99, 0x86, 0x89, 0x99, 0x76, 0x99, 0x98, 0x68, 0x97, 0x68, 0x98, 0x89, 0x86, 0x89, 0x99,
    0x76, 0x98, 0x67, 0x97, 0x66, 0x66, 0x66, 0x79, 0x86, 0x89, 0x76, 0x99, 0x67, 0x98, 0x89, 0x9e,
    0xff, 0xff, 0xff, 0xff, 0xff, 0xff, 0xff, 0xff, 0xff, 0xff, 0xff, 0xff, 0xff, 0xff, 0xff, 0xff,
    0xff, 0xff, 0xff, 0xff, 0xff, 0xff, 0xff, 0xff, 0xff, 0xff, 0xff, 0xff, 0xff, 0xff, 0xff, 0xff,
    0xff, 0xff, 0xff, 0xff, 0xff, 0xff, 0xff, 0xff, 0xff, 0xff, 0xff, 0xff, 0xff, 0xff, 0xff, 0xff,
    0xff, 0xff, 0xff, 0xff, 0xff, 0xff, 0xff, 0xff, 0xff, 0xff, 0xff, 0xff, 0xff, 0xff, 0xff, 0xff,
    0xff, 0xff, 0xff, 0xff, 0xff, 0xff, 0xff, 0xff, 0xff, 0xff, 0xff, 0xff, 0xff, 0xff, 0xff, 0xff,
    0xee, 0xee, 0xee, 0xee, 0xee, 0xee, 0xeb, 0xaa, 0xa9, 0x99, 0x86, 0x89, 0x87, 0x88, 0x78, 0x98,
    0x68, 0x98, 0x87, 0x78, 0x87, 0x78, 0x87, 0x89, 0x76, 0x99, 0x88, 0x77, 0x67, 0x86, 0x68, 0x87,
    0x76, 0x77, 0x76, 0x77, 0x88, 0x78, 0x89, 0x9e, 0xff, 0xff, 0xff, 0xff, 0xff, 0xff, 0xff, 0xff,
    0xff, 0xff, 0xff, 0xff, 0xff, 0xff, 0xff, 0xff, 0xff, 0xff, 0xff, 0xff, 0xff, 0xff, 0xff, 0xff,
    0xff, 0xff, 0xff, 0xff, 0xff, 0xff, 0xff, 0xff, 0xff, 0xff, 0xff, 0xff, 0xff, 0xff, 0xff, 0xff,
    0xff, 0xff, 0xff, 0xff, 0xff, 0xff, 0xff, 0xff, 0xff, 0xff, 0xff, 0xff, 0xff, 0xff, 0xff, 0xff,
    0xff, 0xff, 0xff, 0xff, 0xff, 0xff, 0xff, 0xff, 0xff, 0xff, 0xff, 0xff, 0xff, 0xff, 0xff, 0xff,
    0xff, 0xff, 0xff, 0xff, 0xff, 0xff, 0xfe, 0xff, 0xee, 0xee, 0xee, 0xee, 0xee, 0xee, 0xea, 0x89,
    0x99, 0x99, 0x86, 0x89, 0x76, 0x89, 0x67, 0x98, 0x68, 0x99, 0x97, 0x69, 0x86, 0x79, 0x76, 0x89,
    0x76, 0x99, 0x98, 0x66, 0x68, 0x97, 0x69, 0x86, 0x66, 0x66, 0x66, 0x66, 0x98, 0x67, 0x99, 0x9e,
    0xff, 0xff, 0xff, 0xff, 0xff, 0xff, 0xff, 0xff, 0xff, 0xff, 0xff, 0xff, 0xff, 0xff, 0xff, 0xff,
    0xff, 0xff, 0xff, 0xff, 0xff, 0xff, 0xff, 0xff, 0xff, 0xff, 0xff, 0xff, 0xff, 0xff, 0xff, 0xff,
    0xff, 0xff, 0xff, 0xff, 0xff, 0xff, 0xff, 0xff, 0xff, 0xff, 0xff, 0xff, 0xff, 0xff, 0xff, 0xff,
    0xff, 0xff, 0xff, 0xff, 0xff, 0xff, 0xff, 0xff, 0xff, 0xff, 0xff, 0xff, 0xff, 0xff, 0xff, 0xff,
    0xff, 0xff, 0xff, 0xff, 0xff, 0xff, 0xff, 0xff, 0xff, 0xff, 0xff, 0xff, 0xff, 0xff, 0xfe, 0xee,
    0xee, 0xee, 0xee, 0xee, 0xee, 0xfc, 0xa9, 0x99, 0x97, 0x79, 0x86, 0x89, 0x88, 0x77, 0x88, 0x98,
    0x68, 0x97, 0x78, 0x87, 0x78, 0x89, 0x88, 0x77, 0x88, 0x77, 0x98, 0x66, 0x67, 0x76, 0x67, 0x78,
    0x76, 0x78, 0x76, 0x88, 0x77, 0x88, 0x78, 0x9e, 0xff, 0xff, 0xff, 0xff, 0xff, 0xff, 0xff, 0xff,
    0xff, 0xff, 0xff, 0xff, 0xff, 0xff, 0xff, 0xff, 0xff, 0xff, 0xff, 0xff, 0xff, 0xff, 0xff, 0xff,
    0xff, 0xff, 0xff, 0xff, 0xff, 0xff, 0xff, 0xff, 0xff, 0xff, 0xff, 0xff, 0xff, 0xff, 0xff, 0xff,
    0xff, 0xff, 0xff, 0xff, 0xff, 0xff, 0xff, 0xff, 0xff, 0xff, 0xff, 0xff, 0xff, 0xff, 0xff, 0xff,
    0xff, 0xff, 0xff, 0xff, 0xff, 0xff, 0xff, 0xff, 0xff, 0xff, 0xff, 0xff, 0xff, 0xff, 0xff, 0xff,
    0xff, 0xff, 0xff, 0xff, 0xff, 0xff, 0xee, 0xee, 0xee, 0xef, 0xee, 0xee, 0xee, 0xfc, 0x99, 0x99,
    0x96, 0x79, 0x86, 0x89, 0x99, 0x76, 0x99, 0x98, 0x68, 0x97, 0x68, 0x96, 0x79, 0x99, 0x99, 0x76,
    0x89, 0x67, 0x98, 0x66, 0x66, 0x66, 0x66, 0x79, 0x86, 0x89, 0x76, 0x99, 0x67, 0x98, 0x68, 0x9e,
    0xff, 0xff, 0xff, 0xff, 0xff, 0xff, 0xff, 0xff, 0xff, 0xff, 0xff, 0xff, 0xff, 0xff, 0xff, 0xff,
    0xff, 0xff, 0xff, 0xff, 0xff, 0xff, 0xff, 0xff, 0xff, 0xff, 0xff, 0xff, 0xff, 0xff, 0xff, 0xff,
    0xff, 0xff, 0xff, 0xff, 0xff, 0xff, 0xff, 0xff, 0xff, 0xff, 0xff, 0xff, 0xff, 0xff, 0xff, 0xff,
    0xff, 0xff, 0xff, 0xff, 0xff, 0xff, 0xff, 0xff, 0xff, 0xff, 0xff, 0xff, 0xff, 0xff, 0xff, 0xff,
    0xff, 0xff, 0xff, 0xff, 0xff, 0xff, 0xff, 0xff, 0xff, 0xff, 0xff, 0xff, 0xef, 0xfe, 0xee, 0xee,
    0xee, 0xee, 0xee, 0xcc, 0xee, 0xed, 0xd9, 0x78, 0x99, 0x86, 0x79, 0x99, 0x76, 0x89, 0x98, 0x67,
    0x97, 0x68, 0x97, 0x79, 0x99, 0x86, 0x66, 0x66, 0x89, 0x66, 0x66, 0x68, 0x97, 0x68, 0x96, 0x66,
    0x66, 0x89, 0x76, 0x67, 0x98, 0x66, 0x68, 0x9c, 0xdf, 0xff, 0xff, 0xff, 0xff, 0xff, 0xff, 0xff,
    0xff, 0xff, 0xff, 0xff, 0xff, 0xff, 0xff, 0xff, 0xff, 0xff, 0xff, 0xff, 0xff, 0xff, 0xff, 0xff,
    0xff, 0xff, 0xff, 0xff, 0xff, 0xff, 0xff, 0xff, 0xff, 0xff, 0xff, 0xff, 0xff, 0xff, 0xff, 0xff,
    0xff, 0xff, 0xff, 0xff, 0xff, 0xff, 0xff, 0xff, 0xff, 0xff, 0xff, 0xff, 0xff, 0xff, 0xff, 0xff,
    0xff, 0xff, 0xff, 0xff, 0xff, 0xff, 0xff, 0xff, 0xff, 0xff, 0xff, 0xff, 0xff, 0xff, 0xff, 0xff,
    0xff, 0xff, 0xff, 0xff, 0xee, 0xee, 0xee, 0xee, 0xee, 0xee, 0xee, 0xcd, 0xee, 0xee, 0xe9, 0x78,
    0x99, 0x87, 0x79, 0x99, 0x76, 0x89, 0x98, 0x77, 0x97, 0x68, 0x97, 0x79, 0x99, 0x86, 0x67, 0x66,
    0x88, 0x66, 0x76, 0x68, 0x97, 0x68, 0x87, 0x76, 0x67, 0x89, 0x77, 0x66, 0x98, 0x76, 0x68, 0x9b,
    0xcf, 0xff, 0xff, 0xff, 0xff, 0xff, 0xff, 0xff, 0xff, 0xff, 0xff, 0xff, 0xff, 0xff, 0xff, 0xff,
    0xff, 0xff, 0xff, 0xff, 0xff, 0xff, 0xff, 0xff, 0xff, 0xff, 0xff, 0xff, 0xff, 0xff, 0xff, 0xff,
    0xff, 0xff, 0xff, 0xff, 0xff, 0xff, 0xff, 0xff, 0xff, 0xff, 0xff, 0xff, 0xff, 0xff, 0xff, 0xff,
    0xff, 0xff, 0xff, 0xff, 0xff, 0xff, 0xff, 0xff, 0xff, 0xff, 0xff, 0xff, 0xff, 0xff, 0xff, 0xff,
    0xff, 0xff, 0xff, 0xff, 0xff, 0xff, 0xff, 0xff, 0xff, 0xff, 0xff, 0xff, 0xfe, 0xee, 0xef, 0xee,
    0xee, 0xee, 0xee, 0xed, 0xcd, 0xfe, 0xea, 0x89, 0x96, 0x79, 0x86, 0x89, 0x76, 0x89, 0x67, 0x99,
    0x97, 0x68, 0x99, 0x96, 0x79, 0x86, 0x89, 0x76, 0x66, 0x67, 0x98, 0x66, 0x66, 0x66, 0x69, 0x86,
    0x79, 0x76, 0x89, 0x76, 0x67, 0x98, 0x68, 0x97, 0x6e, 0xff, 0xff, 0xff, 0xff, 0xff, 0xff, 0xff,
    0xff, 0xff, 0xff, 0xff, 0xff, 0xff, 0xff, 0xff, 0xff, 0xff, 0xff, 0xff, 0xff, 0xff, 0xff, 0xff,
    0xff, 0xff, 0xff, 0xff, 0xff, 0xff, 0xff, 0xff, 0xff, 0xff, 0xff, 0xff, 0xff, 0xff, 0xff, 0xff,
    0xff, 0xff, 0xff, 0xff, 0xff, 0xff, 0xff, 0xff, 0xff, 0xff, 0xff, 0xff, 0xff, 0xff, 0xff, 0xff,
    0xff, 0xff, 0xff, 0xff, 0xff, 0xff, 0xff, 0xff, 0xff, 0xff, 0xff, 0xff, 0xff, 0xff, 0xff, 0xff,
    0xff, 0xff, 0xff, 0xee, 0xee, 0xee, 0xee, 0xee, 0xee, 0xee, 0xee, 0xee, 0xdd, 0xed, 0xc9, 0x89,
    0x97, 0x79, 0x86, 0x89, 0x77, 0x88, 0x77, 0x99, 0x88, 0x78, 0x98, 0x87, 0x78, 0x76, 0x78, 0x76,
    0x66, 0x77, 0x87, 0x67, 0x77, 0x67, 0x78, 0x86, 0x78, 0x77, 0x88, 0x66, 0x77, 0x88, 0x78, 0x87,
    0x7d, 0xdf, 0xff, 0xff, 0xff, 0xff, 0xff, 0xff, 0xff, 0xff, 0xff, 0xff, 0xff, 0xff, 0xff, 0xff,
    0xff, 0xff, 0xff, 0xff, 0xff, 0xff, 0xff, 0xff, 0xff, 0xff, 0xff, 0xff, 0xff, 0xff, 0xff, 0xff,
    0xff, 0xff, 0xff, 0xff, 0xff, 0xff, 0xff, 0xff, 0xff, 0xff, 0xff, 0xff, 0xff, 0xff, 0xff, 0xff,
    0xff, 0xff, 0xff, 0xff, 0xff, 0xff, 0xff, 0xff, 0xff, 0xff, 0xff, 0xff, 0xff, 0xff, 0xff, 0xff,
    0xff, 0xff, 0xff, 0xff, 0xff, 0xff, 0xff, 0xff, 0xff, 0xff, 0xfe, 0xee, 0xee, 0xee, 0xee, 0xee,
    0xee, 0xee, 0xee, 0xfe, 0xed, 0xcb, 0x99, 0x99, 0x98, 0x89, 0x86, 0x89, 0x88, 0x77, 0x99, 0x98,
    0x68, 0x99, 0x97, 0x69, 0x86, 0x66, 0x66, 0x66, 0x66, 0x98, 0x66, 0x68, 0x97, 0x69, 0x96, 0x66,
    0x66, 0x89, 0x76, 0x66, 0x98, 0x67, 0x97, 0x68, 0x99, 0xaf, 0xff, 0xff, 0xff, 0xff, 0xff, 0xff,
    0xff, 0xff, 0xff, 0xff, 0xff, 0xff, 0xff, 0xff, 0xff, 0xff, 0xff, 0xff, 0xff, 0xff, 0xff, 0xff,
    0xff, 0xff, 0xff, 0xff, 0xff, 0xff, 0xff, 0xff, 0xff, 0xff, 0xff, 0xff, 0xff, 0xff, 0xff, 0xff,
    0xff, 0xff, 0xff, 0xff, 0xff, 0xff, 0xff, 0xff, 0xff, 0xff, 0xff, 0xff, 0xff, 0xff, 0xff, 0xff,
    0xff, 0xff, 0xff, 0xff, 0xff, 0xff, 0xff, 0xff, 0xff, 0xff, 0xff, 0xff, 0xff, 0xff, 0xff, 0xff,
    0xff, 0xff, 0xfe, 0xee, 0xee, 0xee, 0xee, 0xdd, 0xee, 0xee, 0xcc, 0xee, 0xed, 0xaa, 0x99, 0x88,
    0x88, 0x88, 0x87, 0x89, 0x87, 0x77, 0x99, 0x88, 0x78, 0x88, 0x98, 0x78, 0x76, 0x77, 0x76, 0x77,
    0x66, 0x87, 0x67, 0x78, 0x87, 0x67, 0x87, 0x76, 0x77, 0x88, 0x77, 0x66, 0x98, 0x67, 0x87, 0x68,
    0x99, 0x9f, 0xff, 0xff, 0xff, 0xff, 0xff, 0xff, 0xff, 0xff, 0xff, 0xff, 0xff, 0xff, 0xff, 0xff,
    0xff, 0xff, 0xff, 0xff, 0xff, 0xff, 0xff, 0xff, 0xff, 0xff, 0xff, 0xff, 0xff, 0xff, 0xff, 0xff,
    0xff, 0xff, 0xff, 0xff, 0xff, 0xff, 0xff, 0xff, 0xff, 0xff, 0xff, 0xff, 0xff, 0xff, 0xff, 0xff,
    0xff, 0xff, 0xff, 0xff, 0xff, 0xff, 0xff, 0xff, 0xff, 0xff, 0xff, 0xff, 0xff, 0xff, 0xff, 0xff,
    0xff, 0xff, 0xff, 0xff, 0xff, 0xff, 0xff, 0xff, 0xff, 0xff, 0xfe, 0xee, 0xee, 0xfe, 0xee, 0xdc,
    0xdf, 0xee, 0xaa, 0xcd, 0xfc, 0x88, 0x98, 0x87, 0x69, 0x86, 0x79, 0x99, 0x76, 0x88, 0x98, 0x67,
    0x97, 0x68, 0x99, 0x96, 0x66, 0x79, 0x76, 0x89, 0x76, 0x66, 0x67, 0x97, 0x66, 0x66, 0x69, 0x86,
    0x79, 0x76, 0x89, 0x76, 0x98, 0x66, 0x66, 0x68, 0x98, 0x8f, 0xff, 0xff, 0xff, 0xff, 0xff, 0xff,
    0xff, 0xff, 0xff, 0xff, 0xff, 0xff, 0xff, 0xff, 0xff, 0xff, 0xff, 0xff, 0xff, 0xff, 0xff, 0xff,
    0xff, 0xff, 0xff, 0xff, 0xff, 0xff, 0xff, 0xff, 0xff, 0xff, 0xff, 0xff, 0xff, 0xff, 0xff, 0xff,
    0xff, 0xff, 0xff, 0xff, 0xff, 0xff, 0xff, 0xff, 0xff, 0xff, 0xff, 0xff, 0xff, 0xff, 0xff, 0xff,
    0xff, 0xff, 0xff, 0xff, 0xff, 0xff, 0xff, 0xff, 0xff, 0xff, 0xff, 0xff, 0xff, 0xff, 0xff, 0xff,
    0xff, 0xff, 0xfe, 0xee, 0xee, 0xee, 0xee, 0xed, 0xdd, 0xba, 0x99, 0xaa, 0xcb, 0x99, 0x98, 0x88,
    0x89, 0x86, 0x79, 0x87, 0x88, 0x88, 0x77, 0x88, 0x97, 0x68, 0x97, 0x76, 0x66, 0x77, 0x76, 0x77,
    0x66, 0x88, 0x67, 0x78, 0x87, 0x68, 0x87, 0x78, 0x87, 0x76, 0x89, 0x76, 0x77, 0x87, 0x67, 0x87,
    0x77, 0x7d, 0xef, 0xff, 0xff, 0xff, 0xff, 0xff, 0xff, 0xff, 0xff, 0xff, 0xff, 0xff, 0xff, 0xff,
    0xff, 0xff, 0xff, 0xff, 0xff, 0xff, 0xff, 0xff, 0xff, 0xff, 0xff, 0xff, 0xff, 0xff, 0xff, 0xff,
    0xff, 0xff, 0xff, 0xff, 0xff, 0xff, 0xff, 0xff, 0xff, 0xff, 0xff, 0xff, 0xff, 0xff, 0xff, 0xff,
    0xff, 0xff, 0xff, 0xff, 0xff, 0xff, 0xff, 0xff, 0xff, 0xff, 0xff, 0xff, 0xff, 0xff, 0xff, 0xff,
    0xff, 0xff, 0xff, 0xff, 0xff, 0xff, 0xff, 0xff, 0xff, 0xff, 0xff, 0xfe, 0xee, 0xee, 0xee, 0xee,
    0xdc, 0x98, 0x99, 0x99, 0xaa, 0x99, 0x98, 0x89, 0x99, 0x86, 0x79, 0x76, 0x89, 0x99, 0x67, 0x99,
    0x97, 0x68, 0x97, 0x66, 0x66, 0x66, 0x66, 0x66, 0x66, 0x98, 0x66, 0x68, 0x97, 0x69, 0x96, 0x79,
    0x86, 0x66, 0x89, 0x76, 0x67, 0x98, 0x68, 0x97, 0x66, 0x7c, 0xdf, 0xff, 0xff, 0xff, 0xff, 0xff,
    0xff, 0xff, 0xff, 0xff, 0xff, 0xff, 0xff, 0xff, 0xff, 0xff, 0xff, 0xff, 0xff, 0xff, 0xff, 0xff,
    0xff, 0xff, 0xff, 0xff, 0xff, 0xff, 0xff, 0xff, 0xff, 0xff, 0xff, 0xff, 0xff, 0xff, 0xff, 0xff,
    0xff, 0xff, 0xff, 0xff, 0xff, 0xff, 0xff, 0xff, 0xff, 0xff, 0xff, 0xff, 0xff, 0xff, 0xff, 0xff,
    0xff, 0xff, 0xff, 0xff, 0xff, 0xff, 0xff, 0xff, 0xff, 0xff, 0xff, 0xff, 0xff, 0xff, 0xff, 0xff,
    0xff, 0xff, 0xef, 0xfe, 0xee, 0xee, 0xee, 0xee, 0xca, 0x99, 0x77, 0x88, 0x99, 0x98, 0x78, 0x99,
    0x97, 0x78, 0x89, 0x76, 0x89, 0x77, 0x88, 0x98, 0x77, 0x67, 0x76, 0x68, 0x86, 0x78, 0x76, 0x88,
    0x76, 0x77, 0x67, 0x87, 0x76, 0x69, 0x96, 0x67, 0x78, 0x76, 0x77, 0x88, 0x67, 0x98, 0x68, 0x97,
    0x68, 0x8a, 0xbf, 0xff, 0xff, 0xff, 0xff, 0xff, 0xff, 0xff, 0xff, 0xff, 0xff, 0xff, 0xff, 0xff,
    0xff, 0xff, 0xff, 0xff, 0xff, 0xff, 0xff, 0xff, 0xff, 0xff, 0xff, 0xff, 0xff, 0xff, 0xff, 0xff,
    0xff, 0xff, 0xff, 0xff, 0xff, 0xff, 0xff, 0xff, 0xff, 0xff, 0xff, 0xff, 0xff, 0xff, 0xff, 0xff,
    0xff, 0xff, 0xff, 0xff, 0xff, 0xff, 0xff, 0xff, 0xff, 0xff, 0xff, 0xff, 0xff, 0xff, 0xff, 0xff,
    0xff, 0xff, 0xff, 0xff, 0xff, 0xff, 0xff, 0xff, 0xff, 0xff, 0xef, 0xfe, 0xee, 0xee, 0xee, 0xee,
    0xc9, 0x99, 0x76, 0x88, 0x99, 0x97, 0x68, 0x99, 0x96, 0x79, 0x99, 0x76, 0x89, 0x76, 0x99, 0x98,
    0x66, 0x66, 0x66, 0x69, 0x86, 0x79, 0x76, 0x89, 0x76, 0x66, 0x67, 0x97, 0x66, 0x69, 0x96, 0x66,
    0x79, 0x76, 0x66, 0x99, 0x67, 0x98, 0x68, 0x97, 0x69, 0x99, 0xbf, 0xff, 0xff, 0xff, 0xff, 0xff,
    0xff, 0xff, 0xff, 0xff, 0xff, 0xff, 0xff, 0xff, 0xff, 0xff, 0xff, 0xff, 0xff, 0xff, 0xff, 0xff,
    0xff, 0xff, 0xff, 0xff, 0xff, 0xff, 0xff, 0xff, 0xff, 0xff, 0xff, 0xff, 0xff, 0xff, 0xff, 0xff,
    0xff, 0xff, 0xff, 0xff, 0xff, 0xff, 0xff, 0xff, 0xff, 0xff, 0xff, 0xff, 0xff, 0xff, 0xff, 0xff,
    0xff, 0xff, 0xff, 0xff, 0xff, 0xff, 0xff, 0xff, 0xff, 0xff, 0xff, 0xff, 0xff, 0xff, 0xff, 0xff,
    0xff, 0xff, 0xfe, 0xee, 0xed, 0xde, 0xdc, 0xde, 0xed, 0xa8, 0x99, 0x66, 0x67, 0x97, 0x68, 0x98,
    0x86, 0x79, 0x86, 0x89, 0x99, 0x76, 0x99, 0x98, 0x66, 0x68, 0x97, 0x66, 0x66, 0x66, 0x66, 0x66,
    0x66, 0x98, 0x66, 0x68, 0x97, 0x66, 0x69, 0x88, 0x76, 0x89, 0x76, 0x99, 0x66, 0x67, 0x97, 0x66,
    0x69, 0x96, 0x8f, 0xff, 0xff, 0xff, 0xff, 0xff, 0xff, 0xff, 0xff, 0xff, 0xff, 0xff, 0xff, 0xff,
    0xff, 0xff, 0xff, 0xff, 0xff, 0xff, 0xff, 0xff, 0xff, 0xff, 0xff, 0xff, 0xff, 0xff, 0xff, 0xff,
    0xff, 0xff, 0xff, 0xff, 0xff, 0xff, 0xff, 0xff, 0xff, 0xff, 0xff, 0xff, 0xff, 0xff, 0xff, 0xff,
    0xff, 0xff, 0xff, 0xff, 0xff, 0xff, 0xff, 0xff, 0xff, 0xff, 0xff, 0xff, 0xff, 0xff, 0xff, 0xff,
    0xff, 0xff, 0xff, 0xff, 0xff, 0xff, 0xff, 0xff, 0xff, 0xff, 0xfe, 0xee, 0xed, 0xde, 0xdc, 0xde,
    0xee, 0xa8, 0x99, 0x77, 0x77, 0x87, 0x68, 0x98, 0x87, 0x78, 0x86, 0x89, 0x98, 0x77, 0x88, 0x88,
    0x66, 0x78, 0x87, 0x67, 0x76, 0x67, 0x66, 0x77, 0x66, 0x88, 0x77, 0x67, 0x87, 0x76, 0x68, 0x88,
    0x76, 0x78, 0x77, 0x88, 0x66, 0x77, 0x87, 0x67, 0x78, 0x87, 0x8e, 0xff, 0xff, 0xff, 0xff, 0xff,
    0xff, 0xff, 0xff, 0xff, 0xff, 0xff, 0xff, 0xff, 0xff, 0xff, 0xff, 0xff, 0xff, 0xff, 0xff, 0xff,
    0xff, 0xff, 0xff, 0xff, 0xff, 0xff, 0xff, 0xff, 0xff, 0xff, 0xff, 0xff, 0xff, 0xff, 0xff, 0xff,
    0xff, 0xff, 0xff, 0xff, 0xff, 0xff, 0xff, 0xff, 0xff, 0xff, 0xff, 0xff, 0xff, 0xff, 0xff, 0xff,
    0xff, 0xff, 0xff, 0xff, 0xff, 0xff, 0xff, 0xff, 0xff, 0xff, 0xff, 0xff, 0xff, 0xff, 0xff, 0xff,
    0xff, 0xff, 0xfe, 0xee, 0xee, 0xec, 0xce, 0xee, 0xef, 0xdc, 0x99, 0x88, 0x98, 0x66, 0x68, 0x97,
    0x69, 0x86, 0x66, 0x89, 0x76, 0x89, 0x66, 0x66, 0x68, 0x97, 0x66, 0x69, 0x86, 0x79, 0x76, 0x89,
    0x76, 0x67, 0x98, 0x66, 0x68, 0x97, 0x66, 0x79, 0x86, 0x66, 0x89, 0x76, 0x67, 0x98, 0x66, 0x68,
    0x97, 0x69, 0x99, 0xcf, 0xff, 0xff, 0xff, 0xff, 0xff, 0xff, 0xff, 0xff, 0xff, 0xff, 0xff, 0xff,
    0xff, 0xff, 0xff, 0xff, 0xff, 0xff, 0xff, 0xff, 0xff, 0xff, 0xff, 0xff, 0xff, 0xff, 0xff, 0xff,
    0xff, 0xff, 0xff, 0xff, 0xff, 0xff, 0xff, 0xff, 0xff, 0xff, 0xff, 0xff, 0xff, 0xff, 0xff, 0xff,
    0xff, 0xff, 0xff, 0xff, 0xff, 0xff, 0xff, 0xff, 0xff, 0xff, 0xff, 0xff, 0xff, 0xff, 0xff, 0xff,
    0xff, 0xff, 0xff, 0xff, 0xff, 0xff, 0xff, 0xff, 0xff, 0xff, 0xfe, 0xee, 0xee, 0xec, 0xce, 0xdc,
    0xcd, 0xcb, 0x98, 0x88, 0x88, 0x77, 0x67, 0x87, 0x69, 0x86, 0x66, 0x78, 0x76, 0x89, 0x77, 0x66,
    0x67, 0x87, 0x76, 0x68, 0x86, 0x78, 0x76, 0x88, 0x77, 0x67, 0x88, 0x77, 0x68, 0x97, 0x67, 0x78,
    0x76, 0x77, 0x88, 0x66, 0x77, 0x87, 0x67, 0x78, 0x86, 0x69, 0x98, 0xbf, 0xff, 0xff, 0xff, 0xff,
    0xff, 0xff, 0xff, 0xff, 0xff, 0xff, 0xff, 0xff, 0xff, 0xff, 0xff, 0xff, 0xff, 0xff, 0xff, 0xff,
    0xff, 0xff, 0xff, 0xff, 0xff, 0xff, 0xff, 0xff, 0xff, 0xff, 0xff, 0xff, 0xff, 0xff, 0xff, 0xff,
    0xff, 0xff, 0xff, 0xff, 0xff, 0xff, 0xff, 0xff, 0xff, 0xff, 0xff, 0xff, 0xff, 0xff, 0xff, 0xff,
    0xff, 0xff, 0xff, 0xff, 0xff, 0xff, 0xff, 0xff, 0xff, 0xff, 0xff, 0xff, 0xff, 0xff, 0xff, 0xff,
    0xff, 0xff, 0xff, 0xee, 0xee, 0xec, 0xce, 0xca, 0x87, 0x99, 0x76, 0x98, 0x67, 0x97, 0x66, 0x66,
    0x69, 0x86, 0x66, 0x66, 0x66, 0x89, 0x98, 0x66, 0x66, 0x68, 0x97, 0x66, 0x66, 0x66, 0x66, 0x66,
    0x89, 0x66, 0x67, 0x97, 0x68, 0x97, 0x69, 0x86, 0x66, 0x89, 0x76, 0x66, 0x98, 0x66, 0x68, 0x97,
    0x66, 0x69, 0x86, 0xaf, 0xff, 0xff, 0xff, 0xff, 0xff, 0xff, 0xff, 0xff, 0xff, 0xff, 0xff, 0xff,
    0xff, 0xff, 0xff, 0xff, 0xff, 0xff, 0xff, 0xff, 0xff, 0xff, 0xff, 0xff, 0xff, 0xff, 0xff, 0xff,
    0xff, 0xff, 0xff, 0xff, 0xff, 0xff, 0xff, 0xff, 0xff, 0xee, 0xef, 0xff, 0xff, 0xff, 0xff, 0xff,
    0xff, 0xff, 0xff, 0xff, 0xff, 0xff, 0xff, 0xff, 0xff, 0xff, 0xff, 0xff, 0xff, 0xff, 0xff, 0xff,
    0xff, 0xff, 0xff, 0xff, 0xff, 0xff, 0xff, 0xff, 0xff, 0xff, 0xff, 0xfe, 0xed, 0xdd, 0xde, 0xda,
    0x98, 0x88, 0x77, 0x87, 0x67, 0x97, 0x66, 0x67, 0x88, 0x76, 0x78, 0x76, 0x66, 0x78, 0x87, 0x66,
    0x66, 0x67, 0x86, 0x68, 0x76, 0x78, 0x76, 0x66, 0x78, 0x87, 0x67, 0x97, 0x67, 0x88, 0x88, 0x88,
    0x76, 0x89, 0x76, 0x78, 0x88, 0x87, 0x68, 0x97, 0x67, 0x88, 0x76, 0x9e, 0xff, 0xff, 0xff, 0xff,
    0xff, 0xff, 0xff, 0xff, 0xff, 0xff, 0xff, 0xff, 0xff, 0xff, 0xff, 0xff, 0xff, 0xff, 0xff, 0xff,
    0xff, 0xff, 0xff, 0xff, 0xff, 0xff, 0xff, 0xff, 0xff, 0xff, 0xff, 0xff, 0xff, 0xff, 0xff, 0xff,
    0xee, 0xee, 0xee, 0xee, 0xef, 0xfe, 0xee, 0xef, 0xff, 0xff, 0xff, 0xff, 0xff, 0xff, 0xff, 0xff,
    0xff, 0xff, 0xff, 0xff, 0xff, 0xff, 0xff, 0xff, 0xff, 0xff, 0xff, 0xff, 0xff, 0xff, 0xff, 0xff,
    0xff, 0xff, 0xff, 0xfe, 0xec, 0xce, 0xee, 0xd9, 0x99, 0x76, 0x88, 0x66, 0x67, 0x97, 0x66, 0x68,
    0x96, 0x66, 0x79, 0x76, 0x66, 0x66, 0x66, 0x66, 0x66, 0x66, 0x66, 0x69, 0x86, 0x79, 0x76, 0x66,
    0x66, 0x98, 0x67, 0x97, 0x66, 0x69, 0x96, 0x79, 0x86, 0x89, 0x76, 0x99, 0x67, 0x98, 0x68, 0x97,
    0x69, 0x96, 0x66, 0x9c, 0xef, 0xff, 0xff, 0xff, 0xff, 0xff, 0xff, 0xff, 0xff, 0xff, 0xff, 0xff,
    0xff, 0xff, 0xff, 0xff, 0xff, 0xff, 0xff, 0xff, 0xff, 0xff, 0xff, 0xff, 0xff, 0xff, 0xff, 0xff,
    0xff, 0xff, 0xfe, 0xee, 0xee, 0xee, 0xee, 0xee, 0xcc, 0xdd, 0xdd, 0xdc, 0xce, 0xec, 0xcc, 0xdf,
    0xff, 0xff, 0xff, 0xff, 0xff, 0xff, 0xff, 0xff, 0xff, 0xff, 0xff, 0xff, 0xff, 0xff, 0xff, 0xff,
    0xff, 0xff, 0xff, 0xff, 0xff, 0xff, 0xff, 0xff, 0xff, 0xff, 0xff, 0xff, 0xfd, 0xde, 0xee, 0xc9,
    0x98, 0x76, 0x77, 0x66, 0x67, 0x97, 0x66, 0x67, 0x78, 0x86, 0x77, 0x76, 0x66, 0x88, 0x66, 0x66,
    0x66, 0x66, 0x66, 0x67, 0x76, 0x77, 0x88, 0x76, 0x88, 0x77, 0x88, 0x77, 0x67, 0x87, 0x76, 0x79,
    0x86, 0x77, 0x88, 0x77, 0x67, 0x98, 0x67, 0x78, 0x87, 0x76, 0x78, 0x89, 0xdf, 0xff, 0xff, 0xff,
    0xff, 0xff, 0xff, 0xff, 0xff, 0xff, 0xff, 0xff, 0xff, 0xff, 0xff, 0xff, 0xff, 0xff, 0xff, 0xff,
    0xff, 0xff, 0xff, 0xff, 0xff, 0xff, 0xff, 0xff, 0xee, 0xef, 0xfd, 0xee, 0xee, 0xee, 0xee, 0xed,
    0xdd, 0xdd, 0xdd, 0xdd, 0xdd, 0xdc, 0xcc, 0xcd, 0xdd, 0xee, 0xff, 0xff, 0xff, 0xff, 0xff, 0xff,
    0xff, 0xff, 0xff, 0xff, 0xff, 0xff, 0xff, 0xff, 0xff, 0xff, 0xff, 0xff, 0xff, 0xff, 0xff, 0xff,
    0xff, 0xff, 0xff, 0xff, 0xfe, 0xee, 0xee, 0xc9, 0x98, 0x76, 0x66, 0x66, 0x67, 0x97, 0x66, 0x66,
    0x69, 0x86, 0x66, 0x66, 0x66, 0x99, 0x66, 0x66, 0x66, 0x66, 0x66, 0x66, 0x66, 0x66, 0x89, 0x76,
    0x89, 0x67, 0x98, 0x66, 0x68, 0x97, 0x66, 0x79, 0x86, 0x66, 0x89, 0x76, 0x67, 0x98, 0x66, 0x68,
    0x97, 0x66, 0x79, 0x88, 0xcf, 0xff, 0xff, 0xff, 0xff, 0xff, 0xff, 0xff, 0xff, 0xff, 0xff, 0xff,
    0xff, 0xff, 0xff, 0xff, 0xff, 0xff, 0xff, 0xff, 0xff, 0xff, 0xff, 0xff, 0xff, 0xff, 0xff, 0xfe,
    0xed, 0xdf, 0xfd, 0xee, 0xed, 0xdd, 0xee, 0xdd, 0xdd, 0xdd, 0xdd, 0xdd, 0xdd, 0xdc, 0xcc, 0xcc,
    0xcc, 0xde, 0xff, 0xff, 0xff, 0xff, 0xff, 0xff, 0xff, 0xff, 0xff, 0xff, 0xff, 0xff, 0xff, 0xff,
    0xff, 0xff, 0xff, 0xff, 0xff, 0xff, 0xff, 0xff, 0xff, 0xff, 0xff, 0xff, 0xff, 0xfc, 0xc8, 0x77,
    0x77, 0x66, 0x88, 0x66, 0x66, 0x77, 0x66, 0x66, 0x67, 0x76, 0x78, 0x76, 0x66, 0x77, 0x66, 0x66,
    0x66, 0x66, 0x66, 0x66, 0x66, 0x66, 0x77, 0x88, 0x77, 0x67, 0x98, 0x67, 0x87, 0x76, 0x68, 0x87,
    0x76, 0x78, 0x77, 0x66, 0x88, 0x77, 0x87, 0x67, 0x78, 0x86, 0x67, 0x77, 0xad, 0xff, 0xff, 0xff,
    0xff, 0xff, 0xff, 0xff, 0xff, 0xff, 0xff, 0xff, 0xff, 0xff, 0xff, 0xff, 0xff, 0xff, 0xff, 0xff,
    0xff, 0xff, 0xff, 0xff, 0xff, 0xff, 0xee, 0xee, 0xfe, 0xee, 0xed, 0xdd, 0xdd, 0xdd, 0xdd, 0xdd,
    0xde, 0xfe, 0xdd, 0xdc, 0xcc, 0xcc, 0xcc, 0xcc, 0xcc, 0xcc, 0xbc, 0xee, 0xff, 0xff, 0xff, 0xff,
    0xff, 0xff, 0xff, 0xff, 0xff, 0xff, 0xff, 0xff, 0xff, 0xff, 0xff, 0xff, 0xff, 0xff, 0xff, 0xff,
    0xff, 0xff, 0xff, 0xff, 0xff, 0xfc, 0xb7, 0x76, 0x66, 0x66, 0x89, 0x66, 0x66, 0x66, 0x66, 0x66,
    0x66, 0x66, 0x79, 0x76, 0x66, 0x66, 0x66, 0x66, 0x66, 0x66, 0x66, 0x66, 0x66, 0x66, 0x66, 0x89,
    0x76, 0x67, 0x98, 0x68, 0x97, 0x66, 0x69, 0x86, 0x66, 0x89, 0x76, 0x66, 0x98, 0x67, 0x97, 0x66,
    0x69, 0x96, 0x66, 0x66, 0xac, 0xff, 0xff, 0xff, 0xff, 0xff, 0xff, 0xff, 0xff, 0xff, 0xff, 0xff,
    0xff, 0xff, 0xff, 0xff, 0xff, 0xff, 0xff, 0xff, 0xff, 0xff, 0xff, 0xff, 0xff, 0xff, 0xee, 0xee,
    0xfe, 0xee, 0xed, 0xdd, 0xdd, 0xdd, 0xdd, 0xdd, 0xde, 0xfe, 0xdd, 0xdc, 0xcc, 0xcc, 0xcc, 0xcc,
    0xcc, 0xcc, 0xbb, 0xee, 0xff, 0xff, 0xff, 0xff, 0xff, 0xff, 0xff, 0xff, 0xff, 0xff, 0xff, 0xff,
    0xff, 0xff, 0xff, 0xff, 0xff, 0xff, 0xff, 0xff, 0xff, 0xff, 0xff, 0xff, 0xff, 0xfc, 0xc9, 0x86,
    0x89, 0x76, 0x66, 0x66, 0x67, 0x97, 0x66, 0x68, 0x96, 0x66, 0x66, 0x66, 0x66, 0x66, 0x66, 0x66,
    0x66, 0x66, 0x66, 0x66, 0x66, 0x66, 0x66, 0x66, 0x89, 0x66, 0x67, 0x97, 0x66, 0x69, 0x96, 0x66,
    0x79, 0x76, 0x66, 0x99, 0x67, 0x98, 0x66, 0x68, 0x97, 0x69, 0x86, 0x79, 0x88, 0xdf, 0xff, 0xff,
    0xff, 0xff, 0xff, 0xff, 0xff, 0xff, 0xff, 0xff, 0xff, 0xff, 0xff, 0xff, 0xff, 0xff, 0xff, 0xff,
    0xff, 0xff, 0xff, 0xff, 0xee, 0xee, 0xff, 0xff, 0xff, 0xff, 0xff, 0xed, 0xdd, 0xdd, 0xdd, 0xdd,
    0xdd, 0xdc, 0xcc, 0xcc, 0xcc, 0xcc, 0xcc, 0xcc, 0xcc, 0xcc, 0xcc, 0xcc, 0xcc, 0xce, 0xff, 0xff,
    0xff, 0xff, 0xff, 0xff, 0xff, 0xff, 0xff, 0xff, 0xff, 0xff, 0xff, 0xff, 0xff, 0xff, 0xff, 0xff,
    0xff, 0xff, 0xff, 0xff, 0xff, 0xfd, 0xc9, 0x86, 0x78, 0x76, 0x66, 0x66, 0x67, 0x87, 0x66, 0x68,
    0x86, 0x66, 0x66, 0x66, 0x66, 0x66, 0x66, 0x66, 0x66, 0x66, 0x66, 0x66, 0x66, 0x66, 0x66, 0x66,
    0x88, 0x66, 0x77, 0x87, 0x76, 0x68, 0x87, 0x76, 0x78, 0x77, 0x66, 0x88, 0x67, 0x88, 0x76, 0x68,
    0x87, 0x69, 0x86, 0x78, 0x87, 0xdf, 0xff, 0xff, 0xff, 0xff, 0xff, 0xff, 0xff, 0xff, 0xff, 0xff,
    0xff, 0xff, 0xff, 0xff, 0xff, 0xff, 0xff, 0xff, 0xff, 0xff, 0xff, 0xff, 0xee, 0xee, 0xff, 0xff,
    0xff, 0xff, 0xff, 0xee, 0xed, 0xdd, 0xdd, 0xee, 0xdd, 0xdc, 0xcc, 0xcc, 0xcc, 0xcc, 0xcc, 0xcc,
    0xcc, 0xcc, 0xcc, 0xcc, 0xcc, 0xce, 0xff, 0xff, 0xff, 0xff, 0xff, 0xff, 0xff, 0xff, 0xff, 0xff,
    0xff, 0xff, 0xff, 0xff, 0xff, 0xff, 0xff, 0xff, 0xff, 0xff, 0xff, 0xff, 0xff, 0xff, 0xe9, 0x86,
    0x66, 0x66, 0x66, 0x66, 0x66, 0x66, 0x66, 0x66, 0x66, 0x66, 0x66, 0x66, 0x66, 0x66, 0x66, 0x66,
    0x66, 0x66, 0x66, 0x66, 0x66, 0x66, 0x66, 0x66, 0x66, 0x67, 0x98, 0x68, 0x97, 0x66, 0x69, 0x86,
    0x66, 0x89, 0x76, 0x66, 0x66, 0x67, 0x97, 0x66, 0x66, 0x79, 0x96, 0x66, 0x66, 0xce, 0xff, 0xff,
    0xff, 0xff, 0xff, 0xff, 0xff, 0xff, 0xff, 0xff, 0xff, 0xff, 0xff, 0xff, 0xff, 0xff, 0xff, 0xff,
    0xff, 0xff, 0xee, 0xdc, 0xff, 0xff, 0xee, 0xfe, 0xef, 0xff, 0xfe, 0xef, 0xee, 0xdd, 0xdd, 0xff,
    0xdd, 0xcc, 0xcc, 0xcc, 0xcc, 0xcc, 0xcc, 0xcc, 0xcc, 0xcc, 0xcc, 0xcc, 0xcc, 0xcd, 0xef, 0xff,
    0xff, 0xff, 0xff, 0xff, 0xff, 0xff, 0xff, 0xff, 0xff, 0xff, 0xff, 0xff, 0xff, 0xff, 0xff, 0xff,
    0xff, 0xff, 0xff, 0xff, 0xff, 0xff, 0xe9, 0x86, 0x77, 0x76, 0x77, 0x66, 0x67, 0x77, 0x66, 0x66,
    0x66, 0x66, 0x66, 0x66, 0x66, 0x66, 0x66, 0x66, 0x66, 0x66, 0x66, 0x66, 0x66, 0x66, 0x66, 0x66,
    0x66, 0x67, 0x87, 0x67, 0x87, 0x76, 0x68, 0x87, 0x76, 0x78, 0x77, 0x66, 0x66, 0x67, 0x87, 0x67,
    0x76, 0x7b, 0xa7, 0x76, 0x66, 0xab, 0xff, 0xff, 0xff, 0xff, 0xff, 0xff, 0xff, 0xff, 0xff, 0xff,
    0xff, 0xff, 0xff, 0xff, 0xff, 0xff, 0xff, 0xff, 0xff, 0xfe, 0xee, 0xdd, 0xff, 0xee, 0xee, 0xfe,
    0xee, 0xef, 0xfe, 0xef, 0xee, 0xee, 0xdd, 0xee, 0xdc, 0xcc, 0xcc, 0xcc, 0xcc, 0xcc, 0xcc, 0xcc,
    0xcc, 0xcc, 0xcc, 0xcc, 0xcc, 0xcc, 0xde, 0xef, 0xff, 0xff, 0xff, 0xff, 0xff, 0xff, 0xff, 0xff,
    0xff, 0xff, 0xff, 0xff, 0xff, 0xff, 0xff, 0xff, 0xff, 0xff, 0xff, 0xff, 0xff, 0xff, 0xe9, 0x86,
    0x89, 0x76, 0x89, 0x66, 0x67, 0x97, 0x66, 0x66, 0x66, 0x66, 0x66, 0x66, 0x66, 0x66, 0x66, 0x66,
    0x66, 0x66, 0x66, 0x66, 0x66, 0x66, 0x66, 0x66, 0x66, 0x66, 0x66, 0x66, 0x68, 0x97, 0x66, 0x79,
    0x86, 0x66, 0x89, 0x76, 0x66, 0x66, 0x66, 0x68, 0x97, 0x7e, 0xd9, 0x86, 0x66, 0x66, 0xef, 0xff,
    0xff, 0xff, 0xff, 0xff, 0xff, 0xff, 0xff, 0xff, 0xff, 0xff, 0xff, 0xff, 0xff, 0xff, 0xff, 0xff,
    0xff, 0xec, 0xde, 0xee, 0xff, 0xee, 0xff, 0xff, 0xfe, 0xef, 0xff, 0xff, 0xff, 0xff, 0xed, 0xdd,
    0xcc, 0xcc, 0xcc, 0xcc, 0xcc, 0xcc, 0xcc, 0xcc, 0xcc, 0xcc, 0xcc, 0xcc, 0xcc, 0xcc, 0xcb, 0xbe,
    0xef, 0xff, 0xff, 0xff, 0xff, 0xff, 0xff, 0xff, 0xff, 0xff, 0xff, 0xff, 0xff, 0xff, 0xff, 0xff,
    0xff, 0xff, 0xff, 0xff, 0xff, 0xff, 0xe9, 0x86, 0x78, 0x76, 0x77, 0x66, 0x67, 0x87, 0x66, 0x66,
    0x66, 0x66, 0x66, 0x66, 0x66, 0x66, 0x66, 0x66, 0x66, 0x66, 0x66, 0x66, 0x66, 0x66, 0x66, 0x66,
    0x66, 0x66, 0x66, 0x66, 0x67, 0x88, 0x86, 0x78, 0x76, 0x66, 0x78, 0x67, 0xaa, 0xa9, 0x88, 0x9a,
    0xb9, 0x9c, 0xcb, 0xa9, 0x98, 0x88, 0xcc, 0xff, 0xff, 0xff, 0xff, 0xff, 0xff, 0xff, 0xff, 0xff,
    0xff, 0xff, 0xff, 0xff, 0xff, 0xff, 0xff, 0xff, 0xfe, 0xdd, 0xdd, 0xee, 0xee, 0xee, 0xee, 0xfe,
    0xee, 0xef, 0xfe, 0xef, 0xff, 0xee, 0xed, 0xcc, 0xcc, 0xcc, 0xcc, 0xcc, 0xcc, 0xcc, 0xcc, 0xcc,
    0xcc, 0xcc, 0xcc, 0xcc, 0xcc, 0xcc, 0xcb, 0xbd, 0xde, 0xef, 0xff, 0xff, 0xff, 0xff, 0xff, 0xff,
    0xff, 0xff, 0xff, 0xff, 0xff, 0xff, 0xff, 0xff, 0xff, 0xff, 0xff, 0xff, 0xff, 0xff, 0xe9, 0x86,
    0x78, 0x76, 0x66, 0x66, 0x66, 0x66, 0x66, 0x66, 0x66, 0x66, 0x66, 0x66, 0x66, 0x66, 0x66, 0x66,
    0x66, 0x66, 0x66, 0x66, 0x66, 0x66, 0x66, 0x66, 0x66, 0x66, 0x66, 0x66, 0x66, 0x69, 0x96, 0x66,
    0x66, 0x66, 0x66, 0x67, 0xdd, 0xdb, 0x9a, 0xbc, 0xcb, 0xba, 0xbc, 0xcc, 0xba, 0x99, 0x9a, 0xff,
    0xff, 0xff, 0xff, 0xff, 0xff, 0xff, 0xff, 0xff, 0xff, 0xff, 0xff, 0xff, 0xff, 0xff, 0xff, 0xff,
    0xec, 0xdd, 0xdd, 0xef, 0xee, 0xfe, 0xee, 0xfe, 0xef, 0xff, 0xfe, 0xef, 0xff, 0xee, 0xdd, 0xcc,
    0xcc, 0xcc, 0xcc, 0xcc, 0xcc, 0xcc, 0xcc, 0xcc, 0xcc, 0xcc, 0xcc, 0xcc, 0xcc, 0xcc, 0xcc, 0xcc,
    0xcc, 0xdf, 0xff, 0xff, 0xff, 0xff, 0xff, 0xff, 0xff, 0xff, 0xff, 0xff, 0xff, 0xff, 0xff, 0xff,
    0xff, 0xff, 0xff, 0xff, 0xff, 0xfe, 0xec, 0xca, 0xa9, 0x76, 0x88, 0x66, 0x66, 0x67, 0x87, 0x66,
    0x66, 0x66, 0x66, 0x66, 0x66, 0x66, 0x66, 0x66, 0x66, 0x66, 0x66, 0x66, 0x66, 0x66, 0x66, 0x66,
    0x66, 0x66, 0x66, 0x66, 0x66, 0x67, 0x76, 0x78, 0x9a, 0xbb, 0xbb, 0xbc, 0xee, 0xee, 0xdd, 0xed,
    0xcd, 0xdc, 0xcc, 0xcc, 0xcc, 0xbb, 0xaa, 0xdd, 0xef, 0xff, 0xff, 0xff, 0xff, 0xff, 0xff, 0xff,
    0xff, 0xff, 0xff, 0xff, 0xff, 0xff, 0xff, 0xfe, 0xed, 0xdd, 0xdd, 0xee, 0xdd, 0xee, 0xde, 0xee,
    0xef, 0xfe, 0xee, 0xff, 0xee, 0xee, 0xed, 0xcc, 0xcc, 0xcc, 0xcc, 0xcc, 0xcc, 0xcc, 0xcc, 0xcc,
    0xbb, 0xbc, 0xcc, 0xcc, 0xcc, 0xcc, 0xcc, 0xcd, 0xdc, 0xdf, 0xff, 0xff, 0xff, 0xff, 0xff, 0xff,
    0xff, 0xff, 0xff, 0xff, 0xff, 0xff, 0xff, 0xff, 0xff, 0xff, 0xff, 0xff, 0xff, 0xfe, 0xee, 0xdc,
    0xb9, 0x76, 0x89, 0x66, 0x66, 0x68, 0x97, 0x66, 0x66, 0x66, 0x66, 0x66, 0x66, 0x66, 0x66, 0x66,
    0x66, 0x66, 0x66, 0x66, 0x66, 0x66, 0x66, 0x66, 0x66, 0x66, 0x66, 0x66, 0x66, 0x66, 0x66, 0x79,
    0xbc, 0xde, 0xdd, 0xee, 0xff, 0xff, 0xff, 0xfd, 0xcd, 0xdc, 0xcc, 0xcc, 0xcc, 0xcc, 0xaa, 0xcd,
    0xee, 0xff, 0xff, 0xff, 0xff, 0xff, 0xff, 0xff, 0xff, 0xff, 0xff, 0xff, 0xff, 0xff, 0xff, 0xfd,
    0xdd, 0xdd, 0xdd, 0xdd, 0xdd, 0xdd, 0xdd, 0xee, 0xff, 0xfe, 0xef, 0xff, 0xee, 0xef, 0xed, 0xcc,
    0xcc, 0xcc, 0xcc, 0xcc, 0xcc, 0xcc, 0xcc, 0xcc, 0xba, 0xbc, 0xcc, 0xcc, 0xcc, 0xcc, 0xcc, 0xcd,
    0xdc, 0xcf, 0xff, 0xff, 0xff, 0xff, 0xff, 0xff, 0xff, 0xff, 0xff, 0xff, 0xff, 0xff, 0xff, 0xff,
    0xff, 0xff, 0xff, 0xff, 0xfa, 0x99, 0x97, 0x8a, 0xbc, 0x86, 0x77, 0x66, 0x66, 0x66, 0x76, 0x66,
    0x66, 0x66, 0x66, 0x66, 0x66, 0x66, 0x66, 0x66, 0x66, 0x66, 0x66, 0x66, 0x66, 0x66, 0x66, 0x66,
    0x66, 0x66, 0x66, 0x66, 0x55, 0x56, 0x6a, 0xac, 0xde, 0xff, 0xff, 0xff, 0xee, 0xee, 0xed, 0xdd,
    0xdc, 0xcc, 0xcc, 0xcc, 0xcc, 0xcc, 0xbb, 0xcc, 0xcd, 0xef, 0xff, 0xff, 0xff, 0xff, 0xff, 0xff,
    0xff, 0xff, 0xff, 0xff, 0xff, 0xff, 0xfe, 0xef, 0xed, 0xdd, 0xdd, 0xdd, 0xdd, 0xfe, 0xde, 0xfe,
    0xef, 0xff, 0xff, 0xfe, 0xef, 0xee, 0xcc, 0xcc, 0xcc, 0xcc, 0xcc, 0xcc, 0xca, 0xbc, 0xcc, 0xcc,
    0xbb, 0xbc, 0xcb, 0xab, 0xcc, 0xcc, 0xc9, 0x98, 0x9a, 0xbc, 0xef, 0xff, 0xff, 0xff, 0xff, 0xff,
    0xff, 0xff, 0xff, 0xff, 0xff, 0xff, 0xff, 0xff, 0xff, 0xff, 0xff, 0xff, 0xf9, 0x89, 0x86, 0x79,
    0xbc, 0x86, 0x66, 0x66, 0x66, 0x66, 0x66, 0x66, 0x66, 0x66, 0x66, 0x66, 0x66, 0x66, 0x66, 0x66,
    0x66, 0x66, 0x66, 0x66, 0x66, 0x66, 0x66, 0x66, 0x66, 0x66, 0x66, 0x65, 0x55, 0x56, 0x7a, 0xbd,
    0xef, 0xff, 0xff, 0xff, 0xee, 0xdd, 0xdd, 0xcd, 0xdc, 0xcc, 0xcc, 0xcc, 0xcc, 0xcc, 0xcc, 0xcc,
    0xcc, 0xef, 0xff, 0xff, 0xff, 0xff, 0xff, 0xff, 0xff, 0xff, 0xff, 0xff, 0xff, 0xff, 0xfe, 0xef,
    0xed, 0xdd, 0xdd, 0xdd, 0xdd, 0xfe, 0xde, 0xfe, 0xef, 0xff, 0xff, 0xfe, 0xef, 0xed, 0xcc, 0xcc,
    0xcc, 0xcc, 0xcc, 0xcc, 0xca, 0xac, 0xbb, 0xbc, 0xcc, 0xcc, 0xcb, 0xab, 0xcb, 0xbb, 0xb9, 0x87,
    0x8a, 0xab, 0xdf, 0xff, 0xff, 0xff, 0xff, 0xff, 0xff, 0xff, 0xff, 0xff, 0xff, 0xff, 0xff, 0xff,
    0xff, 0xff, 0xff, 0xff, 0xfa, 0x99, 0x99, 0x99, 0x86, 0x66, 0x89, 0x87, 0x66, 0x66, 0x66, 0x66,
    0x66, 0x66, 0x66, 0x66, 0x89, 0x76, 0x66, 0x66, 0x66, 0x66, 0x66, 0x66, 0x66, 0x66, 0x66, 0x66,
    0x66, 0x66, 0x55, 0x67, 0x8a, 0xbc, 0xdf, 0xff, 0xff, 0xee, 0xef, 0xee, 0xff, 0xee, 0xdd, 0xdd,
    0xcd, 0xdc, 0xcc, 0xcc, 0xcc, 0xcc, 0xcc, 0xcc, 0xcc, 0xcb, 0xbe, 0xff, 0xff, 0xff, 0xff, 0xff,
    0xff, 0xff, 0xff, 0xff, 0xff, 0xfb, 0xa7, 0x8d, 0xef, 0xed, 0xdd, 0xdd, 0xdd, 0xdd, 0xdd, 0xde,
    0xfe, 0xdf, 0xfe, 0xef, 0xed, 0xcc, 0xcc, 0xcc, 0xcc, 0xcc, 0xcc, 0xcc, 0xcc, 0xcc, 0xba, 0xbc,
    0xcc, 0xcc, 0xcc, 0xcc, 0xc9, 0x65, 0x54, 0x33, 0x35, 0x56, 0xae, 0xff, 0xff, 0xff, 0xff, 0xff,
    0xff, 0xff, 0xff, 0xff, 0xff, 0xff, 0xff, 0xff, 0xff, 0xff, 0xff, 0xff, 0xfb, 0xa9, 0x99, 0x99,
    0x87, 0x66, 0x88, 0x77, 0x66, 0x66, 0x66, 0x67, 0x76, 0x66, 0x67, 0x66, 0x88, 0x76, 0x66, 0x66,
    0x66, 0x66, 0x66, 0x66, 0x66, 0x66, 0x66, 0x66, 0x66, 0x66, 0x56, 0x78, 0x9b, 0xcd, 0xdf, 0xff,
    0xff, 0xee, 0xef, 0xee, 0xfe, 0xee, 0xee, 0xed, 0xcd, 0xdc, 0xcc, 0xcc, 0xcc, 0xcc, 0xcc, 0xcc,
    0xcc, 0xcb, 0xbd, 0xef, 0xff, 0xff, 0xff, 0xff, 0xff, 0xff, 0xff, 0xff, 0xff, 0xeb, 0x97, 0x7c,
    0xdf, 0xed, 0xdd, 0xdd, 0xdd, 0xdd, 0xdd, 0xde, 0xfe, 0xdf, 0xfe, 0xef, 0xed, 0xcc, 0xcc, 0xcc,
    0xcc, 0xcb, 0xbb, 0xcc, 0xcc, 0xcc, 0xba, 0xbc, 0xcc, 0xcc, 0xcc, 0xcb, 0xa8, 0x65, 0x54, 0x44,
    0x45, 0x56, 0x9c, 0xef, 0xff, 0xff, 0xff, 0xff, 0xff, 0xff, 0xff, 0xff, 0xff, 0xff, 0xff, 0xff,
    0xff, 0xff, 0xff, 0xfe, 0xec, 0xc9, 0x99, 0x99, 0x99, 0x76, 0x66, 0x66, 0x66, 0x66, 0x66, 0x68,
    0x86, 0x66, 0x78, 0x76, 0x66, 0x66, 0x66, 0x66, 0x66, 0x66, 0x66, 0x66, 0x66, 0x66, 0x66, 0x66,
    0x66, 0x55, 0x8a, 0xde, 0xff, 0xff, 0xff, 0xfe, 0xef, 0xee, 0xff, 0xee, 0xee, 0xee, 0xff, 0xfe,
    0xdd, 0xdc, 0xcc, 0xcc, 0xcc, 0xcc, 0xcc, 0xcc, 0xcc, 0xcc, 0xcc, 0xce, 0xef, 0xff, 0xff, 0xff,
    0xff, 0xff, 0xff, 0xff, 0xfb, 0x87, 0x65, 0x59, 0xaf, 0xed, 0xdd, 0xdd, 0xdd, 0xdd, 0xdd, 0xdd,
    0xdd, 0xdf, 0xfe, 0xee, 0xdc, 0xcc, 0xcc, 0xcc, 0xcc, 0xcb, 0xab, 0xcc, 0xcc, 0xcc, 0xcc, 0xcc,
    0xcc, 0xcc, 0xcc, 0xca, 0x65, 0x34, 0x55, 0x55, 0x55, 0x55, 0x67, 0xcf, 0xff, 0xff, 0xff, 0xff,
    0xff, 0xff, 0xff, 0xff, 0xff, 0xff, 0xff, 0xff, 0xff, 0xff, 0xfe, 0xdc, 0xcb, 0xb8, 0x99, 0x99,
    0x99, 0x87, 0x66, 0x66, 0x66, 0x66, 0x66, 0x67, 0x76, 0x67, 0x77, 0x76, 0x66, 0x77, 0x66, 0x67,
    0x77, 0x66, 0x66, 0x66, 0x66, 0x66, 0x66, 0x66, 0x65, 0x78, 0xac, 0xde, 0xff, 0xfe, 0xef, 0xfe,
    0xef, 0xee, 0xee, 0xee, 0xee, 0xee, 0xdd, 0xdd, 0xdd, 0xdc, 0xcc, 0xcc, 0xcc, 0xcc, 0xcc, 0xcc,
    0xcc, 0xcc, 0xcc, 0xcd, 0xdf, 0xff, 0xff, 0xff, 0xff, 0xff, 0xff, 0xff, 0xea, 0x87, 0x65, 0x69,
    0xae, 0xed, 0xee, 0xdd, 0xee, 0xdd, 0xdd, 0xdd, 0xdd, 0xde, 0xee, 0xee, 0xdc, 0xbb, 0xbc, 0xcc,
    0xcc, 0xcb, 0xab, 0xcb, 0xbb, 0xcc, 0xcc, 0xcc, 0xcc, 0xcc, 0xcb, 0xb9, 0x54, 0x44, 0x55, 0x54,
    0x43, 0x34, 0x56, 0xac, 0xff, 0xff, 0xff, 0xff, 0xff, 0xff, 0xff, 0xff, 0xff, 0xff, 0xff, 0xff,
    0xff, 0xff, 0xfc, 0x99, 0x99, 0x98, 0x89, 0x99, 0x99, 0x99, 0x76, 0x66, 0x66, 0x66, 0x66, 0x66,
    0x66, 0x79, 0x86, 0x66, 0x66, 0x89, 0x66, 0x67, 0x97, 0x66, 0x66, 0x66, 0x66, 0x66, 0x66, 0x66,
    0x55, 0xbc, 0xff, 0xff, 0xff, 0xfe, 0xef, 0xfe, 0xef, 0xff, 0xee, 0xdd, 0xff, 0xfd, 0x99, 0x9c,
    0xdd, 0xdc, 0xcc, 0xcc, 0xcc, 0xcc, 0xcc, 0xcc, 0xcc, 0xcc, 0xcc, 0xcc, 0xce, 0xef, 0xff, 0xff,
    0xff, 0xff, 0xff, 0xfe, 0xc9, 0x66, 0x66, 0x69, 0xac, 0xdd, 0xef, 0xed, 0xee, 0xdd, 0xdd, 0xdd,
    0xdd, 0xdd, 0xdd, 0xdd, 0xdc, 0xaa, 0xbc, 0xcc, 0xcc, 0xcc, 0xcc, 0xca, 0xab, 0xcc, 0xcc, 0xcc,
    0xcc, 0xcc, 0xcb, 0x97, 0x34, 0x55, 0x55, 0x53, 0x31, 0x12, 0x35, 0x56, 0xdf, 0xff, 0xff, 0xff,
    0xff, 0xff, 0xff, 0xff, 0xff, 0xff, 0xff, 0xff, 0xff, 0xff, 0xfc, 0x99, 0x99, 0x98, 0x89, 0x99,
    0x99, 0x87, 0x66, 0x87, 0x66, 0x67, 0x87, 0x66, 0x66, 0x77, 0x76, 0x66, 0x66, 0x77, 0x66, 0x67,
    0x77, 0x67, 0x86, 0x66, 0x66, 0x66, 0x66, 0x65, 0x89, 0xde, 0xff, 0xef, 0xfe, 0xee, 0xef, 0xfe,
    0xef, 0xee, 0xee, 0xee, 0xfe, 0xa9, 0x66, 0x68, 0x99, 0x9b, 0xbc, 0xcc, 0xcc, 0xcc, 0xcc, 0xcc,
    0xcc, 0xcc, 0xcc, 0xcc, 0xcd, 0xdd, 0xef, 0xff, 0xff, 0xff, 0xff, 0xfd, 0xa8, 0x66, 0x66, 0x7a,
    0xbc, 0xcc, 0xdd, 0xdd, 0xee, 0xdd, 0xdd, 0xde, 0xee, 0xdd, 0xdc, 0xcc, 0xcc, 0xbb, 0xbc, 0xcb,
    0xbb, 0xcc, 0xcc, 0xcb, 0xbb, 0xcc, 0xbb, 0xbc, 0xcc, 0xcc, 0xcb, 0x98, 0x44, 0x55, 0x55, 0x52,
    0x20, 0x00, 0x23, 0x45, 0x9a, 0xff, 0xff, 0xff, 0xff, 0xff, 0xff, 0xff, 0xff, 0xff, 0xff, 0xff,
    0xff, 0xff, 0xfc, 0x88, 0x99, 0x99, 0x99, 0x99, 0x99, 0x76, 0x66, 0x98, 0x66, 0x68, 0x97, 0x66,
    0x66, 0x66, 0x66, 0x66, 0x66, 0x66, 0x66, 0x66, 0x66, 0x68, 0x97, 0x66, 0x66, 0x66, 0x66, 0x55,
    0xbc, 0xff, 0xfe, 0xee, 0xfe, 0xef, 0xff, 0xfe, 0xef, 0xee, 0xee, 0xff, 0xfd, 0x75, 0x33, 0x34,
    0x56, 0x6a, 0xbc, 0xcc, 0xcc, 0xcc, 0xcc, 0xcc, 0xcc, 0xcc, 0xcc, 0xcc, 0xcc, 0xbb, 0xdf, 0xff,
    0xff, 0xff, 0xff, 0xfc, 0x87, 0x66, 0x66, 0x7c, 0xcc, 0xcc, 0xcc, 0xdd, 0xdd, 0xdd, 0xdd, 0xde,
    0xfe, 0xdd, 0xdc, 0xcc, 0xcc, 0xcc, 0xcc, 0xcb, 0xaa, 0xcc, 0xcc, 0xcc, 0xcc, 0xcc, 0xba, 0xbc,
    0xcc, 0xcc, 0xcb, 0xa8, 0x55, 0x55, 0x55, 0x51, 0x10, 0x00, 0x01, 0x45, 0x56, 0xff, 0xff, 0xff,
    0xff, 0xff, 0xff, 0xff, 0xff, 0xff, 0xff, 0xff, 0xff, 0xff, 0xfe, 0xda, 0x89, 0x99, 0x99, 0x99,
    0x87, 0x76, 0x66, 0x77, 0x66, 0x67, 0x77, 0x66, 0x66, 0x78, 0x76, 0x66, 0x88, 0x76, 0x67, 0x87,
    0x66, 0x67, 0x76, 0x68, 0x86, 0x66, 0x65, 0x89, 0xee, 0xff, 0xff, 0xee, 0xee, 0xee, 0xee, 0xee,
    0xee, 0xee, 0xee, 0xfe, 0x87, 0x44, 0x45, 0x55, 0x55, 0x56, 0x7a, 0xbd, 0xcc, 0xcc, 0xcc, 0xcc,
    0xcc, 0xcc, 0xcc, 0xcc, 0xcc, 0xbb, 0xde, 0xff, 0xff, 0xff, 0xff, 0xfb, 0x76, 0x66, 0x66, 0x7b,
    0xbc, 0xcc, 0xcc, 0xdd, 0xee, 0xde, 0xee, 0xde, 0xed, 0xdd, 0xcc, 0xcc, 0xcc, 0xcc, 0xcc, 0xcb,
    0xbb, 0xcc, 0xcc, 0xcc, 0xcc, 0xcc, 0xbb, 0xbc, 0xcc, 0xcc, 0xcb, 0xb9, 0x54, 0x44, 0x55, 0x52,
    0x20, 0x00, 0x00, 0x24, 0x56, 0xee, 0xff, 0xff, 0xff, 0xff, 0xff, 0xff, 0xff, 0xff, 0xff, 0xff,
    0xff, 0xff, 0xff, 0xfa, 0x89, 0x99, 0x99, 0x99, 0x86, 0x66, 0x66, 0x66, 0x66, 0x66, 0x66, 0x66,
    0x66, 0x79, 0x86, 0x66, 0x89, 0x76, 0x67, 0x98, 0x66, 0x66, 0x66, 0x69, 0x86, 0x66, 0x55, 0x9b,
    0xff, 0xff, 0xff, 0xfe, 0xee, 0xfe, 0xee, 0xef, 0xee, 0xee, 0xff, 0xfe, 0x65, 0x34, 0x55, 0x65,
    0x55, 0x55, 0x6a, 0xbd, 0xcc, 0xcc, 0xcc, 0xcc, 0xcc, 0xcc, 0xcc, 0xcc, 0xcc, 0xcc, 0xce, 0xff,
    0xff, 0xff, 0xff, 0xfb, 0x66, 0x66, 0x66, 0x7a, 0xbc, 0xcc, 0xcc, 0xdd, 0xff, 0xde, 0xee, 0xdd,
    0xdd, 0xdc, 0xcc, 0xcc, 0xcc, 0xcc, 0xcc, 0xcc, 0xcc, 0xcc, 0xcc, 0xcc, 0xcc, 0xcc, 0xcc, 0xcc,
    0xcc, 0xcc, 0xcc, 0xc9, 0x54, 0x34, 0x55, 0x53, 0x20, 0x00, 0x00, 0x23, 0x56, 0xde, 0xff, 0xff,
    0xff, 0xff, 0xff, 0xff, 0xff, 0xff, 0xff, 0xff, 0xff, 0xff, 0xff, 0xff, 0xfd, 0xd9, 0x99, 0x99,
    0x86, 0x78, 0x66, 0x98, 0x66, 0x67, 0x97, 0x68, 0x86, 0x67, 0x66, 0x66, 0x77, 0x66, 0x66, 0x76,
    0x66, 0x66, 0x66, 0x67, 0x76, 0x66, 0x9c, 0xef, 0xff, 0xff, 0xff, 0xff, 0xfe, 0xef, 0xff, 0xfe,
    0xee, 0xef, 0xee, 0x87, 0x44, 0x55, 0x54, 0x32, 0x23, 0x35, 0x55, 0x7a, 0xbc, 0xcc, 0xcc, 0xcc,
    0xcc, 0xcc, 0xcc, 0xcc, 0xcc, 0xcc, 0xcc, 0xef, 0xff, 0xff, 0xff, 0xca, 0x77, 0x66, 0x65, 0x58,
    0x9c, 0xcc, 0xbb, 0xcc, 0xdd, 0xdd, 0xdd, 0xdd, 0xdc, 0xcc, 0xcc, 0xcc, 0xcc, 0xcc, 0xcc, 0xcc,
    0xcc, 0xcc, 0xcc, 0xca, 0xab, 0xcc, 0xcc, 0xcc, 0xcc, 0xcc, 0xcc, 0xca, 0x75, 0x34, 0x55, 0x55,
    0x52, 0x20, 0x00, 0x12, 0x45, 0xab, 0xff, 0xff, 0xff, 0xff, 0xff, 0xff, 0xff, 0xff, 0xff, 0xff,
    0xff, 0xff, 0xff, 0xff, 0xfe, 0xea, 0xa9, 0x99, 0x86, 0x78, 0x76, 0x98, 0x66, 0x68, 0x97, 0x68,
    0x96, 0x66, 0x66, 0x66, 0x66, 0x66, 0x66, 0x66, 0x66, 0x66, 0x66, 0x66, 0x66, 0x67, 0xad, 0xff,
    0xff, 0xff, 0xff, 0xff, 0xfe, 0xef, 0xff, 0xfe, 0xee, 0xef, 0xed, 0x65, 0x34, 0x55, 0x43, 0x32,
    0x22, 0x24, 0x55, 0x69, 0xab, 0xcc, 0xcc, 0xcc, 0xcc, 0xcc, 0xcc, 0xcc, 0xcc, 0xcc, 0xcc, 0xde,
    0xff, 0xff, 0xff, 0xca, 0x77, 0x66, 0x65, 0x58, 0x9c, 0xcc, 0xbb, 0xbc, 0xdd, 0xdd, 0xdd, 0xdd,
    0xdc, 0xbc, 0xbb, 0xbb, 0xbb, 0xbb, 0xbb, 0xbb, 0xbb, 0xcc, 0xcc, 0xca, 0xab, 0xcc, 0xcc, 0xbb,
    0xbc, 0xcc, 0xcc, 0xca, 0x86, 0x34, 0x55, 0x56, 0x53, 0x20, 0x00, 0x12, 0x45, 0xaa, 0xff, 0xff,
    0xff, 0xff, 0xff, 0xff, 0xff, 0xff, 0xff, 0xff, 0xff, 0xff, 0xff, 0xee, 0xef, 0xff, 0xfc, 0xb9,
    0x98, 0x76, 0x66, 0x66, 0x67, 0x97, 0x66, 0x66, 0x66, 0x66, 0x79, 0x76, 0x66, 0x89, 0x66, 0x67,
    0x97, 0x66, 0x66, 0x66, 0x65, 0x7c, 0xef, 0xff, 0xff, 0xff, 0xff, 0xff, 0xff, 0xfe, 0xef, 0xfe,
    0xef, 0xff, 0x86, 0x43, 0x55, 0x53, 0x20, 0x00, 0x00, 0x02, 0x23, 0x45, 0x78, 0xcd, 0xcc, 0xcc,
    0xcc, 0xcc, 0xcc, 0xcc, 0xcc, 0xcc, 0xcc, 0xcc, 0xef, 0xff, 0xff, 0xe9, 0x45, 0x67, 0x88, 0x8c,
    0xdf, 0xed, 0xdc, 0xdd, 0xee, 0xdc, 0xcc, 0xcb, 0xbb, 0xbb, 0xba, 0xaa, 0xa9, 0xaa, 0x99, 0xaa,
    0xaa, 0xcc, 0xcc, 0xcc, 0xcc, 0xcc, 0xcc, 0xba, 0xbc, 0xcc, 0xcc, 0xcc, 0xc8, 0x54, 0x34, 0x55,
    0x56, 0x53, 0x21, 0x23, 0x45, 0x56, 0xee, 0xff, 0xff, 0xff, 0xff, 0xff, 0xff, 0xff, 0xff, 0xff,
    0xff, 0xff, 0xfd, 0xcc, 0xcd, 0xdd, 0xdc, 0xb9, 0x98, 0x77, 0x66, 0x66, 0x67, 0x88, 0x76, 0x66,
    0x66, 0x66, 0x78, 0x76, 0x66, 0x88, 0x66, 0x67, 0x87, 0x66, 0x66, 0x66, 0x65, 0x8c, 0xef, 0xff,
    0xff, 0xff, 0xff, 0xff, 0xff, 0xfe, 0xef, 0xee, 0xef, 0xee, 0x75, 0x44, 0x55, 0x53, 0x10, 0x00,
    0x00, 0x01, 0x23, 0x45, 0x67, 0xbc, 0xcc, 0xcc, 0xcc, 0xcc, 0xcc, 0xcc, 0xcc, 0xcc, 0xcc, 0xcc,
    0xde, 0xff, 0xff, 0xda, 0x57, 0x89, 0x99, 0xad, 0xdf, 0xee, 0xdd, 0xdd, 0xed, 0xdd, 0xcc, 0xcb,
    0xbb, 0xbb, 0xba, 0x99, 0x99, 0x99, 0x88, 0x99, 0x99, 0xab, 0xbb, 0xbb, 0xcc, 0xcc, 0xcc, 0xba,
    0xbc, 0xcc, 0xcc, 0xcc, 0xc9, 0x64, 0x34, 0x55, 0x56, 0x53, 0x32, 0x33, 0x44, 0x56, 0xee, 0xff,
    0xff, 0xff, 0xff, 0xff, 0xff, 0xff, 0xff, 0xff, 0xff, 0xfe, 0xc9, 0x66, 0x67, 0x77, 0x79, 0x99,
    0x99, 0x88, 0x76, 0x66, 0x66, 0x68, 0x97, 0x66, 0x66, 0x66, 0x66, 0x66, 0x66, 0x66, 0x66, 0x66,
    0x66, 0x66, 0x66, 0x66, 0x66, 0x9f, 0xff, 0xff, 0xff, 0xff, 0xff, 0xff, 0xff, 0xff, 0xfe, 0xef,
    0xff, 0xc9, 0x53, 0x55, 0x55, 0x53, 0x00, 0x00, 0x00, 0x00, 0x02, 0x35, 0x43, 0x89, 0xdd, 0xcc,
    0xcc, 0xcc, 0xcc, 0xcc, 0xcc, 0xcc, 0xcc, 0xcc, 0xcc, 0xff, 0xed, 0xcb, 0x9c, 0xef, 0xff, 0xff,
    0xff, 0xff, 0xfe, 0xdd, 0xdd, 0xdd, 0xcc, 0xcc, 0xba, 0xa8, 0x88, 0x76, 0x66, 0x55, 0x55, 0x55,
    0x55, 0x67, 0x89, 0x9b, 0xcc, 0xcc, 0xcc, 0xcc, 0xcc, 0xcc, 0xcc, 0xcc, 0xcb, 0xa6, 0x34, 0x55,
    0x55, 0x55, 0x55, 0x55, 0x43, 0x67, 0xff, 0xff, 0xff, 0xff, 0xff, 0xff, 0xff, 0xff, 0xff, 0xff,
    0xff, 0xfe, 0xb9, 0x66, 0x66, 0x77, 0x79, 0x99, 0x98, 0x77, 0x66, 0x77, 0x66, 0x67, 0x87, 0x76,
    0x67, 0x76, 0x66, 0x66, 0x77, 0x66, 0x66, 0x66, 0x66, 0x66, 0x66, 0x66, 0x79, 0xbf, 0xff, 0xff,
    0xff, 0xff, 0xff, 0xff, 0xff, 0xff, 0xfe, 0xef, 0xff, 0xb8, 0x53, 0x55, 0x54, 0x42, 0x00, 0x00,
    0x00, 0x00, 0x02, 0x35, 0x43, 0x67, 0xcd, 0xcc, 0xcc, 0xcc, 0xcc, 0xcc, 0xcc, 0xcc, 0xcc, 0xcc,
    0xcc, 0xde, 0xee, 0xdd, 0xcd, 0xef, 0xff, 0xff, 0xff, 0xff, 0xfe, 0xdd, 0xdd, 0xdd, 0xdc, 0xcb,
    0xb9, 0x87, 0x77, 0x76, 0x66, 0x55, 0x55, 0x55, 0x55, 0x56, 0x67, 0x79, 0x9b, 0xbc, 0xcc, 0xcc,
    0xcc, 0xcc, 0xcc, 0xcc, 0xcb, 0xa7, 0x65, 0x54, 0x45, 0x55, 0x55, 0x55, 0x44, 0x89, 0xff, 0xff,
    0xff, 0xff, 0xff, 0xff, 0xff, 0xff, 0xff, 0xff, 0xff, 0xfd, 0x98, 0x66, 0x66, 0x66, 0x79, 0x98,
    0x76, 0x66, 0x66, 0x98, 0x66, 0x66, 0x68, 0x97, 0x69, 0x86, 0x66, 0x66, 0x89, 0x76, 0x66, 0x66,
    0x66, 0x66, 0x66, 0x66, 0x8e, 0xef, 0xff, 0xff, 0xff, 0xff, 0xff, 0xff, 0xff, 0xff, 0xfe, 0xef,
    0xff, 0xa7, 0x43, 0x55, 0x54, 0x32, 0x00, 0x00, 0x00, 0x00, 0x02, 0x46, 0x43, 0x45, 0xbc, 0xcc,
    0xcc, 0xcc, 0xcc, 0xcc, 0xcc, 0xcc, 0xcc, 0xcc, 0xcc, 0xbb, 0xef, 0xff, 0xff, 0xff, 0xff, 0xff,
    0xff, 0xff, 0xee, 0xdc, 0xee, 0xee, 0xdc, 0xba, 0x97, 0x65, 0x66, 0x66, 0x65, 0x55, 0x55, 0x66,
    0x55, 0x44, 0x44, 0x45, 0x5a, 0xac, 0xcc, 0xcc, 0xcc, 0xcc, 0xcc, 0xcc, 0xcc, 0xca, 0x96, 0x53,
    0x35, 0x55, 0x55, 0x55, 0x66, 0xbc, 0xff, 0xff, 0xff, 0xff, 0xff, 0xff, 0xff, 0xff, 0xff, 0xff,
    0xff, 0xfd, 0x87, 0x67, 0x87, 0x66, 0x67, 0x77, 0x76, 0x66, 0x66, 0x77, 0x66, 0x66, 0x67, 0x76,
    0x67, 0x78, 0x76, 0x66, 0x77, 0x66, 0x87, 0x66, 0x66, 0x66, 0x66, 0x6a, 0xbf, 0xff, 0xff, 0xff,
    0xff, 0xff, 0xff, 0xff, 0xff, 0xff, 0xfe, 0xef, 0xfe, 0xa6, 0x43, 0x55, 0x54, 0x32, 0x00, 0x00,
    0x00, 0x00, 0x01, 0x35, 0x54, 0x44, 0x88, 0xcc, 0xcc, 0xcc, 0xcc, 0xcc, 0xcc, 0xcc, 0xcc, 0xcc,
    0xcc, 0xbb, 0xde, 0xff, 0xff, 0xff, 0xff, 0xff, 0xff, 0xff, 0xfe, 0xdd, 0xdd, 0xdc, 0xba, 0x98,
    0x77, 0x66, 0x66, 0x66, 0x65, 0x55, 0x55, 0x66, 0x55, 0x44, 0x44, 0x45, 0x56, 0x69, 0x9b, 0xbc,
    0xcc, 0xcc, 0xcc, 0xcc, 0xcc, 0xcc, 0xc8, 0x86, 0x65, 0x44, 0x44, 0x55, 0x89, 0xbc, 0xee, 0xff,
    0xff, 0xff, 0xff, 0xff, 0xff, 0xff, 0xff, 0xff, 0xff, 0xfd, 0x87, 0x68, 0x97, 0x66, 0x66, 0x66,
    0x66, 0x66, 0x66, 0x66, 0x66, 0x66, 0x66, 0x66, 0x66, 0x79, 0x86, 0x66, 0x66, 0x66, 0x98, 0x66,
    0x66, 0x66, 0x66, 0x7d, 0xdf, 0xff, 0xff, 0xff, 0xff, 0xff, 0xff, 0xff, 0xff, 0xff, 0xff, 0xff,
    0xee, 0x96, 0x43, 0x55, 0x54, 0x32, 0x00, 0x00, 0x00, 0x00, 0x00, 0x25, 0x55, 0x43, 0x56, 0xcc,
    0xcc, 0xcc, 0xcc, 0xcc, 0xcc, 0xcc, 0xcc, 0xcc, 0xcc, 0xbb, 0xdd, 0xff, 0xff, 0xff, 0xff, 0xff,
    0xff, 0xff, 0xfe, 0xee, 0xdd, 0xbb, 0xa9, 0x87, 0x66, 0x67, 0x76, 0x66, 0x65, 0x55, 0x55, 0x55,
    0x55, 0x54, 0x44, 0x55, 0x53, 0x46, 0x7a, 0xbc, 0xcc, 0xcc, 0xcc, 0xcc, 0xcc, 0xcd, 0xda, 0xa8,
    0x85, 0x43, 0x33, 0x56, 0xac, 0xcc, 0xcd, 0xff, 0xff, 0xff, 0xff, 0xff, 0xff, 0xff, 0xff, 0xff,
    0xff, 0xfe, 0xca, 0x79, 0x99, 0x9b, 0xa9, 0x86, 0x66, 0x66, 0x88, 0x67, 0x88, 0x87, 0x66, 0x66,
    0x66, 0x79, 0x86, 0x66, 0x66, 0x66, 0x77, 0x66, 0x66, 0x66, 0x69, 0x9f, 0xff, 0xff, 0xff, 0xff,
    0xff, 0xff, 0xff, 0xff, 0xff, 0xff, 0xff, 0xfe, 0xee, 0x96, 0x43, 0x55, 0x55, 0x54, 0x21, 0x00,
    0x00, 0x00, 0x00, 0x13, 0x46, 0x54, 0x55, 0xab, 0xcc, 0xcc, 0xcc, 0xcc, 0xcc, 0xcc, 0xcc, 0xcc,
    0xcc, 0xbb, 0xcd, 0xff, 0xff, 0xff, 0xff, 0xff, 0xff, 0xff, 0xff, 0xed, 0xba, 0x87, 0x77, 0x77,
    0x77, 0x76, 0x66, 0x66, 0x65, 0x55, 0x55, 0x55, 0x55, 0x54, 0x44, 0x45, 0x54, 0x43, 0x45, 0x79,
    0xbc, 0xcc, 0xaa, 0xcc, 0xcc, 0xcc, 0xcb, 0xbc, 0xc8, 0x87, 0x77, 0x9a, 0xbc, 0xcc, 0xde, 0xff,
    0xff, 0xff, 0xff, 0xff, 0xff, 0xff, 0xff, 0xff, 0xff, 0xff, 0xeb, 0x89, 0x99, 0x9c, 0xc9, 0x86,
    0x66, 0x66, 0x89, 0x67, 0x99, 0x97, 0x66, 0x66, 0x66, 0x79, 0x86, 0x66, 0x66, 0x66, 0x66, 0x66,
    0x66, 0x66, 0x6a, 0xaf, 0xff, 0xff, 0xff, 0xff, 0xff, 0xff, 0xff, 0xff, 0xff, 0xff, 0xff, 0xfe,
    0xee, 0x96, 0x43, 0x55, 0x55, 0x65, 0x31, 0x00, 0x00, 0x00, 0x00, 0x12, 0x46, 0x55, 0x55, 0xaa,
    0xcc, 0xcc, 0xcc, 0xcc, 0xcc, 0xcc, 0xcc, 0xcc, 0xcc, 0xcc, 0xcd, 0xff, 0xff, 0xff, 0xff, 0xff,
    0xff, 0xff, 0xff, 0xed, 0xa9, 0x66, 0x56, 0x67, 0x77, 0x76, 0x66, 0x66, 0x65, 0x55, 0x55, 0x55,
    0x55, 0x54, 0x44, 0x45, 0x54, 0x42, 0x33, 0x58, 0xac, 0xcc, 0xaa, 0xcc, 0xcc, 0xcc, 0xcc, 0xcd,
    0xda, 0x98, 0x88, 0xac, 0xcc, 0xcc, 0xee, 0xff, 0xff, 0xff, 0xff, 0xff, 0xff, 0xff, 0xff, 0xff,
    0xff, 0xff, 0xff, 0xff, 0xff, 0xff, 0xe9, 0x86, 0x66, 0x66, 0x67, 0x66, 0x77, 0x97, 0x66, 0x66,
    0x69, 0x87, 0x66, 0x66, 0x89, 0x76, 0x66, 0x67, 0x87, 0x66, 0x6c, 0xdf, 0xff, 0xff, 0xff, 0xff,
    0xff, 0xff, 0xff, 0xff, 0xff, 0xff, 0xff, 0xfd, 0xdd, 0xba, 0x53, 0x55, 0x55, 0x55, 0x64, 0x31,
    0x10, 0x00, 0x01, 0x23, 0x45, 0x55, 0x44, 0xaa, 0xcc, 0xcc, 0xcc, 0xcc, 0xcc, 0xcc, 0xcc, 0xcc,
    0xcc, 0xcc, 0xcc, 0xde, 0xff, 0xff, 0xff, 0xff, 0xff, 0xfe, 0xdc, 0x99, 0x77, 0x66, 0x67, 0x77,
    0x66, 0x67, 0x76, 0x66, 0x55, 0x55, 0x55, 0x55, 0x55, 0x55, 0x55, 0x55, 0x54, 0x44, 0x44, 0x43,
    0x67, 0xbc, 0xcc, 0xcc, 0xcc, 0xcc, 0xcc, 0xcc, 0xcb, 0xcd, 0xcb, 0xbc, 0xcc, 0xcb, 0xbc, 0xff,
    0xff, 0xff, 0xff, 0xff, 0xff, 0xff, 0xff, 0xff, 0xff, 0xff, 0xff, 0xff, 0xff, 0xff, 0xe9, 0x86,
    0x66, 0x66, 0x67, 0x76, 0x67, 0x97, 0x66, 0x66, 0x69, 0x86, 0x66, 0x66, 0x89, 0x76, 0x66, 0x67,
    0x87, 0x67, 0x7c, 0xdf, 0xff, 0xff, 0xff, 0xff, 0xff, 0xff, 0xff, 0xff, 0xff, 0xff, 0xff, 0xfd,
    0xdd, 0xcb, 0x54, 0x45, 0x55, 0x55, 0x64, 0x32, 0x10, 0x01, 0x12, 0x23, 0x45, 0x55, 0x44, 0xaa,
    0xcc, 0xcc, 0xcc, 0xcc, 0xcc, 0xcc, 0xcc, 0xcc, 0xcc, 0xcb, 0xbc, 0xde, 0xff, 0xff, 0xff, 0xff,
    0xff, 0xfe, 0xcb, 0x98, 0x77, 0x66, 0x67, 0x77, 0x66, 0x67, 0x76, 0x66, 0x55, 0x55, 0x55, 0x55,
    0x55, 0x55, 0x55, 0x55, 0x54, 0x44, 0x44, 0x43, 0x56, 0xab, 0xcc, 0xcc, 0xcb, 0xbb, 0xcc, 0xcc,
    0xcc, 0xcd, 0xcc, 0xcc, 0xcc, 0xcb, 0xbc, 0xff, 0xff, 0xff, 0xff, 0xff, 0xff, 0xff, 0xff, 0xff,
    0xff, 0xff, 0xff, 0xff, 0xff, 0xf7, 0x76, 0x66, 0x78, 0x76, 0x89, 0x98, 0x66, 0x66, 0x67, 0x87,
    0x66, 0x66, 0x66, 0x66, 0x66, 0x66, 0x66, 0x66, 0x65, 0x59, 0xbf, 0xff, 0xff, 0xff, 0xff, 0xff,
    0xff, 0xff, 0xff, 0xff, 0xff, 0xff, 0xff, 0xfe, 0xed, 0xdd, 0x97, 0x43, 0x55, 0x55, 0x55, 0x55,
    0x53, 0x35, 0x55, 0x55, 0x55, 0x43, 0x56, 0xcc, 0xcc, 0xcc, 0xcc, 0xcc, 0xcc, 0xcc, 0xcc, 0xcc,
    0xcc, 0xcb, 0xbb, 0xce, 0xff, 0xff, 0xff, 0xfe, 0xdb, 0xa9, 0x88, 0x88, 0x77, 0x66, 0x66, 0x66,
    0x66, 0x64, 0x45, 0x56, 0x65, 0x55, 0x55, 0x55, 0x55, 0x55, 0x55, 0x54, 0x45, 0x55, 0x55, 0x55,
    0x44, 0x56, 0xbc, 0xcc, 0xcb, 0xab, 0xcc, 0xcc, 0xcc, 0xcc, 0xcc, 0xcc, 0xcc, 0xcc, 0xee, 0xff,
    0xff, 0xff, 0xff, 0xff, 0xff, 0xff, 0xff, 0xff, 0xff, 0xff, 0xff, 0xff, 0xff, 0xf7, 0x76, 0x77,
    0x78, 0x76, 0x88, 0x98, 0x77, 0x66, 0x67, 0x77, 0x76, 0x66, 0x77, 0x76, 0x66, 0x66, 0x77, 0x66,
    0x66, 0x6a, 0xcf, 0xff, 0xff, 0xff, 0xff, 0xff, 0xff, 0xff, 0xff, 0xff, 0xff, 0xff, 0xff, 0xee,
    0xed, 0xdd, 0x98, 0x44, 0x44, 0x55, 0x55, 0x55, 0x54, 0x45, 0x55, 0x55, 0x44, 0x44, 0x78, 0xcc,
    0xcc, 0xcc, 0xcc, 0xcc, 0xcc, 0xcc, 0xcc, 0xcc, 0xcc, 0xcb, 0xbb, 0xcd, 0xff, 0xfe, 0xee, 0xed,
    0xcb, 0xa9, 0x88, 0x88, 0x77, 0x66, 0x66, 0x66, 0x65, 0x53, 0x34, 0x56, 0x66, 0x65, 0x55, 0x55,
    0x55, 0x55, 0x55, 0x44, 0x45, 0x55, 0x55, 0x55, 0x44, 0x55, 0xab, 0xcc, 0xcb, 0xab, 0xcc, 0xcc,
    0xcc, 0xcc, 0xcc, 0xcc, 0xcc, 0xcc, 0xee, 0xff, 0xff, 0xff, 0xff, 0xff, 0xff, 0xff, 0xff, 0xff,
    0xff, 0xff, 0xff, 0xff, 0xff, 0xf7, 0x76, 0x79, 0x99, 0x76, 0x66, 0x99, 0x98, 0x66, 0x66, 0x68,
    0x96, 0x66, 0x79, 0x76, 0x66, 0x66, 0x98, 0x66, 0x68, 0x9d, 0xff, 0xff, 0xff, 0xff, 0xff, 0xff,
    0xff, 0xff, 0xff, 0xff, 0xff, 0xff, 0xfe, 0xef, 0xee, 0xcc, 0xcc, 0x66, 0x34, 0x55, 0x55, 0x55,
    0x55, 0x55, 0x55, 0x55, 0x43, 0x45, 0xbc, 0xcc, 0xcc, 0xcc, 0xcc, 0xcc, 0xcc, 0xcc, 0xcc, 0xcc,
    0xcc, 0xcc, 0xcc, 0xcc, 0xee, 0xed, 0xdc, 0xb9, 0x98, 0x88, 0x88, 0x88, 0x66, 0x55, 0x56, 0x65,
    0x43, 0x20, 0x02, 0x36, 0x66, 0x65, 0x55, 0x55, 0x55, 0x55, 0x54, 0x44, 0x45, 0x55, 0x55, 0x55,
    0x55, 0x33, 0x89, 0xcc, 0xcc, 0xcc, 0xcc, 0xcc, 0xcc, 0xcc, 0xcc, 0xcc, 0xcc, 0xcc, 0xee, 0xff,
    0xff, 0xff, 0xff, 0xff, 0xff, 0xff, 0xff, 0xff, 0xff, 0xff, 0xff, 0xff, 0xff, 0xfa, 0xa8, 0x89,
    0x99, 0x88, 0x76, 0x88, 0x98, 0x66, 0x66, 0x68, 0x86, 0x66, 0x78, 0x76, 0x77, 0x66, 0x87, 0x66,
    0x68, 0xae, 0xff, 0xff, 0xff, 0xff, 0xff, 0xff, 0xff, 0xff, 0xff, 0xff, 0xff, 0xfe, 0xee, 0xee,
    0xed, 0xcc, 0xcc, 0x98, 0x55, 0x44, 0x44, 0x44, 0x45, 0x54, 0x45, 0x44, 0x44, 0x67, 0xbc, 0xcc,
    0xcc, 0xcc, 0xcc, 0xcc, 0xcc, 0xcc, 0xcc, 0xcc, 0xcc, 0xcc, 0xcc, 0xcc, 0xdd, 0xdc, 0xba, 0xa8,
    0x88, 0x88, 0x88, 0x77, 0x66, 0x55, 0x56, 0x64, 0x31, 0x10, 0x02, 0x36, 0x66, 0x65, 0x55, 0x55,
    0x55, 0x55, 0x44, 0x44, 0x44, 0x45, 0x54, 0x44, 0x55, 0x44, 0x77, 0xcc, 0xcc, 0xcc, 0xcc, 0xcc,
    0xbb, 0xbc, 0xcc, 0xcc, 0xcc, 0xcc, 0xee, 0xff, 0xff, 0xff, 0xff, 0xff, 0xff, 0xff, 0xff, 0xff,
    0xff, 0xff, 0xff, 0xff, 0xff, 0xff, 0xe9, 0x99, 0x99, 0x99, 0x76, 0x67, 0x98, 0x66, 0x66, 0x66,
    0x66, 0x66, 0x66, 0x66, 0x78, 0x76, 0x66, 0x66, 0x6a, 0xde, 0xff, 0xff, 0xff, 0xff, 0xff, 0xff,
    0xff, 0xff, 0xff, 0xff, 0xff, 0xfe, 0xef, 0xfe, 0xdc, 0xcc, 0xcc, 0xcb, 0x87, 0x33, 0x33, 0x33,
    0x35, 0x53, 0x45, 0x43, 0x45, 0x89, 0xcc, 0xcc, 0xcc, 0xcc, 0xcc, 0xcc, 0xcc, 0xcc, 0xcc, 0xcc,
    0xcc, 0xcc, 0xcc, 0xcc, 0xcb, 0xba, 0xa8, 0x87, 0x78, 0x88, 0x88, 0x76, 0x55, 0x55, 0x55, 0x53,
    0x10, 0x00, 0x03, 0x46, 0x65, 0x55, 0x55, 0x55, 0x55, 0x54, 0x44, 0x44, 0x44, 0x44, 0x44, 0x44,
    0x55, 0x55, 0x56, 0xcc, 0xcc, 0xcc, 0xcc, 0xcc, 0xba, 0xac, 0xcc, 0xcc, 0xcc, 0xcc, 0xee, 0xff,
    0xff, 0xff, 0xff, 0xff, 0xff, 0xff, 0xff, 0xff, 0xff, 0xff, 0xff, 0xff, 0xff, 0xff, 0xfd, 0xdd,
    0xdd, 0xdd, 0xcb, 0x88, 0x99, 0xa9, 0x87, 0x66, 0x66, 0x78, 0x86, 0x66, 0x77, 0x66, 0x66, 0x67,
    0x7b, 0xef, 0xfe, 0xef, 0xff, 0xff, 0xff, 0xff, 0xff, 0xff, 0xff, 0xff, 0xfe, 0xee, 0xef, 0xec,
    0xcc, 0xcc, 0xcc, 0xcb, 0xba, 0x66, 0x66, 0x66, 0x65, 0x55, 0x55, 0x55, 0x78, 0xbc, 0xcc, 0xcc,
    0xcc, 0xcc, 0xcc, 0xcc, 0xcc, 0xcc, 0xcc, 0xcc, 0xcc, 0xcc, 0xcc, 0xcc, 0xca, 0x98, 0x88, 0x87,
    0x77, 0x88, 0x77, 0x66, 0x55, 0x66, 0x56, 0x64, 0x32, 0x12, 0x24, 0x55, 0x55, 0x55, 0x44, 0x55,
    0x55, 0x44, 0x44, 0x44, 0x44, 0x44, 0x44, 0x44, 0x55, 0x55, 0x45, 0xaa, 0xcc, 0xcc, 0xcb, 0xab,
    0xbb, 0xbc, 0xcc, 0xba, 0xbc, 0xcc, 0xcd, 0xff, 0xff, 0xff, 0xff, 0xff, 0xff, 0xff, 0xff, 0xff,
    0xff, 0xff, 0xff, 0xff, 0xff, 0xff, 0xff, 0xff, 0xff, 0xff, 0xff, 0x99, 0x9a, 0xcb, 0x97, 0x76,
    0x66, 0x79, 0x86, 0x66, 0x66, 0x66, 0x66, 0x67, 0x8c, 0xff, 0xfe, 0xef, 0xff, 0xff, 0xff, 0xff,
    0xff, 0xff, 0xff, 0xff, 0xfe, 0xee, 0xef, 0xec, 0xcc, 0xcc, 0xcc, 0xcc, 0xdc, 0x88, 0x78, 0x88,
    0x75, 0x56, 0x66, 0x67, 0x9a, 0xdd, 0xcc, 0xcc, 0xcc, 0xcc, 0xcc, 0xcc, 0xcc, 0xcc, 0xcc, 0xcc,
    0xcc, 0xcc, 0xcc, 0xcc, 0xc9, 0x76, 0x67, 0x78, 0x87, 0x78, 0x76, 0x65, 0x56, 0x66, 0x56, 0x65,
    0x53, 0x23, 0x35, 0x55, 0x55, 0x55, 0x44, 0x55, 0x54, 0x44, 0x54, 0x44, 0x45, 0x55, 0x55, 0x55,
    0x55, 0x55, 0x34, 0x9a, 0xcc, 0xcc, 0xca, 0xab, 0xcc, 0xcc, 0xcc, 0xaa, 0xbc, 0xcb, 0xbc, 0xff,
    0xff, 0xff, 0xff, 0xff, 0xff, 0xff, 0xff, 0xff, 0xff, 0xff, 0xff, 0xff, 0xff, 0xff, 0xff, 0xff,
    0xff, 0xff, 0xff, 0xee, 0xee, 0xfe, 0xee, 0xdd, 0xdd, 0xde, 0xed, 0xcb, 0xcc, 0xbb, 0x66, 0x67,
    0x9c, 0xfe, 0xed, 0xde, 0xef, 0xfe, 0xef, 0xff, 0xff, 0xff, 0xff, 0xfe, 0xee, 0xff, 0xfd, 0xcc,
    0xcc, 0xcc, 0xcc, 0xcc, 0xcc, 0xbb, 0xcc, 0xcb, 0xb9, 0x9a, 0xaa, 0xbc, 0xbb, 0xcc, 0xcc, 0xcc,
    0xcc, 0xcc, 0xcc, 0xcc, 0xcc, 0xcc, 0xcc, 0xcc, 0xcc, 0xcc, 0xcc, 0xcc, 0xc9, 0x86, 0x56, 0x66,
    0x66, 0x66, 0x66, 0x65, 0x55, 0x65, 0x55, 0x55, 0x54, 0x45, 0x55, 0x55, 0x55, 0x55, 0x55, 0x44,
    0x54, 0x44, 0x44, 0x55, 0x56, 0x66, 0x66, 0x66, 0x65, 0x55, 0x45, 0x78, 0xcc, 0xcc, 0xcb, 0xbb,
    0xcc, 0xcc, 0xcc, 0xbb, 0xbc, 0xcc, 0xde, 0xff, 0xff, 0xff, 0xff, 0xff, 0xff, 0xff, 0xff, 0xff,
    0xff, 0xff, 0xff, 0xff, 0xff, 0xff, 0xff, 0xff, 0xff, 0xff, 0xff, 0xff, 0xff, 0xff, 0xff, 0xff,
    0xff, 0xff, 0xff, 0xdc, 0xde, 0xdc, 0x66, 0x67, 0x9c, 0xfe, 0xdd, 0xde, 0xef, 0xee, 0xef, 0xff,
    0xff, 0xff, 0xff, 0xfe, 0xee, 0xff, 0xfc, 0xcc, 0xcc, 0xcc, 0xcc, 0xcc, 0xcc, 0xcc, 0xdd, 0xdc,
    0xca, 0xac, 0xcc, 0xcd, 0xcc, 0xcc, 0xcc, 0xcc, 0xcc, 0xcc, 0xcc, 0xcc, 0xcc, 0xcc, 0xcc, 0xcc,
    0xcc, 0xcc, 0xcc, 0xcc, 0xc9, 0x85, 0x56, 0x65, 0x66, 0x65, 0x66, 0x65, 0x55, 0x55, 0x55, 0x55,
    0x55, 0x55, 0x55, 0x55, 0x55, 0x55, 0x55, 0x44, 0x54, 0x44, 0x44, 0x55, 0x57, 0x77, 0x76, 0x66,
    0x65, 0x55, 0x55, 0x68, 0xcc, 0xcc, 0xcc, 0xcc, 0xcc, 0xcc, 0xcc, 0xcc, 0xcc, 0xcc, 0xee, 0xff,
    0xff, 0xff, 0xff, 0xff, 0xff, 0xff, 0xff, 0xff, 0xff, 0xff, 0xff, 0xff, 0xff, 0xff, 0xff, 0xff,
    0xff, 0xff, 0xff, 0xff, 0xff, 0xff, 0xff, 0xff, 0xff, 0xff, 0xff, 0xff, 0xff, 0xff, 0xff, 0xfe,
    0xed, 0xdd, 0xdd, 0xdd, 0xdd, 0xef, 0xff, 0xff, 0xee, 0xee, 0xee, 0xfe, 0xef, 0xfe, 0xdc, 0xcc,
    0xcc, 0xcc, 0xcc, 0xcc, 0xcc, 0xcc, 0xcc, 0xcc, 0xcb, 0xbc, 0xcc, 0xcc, 0xcc, 0xcc, 0xcc, 0xcc,
    0xcc, 0xcc, 0xcc, 0xcc, 0xcc, 0xcc, 0xcc, 0xcc, 0xcc, 0xcc, 0xcc, 0xcc, 0xdb, 0x95, 0x45, 0x55,
    0x55, 0x55, 0x55, 0x55, 0x55, 0x55, 0x44, 0x55, 0x55, 0x55, 0x55, 0x55, 0x44, 0x45, 0x55, 0x55,
    0x44, 0x55, 0x56, 0x77, 0x76, 0x66, 0x67, 0x77, 0x66, 0x55, 0x55, 0x56, 0xab, 0xcc, 0xcc, 0xcc,
    0xcc, 0xba, 0xbc, 0xcc, 0xcc, 0xcc, 0xcd, 0xff, 0xff, 0xff, 0xff, 0xff, 0xff, 0xff, 0xff, 0xff,
    0xff, 0xff, 0xff, 0xff, 0xff, 0xff, 0xff, 0xff, 0xff, 0xff, 0xff, 0xff, 0xff, 0xff, 0xff, 0xff,
    0xff, 0xff, 0xff, 0xff, 0xff, 0xff, 0xff, 0xff, 0xee, 0xdd, 0xdd, 0xdd, 0xdd, 0xef, 0xff, 0xff,
    0xee, 0xee, 0xde, 0xfe, 0xef, 0xfd, 0xdc, 0xcc, 0xcc, 0xcc, 0xcc, 0xcc, 0xcc, 0xcc, 0xcc, 0xcc,
    0xcc, 0xcc, 0xcc, 0xcc, 0xcc, 0xcc, 0xcc, 0xcc, 0xcc, 0xcc, 0xcc, 0xcc, 0xcc, 0xcc, 0xcc, 0xcc,
    0xcc, 0xcc, 0xcc, 0xcc, 0xdb, 0x95, 0x45, 0x55, 0x55, 0x55, 0x55, 0x55, 0x55, 0x55, 0x44, 0x55,
    0x55, 0x55, 0x55, 0x55, 0x44, 0x45, 0x55, 0x55, 0x44, 0x55, 0x66, 0x77, 0x76, 0x66, 0x67, 0x77,
    0x76, 0x55, 0x55, 0x56, 0xab, 0xcc, 0xcc, 0xcc, 0xcc, 0xba, 0xbc, 0xcc, 0xcc, 0xcc, 0xcd, 0xff,
    0xff, 0xff, 0xff, 0xff, 0xff, 0xff, 0xff, 0xff, 0xff, 0xff, 0xff, 0xff, 0xff, 0xff, 0xff, 0xff,
    0xff, 0xff, 0xff, 0xff, 0xff, 0xff, 0xff, 0xff, 0xff, 0xff, 0xff, 0xff, 0xff, 0xff, 0xff, 0xff,
    0xdd, 0xdd, 0xdd, 0xdd, 0xdd, 0xdd, 0xee, 0xef, 0xff, 0xdd, 0xcc, 0xcd, 0xed, 0xdc, 0xcc, 0xcc,
    0xcc, 0xcc, 0xcc, 0xcc, 0xcc, 0xcc, 0xcc, 0xcc, 0xcc, 0xcc, 0xcc, 0xcc, 0xcc, 0xcc, 0xcc, 0xcc,
    0xcc, 0xcc, 0xcc, 0xcc, 0xcc, 0xcc, 0xcc, 0xcc, 0xcc, 0xcc, 0xcc, 0xcc, 0xcb, 0xa6, 0x55, 0x55,
    0x55, 0x55, 0x55, 0x55, 0x55, 0x55, 0x55, 0x55, 0x55, 0x54, 0x45, 0x55, 0x55, 0x55, 0x44, 0x55,
    0x56, 0x77, 0x77, 0x66, 0x67, 0x77, 0x76, 0x66, 0x77, 0x66, 0x55, 0x45, 0x8a, 0xcc, 0xcc, 0xcc,
    0xcc, 0xcc, 0xcc, 0xcc, 0xcc, 0xcc, 0xcd, 0xff, 0xff, 0xff, 0xff, 0xff, 0xff, 0xff, 0xff, 0xff,
    0xff, 0xff, 0xff, 0xff, 0xff, 0xff, 0xff, 0xff, 0xff, 0xff, 0xff, 0xff, 0xff, 0xff, 0xff, 0xff,
    0xff, 0xff, 0xff, 0xff, 0xff, 0xff, 0xff, 0xff, 0xdd, 0xdd, 0xde, 0xed, 0xdd, 0xdd, 0xde, 0xef,
    0xfe, 0xdd, 0xcc, 0xcd, 0xdd, 0xdc, 0xcc, 0xcc, 0xcc, 0xcc, 0xcc, 0xcc, 0xcc, 0xcc, 0xcc, 0xcc,
    0xcc, 0xcc, 0xcc, 0xcc, 0xcc, 0xcc, 0xcc, 0xcc, 0xcc, 0xcc, 0xcc, 0xcc, 0xcc, 0xcc, 0xcc, 0xcc,
    0xcc, 0xcc, 0xcc, 0xcc, 0xcb, 0xa6, 0x54, 0x45, 0x55, 0x55, 0x55, 0x55, 0x55, 0x55, 0x55, 0x45,
    0x55, 0x54, 0x45, 0x55, 0x54, 0x55, 0x44, 0x55, 0x66, 0x77, 0x76, 0x66, 0x77, 0x77, 0x76, 0x66,
    0x77, 0x66, 0x55, 0x35, 0x8a, 0xcc, 0xcc, 0xcb, 0xbc, 0xcc, 0xcc, 0xcc, 0xcc, 0xcc, 0xde, 0xff,
    0xff, 0xff, 0xff, 0xff, 0xff, 0xff, 0xff, 0xff, 0xff, 0xff, 0xff, 0xff, 0xff, 0xff, 0xff, 0xff,
    0xff, 0xff, 0xff, 0xff, 0xff, 0xff, 0xff, 0xff, 0xff, 0xff, 0xff, 0xff, 0xff, 0xff, 0xff, 0xff,
    0xdd, 0xdd, 0xde, 0xed, 0xdd, 0xdd, 0xdd, 0xef, 0xee, 0xdd, 0xdd, 0xcc, 0xcc, 0xcc, 0xcc, 0xcc,
    0xcc, 0xcc, 0xcc, 0xcc, 0xcc, 0xcc, 0xcc, 0xcc, 0xcc, 0xcc, 0xcc, 0xcc, 0xcc, 0xcc, 0xcc, 0xcc,
    0xcc, 0xcc, 0xcc, 0xcc, 0xcc, 0xcc, 0xcc, 0xcc, 0xcc, 0xcc, 0xcc, 0xcc, 0xcb, 0xa6, 0x54, 0x45,
    0x55, 0x55, 0x55, 0x55, 0x55, 0x55, 0x54, 0x44, 0x55, 0x55, 0x55, 0x55, 0x44, 0x45, 0x55, 0x66,
    0x77, 0x77, 0x66, 0x67, 0x76, 0x55, 0x66, 0x66, 0x66, 0x77, 0x54, 0x24, 0x8a, 0xcc, 0xcc, 0xca,
    0xac, 0xcc, 0xcc, 0xcc, 0xcc, 0xee, 0xff, 0xff, 0xff, 0xff, 0xff, 0xff, 0xff, 0xff, 0xff, 0xff,
    0xff, 0xff, 0xff, 0xff, 0xff, 0xff, 0xff, 0xff, 0xff, 0xff, 0xff, 0xff, 0xff, 0xff, 0xff, 0xff,
    0xff, 0xff, 0xff, 0xff, 0xff, 0xff, 0xff, 0xfe, 0xdd, 0xdd, 0xde, 0xed, 0xde, 0xed, 0xdd, 0xee,
    0xed, 0xdd, 0xcc, 0xcc, 0xcc, 0xcc, 0xcc, 0xcc, 0xcc, 0xcc, 0xcc, 0xcc, 0xcc, 0xcc, 0xcc, 0xcc,
    0xcc, 0xcc, 0xcc, 0xcc, 0xcc, 0xcc, 0xcc, 0xcc, 0xcc, 0xcc, 0xcc, 0xcc, 0xcc, 0xcc, 0xcc, 0xcc,
    0xcc, 0xcc, 0xcc, 0xcc, 0xdb, 0xa6, 0x44, 0x45, 0x54, 0x55, 0x55, 0x55, 0x55, 0x55, 0x54, 0x44,
    0x54, 0x45, 0x55, 0x54, 0x44, 0x55, 0x66, 0x77, 0x77, 0x77, 0x76, 0x66, 0x65, 0x55, 0x56, 0x66,
    0x66, 0x66, 0x55, 0x35, 0x9a, 0xcc, 0xcc, 0xcb, 0xbc, 0xcc, 0xcc, 0xcc, 0xcc, 0xee, 0xff, 0xff,
    0xff, 0xff, 0xff, 0xff, 0xff, 0xff, 0xff, 0xff, 0xff, 0xff, 0xff, 0xff, 0xff, 0xff, 0xff, 0xff,
    0xff, 0xff, 0xff, 0xff, 0xff, 0xff, 0xff, 0xff, 0xff, 0xff, 0xff, 0xff, 0xff, 0xff, 0xff, 0xee,
    0xdd, 0xdd, 0xdd, 0xdd, 0xee, 0xed, 0xdd, 0xdd, 0xdd, 0xcc, 0xcc, 0xcc, 0xcc, 0xcc, 0xcc, 0xcc,
    0xcc, 0xcc, 0xcc, 0xcc, 0xcc, 0xcc, 0xcc, 0xcc, 0xcc, 0xcc, 0xcc, 0xcc, 0xcc, 0xcc, 0xcc, 0xcc,
    0xcc, 0xcc, 0xcc, 0xcc, 0xcc, 0xcc, 0xcc, 0xcc, 0xcc, 0xcc, 0xcc, 0xcc, 0xdb, 0x95, 0x45, 0x55,
    0x44, 0x45, 0x55, 0x55, 0x55, 0x55, 0x55, 0x55, 0x54, 0x45, 0x55, 0x44, 0x45, 0x55, 0x77, 0x77,
    0x66, 0x67, 0x77, 0x66, 0x55, 0x55, 0x55, 0x55, 0x66, 0x66, 0x66, 0x35, 0xab, 0xcc, 0xcc, 0xcc,
    0xcc, 0xcc, 0xcc, 0xcc, 0xcc, 0xee, 0xff, 0xff, 0xff, 0xff, 0xff, 0xff, 0xff, 0xff, 0xff, 0xff,
    0xff, 0xff, 0xff, 0xff, 0xff, 0xff, 0xff, 0xff, 0xff, 0xff, 0xff, 0xff, 0xff, 0xff, 0xff, 0xff,
    0xff, 0xff, 0xff, 0xff, 0xff, 0xff, 0xff, 0xee, 0xdd, 0xdd, 0xdd, 0xdd, 0xde, 0xed, 0xdd, 0xdd,
    0xcc, 0xcc, 0xcc, 0xcc, 0xcc, 0xcc, 0xcc, 0xcc, 0xcc, 0xcc, 0xcc, 0xcc, 0xcc, 0xcc, 0xcc, 0xcc,
    0xcc, 0xcc, 0xcc, 0xcc, 0xcc, 0xcc, 0xcc, 0xcc, 0xcc, 0xcc, 0xcc, 0xcc, 0xcc, 0xcc, 0xcc, 0xcc,
    0xcc, 0xcc, 0xcc, 0xcc, 0xda, 0x95, 0x45, 0x55, 0x54, 0x55, 0x55, 0x55, 0x55, 0x55, 0x55, 0x55,
    0x54, 0x45, 0x54, 0x44, 0x56, 0x66, 0x77, 0x76, 0x66, 0x76, 0x66, 0x55, 0x55, 0x55, 0x55, 0x55,
    0x56, 0x66, 0x55, 0x35, 0xab, 0xcc, 0xcc, 0xcc, 0xcc, 0xba, 0xbc, 0xcc, 0xcc, 0xef, 0xff, 0xff,
    0xff, 0xff, 0xff, 0xff, 0xff, 0xff, 0xff, 0xff, 0xff, 0xff, 0xff, 0xff, 0xff, 0xff, 0xff, 0xff,
    0xff, 0xff, 0xff, 0xff, 0xff, 0xff, 0xff, 0xff, 0xff, 0xff, 0xff, 0xff, 0xff, 0xff, 0xff, 0xee,
    0xdd, 0xdd, 0xdd, 0xdd, 0xdd, 0xdd, 0xdd, 0xdd, 0xcc, 0xcc, 0xcc, 0xcc, 0xcc, 0xcc, 0xcc, 0xcc,
    0xcc, 0xcc, 0xcc, 0xcc, 0xcc, 0xcc, 0xcc, 0xcc, 0xcc, 0xcc, 0xcc, 0xcc, 0xcc, 0xcc, 0xcc, 0xcc,
    0xcc, 0xcc, 0xcc, 0xcc, 0xcc, 0xcc, 0xcc, 0xcc, 0xcc, 0xcc, 0xcc, 0xcc, 0xca, 0x95, 0x45, 0x55,
    0x55, 0x55, 0x55, 0x55, 0x55, 0x55, 0x55, 0x55, 0x55, 0x55, 0x54, 0x44, 0x56, 0x77, 0x77, 0x66,
    0x67, 0x76, 0x55, 0x55, 0x55, 0x55, 0x55, 0x55, 0x55, 0x66, 0x55, 0x45, 0xab, 0xcc, 0xcc, 0xcc,
    0xcc, 0xba, 0xbc, 0xcc, 0xcc, 0xff, 0xff, 0xff, 0xff, 0xff, 0xff, 0xff, 0xff, 0xff, 0xff, 0xff,
    0xff, 0xff, 0xff, 0xff, 0xff, 0xff, 0xff, 0xff, 0xff, 0xff, 0xff, 0xff, 0xff, 0xff, 0xff, 0xff,
    0xff, 0xff, 0xff, 0xff, 0xff, 0xff, 0xff, 0xcd, 0xdd, 0xde, 0xed, 0xdd, 0xdd, 0xdd, 0xdd, 0xdd,
    0xcc, 0xcc, 0xcc, 0xcc, 0xcc, 0xcc, 0xcc, 0xcc, 0xcc, 0xcc, 0xcc, 0xcc, 0xcc, 0xcc, 0xcc, 0xcc,
    0xcc, 0xcc, 0xcc, 0xcc, 0xcc, 0xcc, 0xcc, 0xcc, 0xcc, 0xcc, 0xcc, 0xcc, 0xcc, 0xcc, 0xcc, 0xcc,
    0xcc, 0xcc, 0xcc, 0xcc, 0xca, 0x85, 0x45, 0x55, 0x55, 0x55, 0x55, 0x55, 0x55, 0x55, 0x54, 0x44,
    0x55, 0x54, 0x45, 0x56, 0x77, 0x76, 0x66, 0x77, 0x77, 0x65, 0x55, 0x55, 0x55, 0x55, 0x55, 0x55,
    0x55, 0x66, 0x55, 0x57, 0xbb, 0xcc, 0xca, 0xab, 0xcc, 0xbb, 0xbc, 0xcc, 0xdd, 0xff, 0xff, 0xff,
    0xff, 0xff, 0xff, 0xff, 0xff, 0xff, 0xff, 0xff, 0xff, 0xff, 0xff, 0xff, 0xff, 0xff, 0xff, 0xff,
    0xff, 0xff, 0xff, 0xff, 0xff, 0xff, 0xff, 0xff, 0xff, 0xff, 0xff, 0xff, 0xff, 0xff, 0xff, 0xcd,
    0xdd, 0xde, 0xed, 0xdd, 0xdd, 0xdd, 0xdd, 0xdd, 0xcc, 0xcc, 0xcc, 0xcc, 0xcc, 0xcc, 0xcc, 0xcc,
    0xcc, 0xcc, 0xcc, 0xcc, 0xcc, 0xcc, 0xcc, 0xcc, 0xcc, 0xcc, 0xcc, 0xcc, 0xcc, 0xcc, 0xcc, 0xcc,
    0xcc, 0xcc, 0xcc, 0xcc, 0xcc, 0xcc, 0xcc, 0xcc, 0xcc, 0xcc, 0xcc, 0xcc, 0xca, 0x85, 0x45, 0x55,
    0x55, 0x55, 0x55, 0x55, 0x55, 0x55, 0x54, 0x44, 0x55, 0x54, 0x45, 0x57, 0x77, 0x76, 0x66, 0x77,
    0x77, 0x55, 0x55, 0x55, 0x55, 0x55, 0x55, 0x55, 0x55, 0x66, 0x55, 0x68, 0xcc, 0xcc, 0xca, 0xab,
    0xcc, 0xcc, 0xcc, 0xcc, 0xde, 0xff, 0xff, 0xff, 0xff, 0xff, 0xff, 0xff, 0xff, 0xff, 0xff, 0xff,
    0xff, 0xff, 0xff, 0xff, 0xff, 0xff, 0xff, 0xff, 0xff, 0xff, 0xff, 0xff, 0xff, 0xff, 0xff, 0xff,
    0xff, 0xff, 0xff, 0xff, 0xff, 0xff, 0xff, 0xdd, 0xdd, 0xdd, 0xdd, 0xdd, 0xef, 0xed, 0xdd, 0xcc,
    0xcc, 0xcc, 0xcc, 0xcc, 0xcc, 0xcc, 0xcc, 0xcc, 0xcc, 0xcc, 0xcc, 0xcc, 0xcc, 0xcc, 0xcc, 0xcc,
    0xcc, 0xcc, 0xcc, 0xcc, 0xcc, 0xcc, 0xcc, 0xcc, 0xcc, 0xcc, 0xcc, 0xcc, 0xcc, 0xcc, 0xcc, 0xcc,
    0xcc, 0xcc, 0xcc, 0xcc, 0xc8, 0x64, 0x45, 0x55, 0x55, 0x55, 0x55, 0x55, 0x55, 0x55, 0x55, 0x55,
    0x54, 0x44, 0x47, 0x77, 0x77, 0x76, 0x77, 0x66, 0x65, 0x55, 0x55, 0x55, 0x53, 0x35, 0x55, 0x55,
    0x55, 0x66, 0x55, 0x78, 0xcc, 0xcc, 0xcb, 0xbc, 0xcc, 0xcc, 0xcc, 0xcc, 0xef, 0xff, 0xff, 0xff,
    0xff, 0xff, 0xff, 0xff, 0xff, 0xff, 0xff, 0xff, 0xff, 0xff, 0xff, 0xff, 0xff, 0xff, 0xff, 0xff,
    0xff, 0xff, 0xff, 0xff, 0xff, 0xff, 0xff, 0xff, 0xff, 0xff, 0xff, 0xff, 0xff, 0xff, 0xff, 0xdd,
    0xdd, 0xdd, 0xdd, 0xdd, 0xef, 0xed, 0xdd, 0xcc, 0xcc, 0xcc, 0xcc, 0xcc, 0xcc, 0xcc, 0xcc, 0xcc,
    0xcc, 0xcc, 0xcc, 0xcc, 0xcc, 0xcc, 0xcc, 0xcc, 0xcc, 0xcc, 0xcc, 0xcc, 0xcc, 0xcc, 0xcc, 0xcc,
    0xcc, 0xcc, 0xcc, 0xcc, 0xcc, 0xcc, 0xcc, 0xcc, 0xcc, 0xcc, 0xcc, 0xcc, 0xc8, 0x64, 0x45, 0x55,
    0x55, 0x55, 0x55, 0x55, 0x55, 0x55, 0x55, 0x55, 0x54, 0x44, 0x47, 0x77, 0x77, 0x76, 0x77, 0x66,
    0x55, 0x55, 0x55, 0x45, 0x54, 0x45, 0x55, 0x55, 0x55, 0x67, 0x56, 0x78, 0xcc, 0xcc, 0xcc, 0xcc,
    0xcc, 0xcc, 0xcc, 0xcc, 0xef, 0xff, 0xff, 0xff, 0xff, 0xff, 0xff, 0xff, 0xff, 0xff, 0xff, 0xff,
    0xff, 0xff, 0xff, 0xff, 0xff, 0xff, 0xff, 0xff, 0xff, 0xff, 0xff, 0xff, 0xff, 0xff, 0xff, 0xff,
    0xff, 0xff, 0xff, 0xff, 0xff, 0xff, 0xff, 0xdd, 0xdd, 0xdd, 0xdd, 0xdd, 0xdd, 0xdd, 0xcc, 0xcc,
    0xcc, 0xcc, 0xcc, 0xcc, 0xcc, 0xcc, 0xcc, 0xcc, 0xcc, 0xcc, 0xcc, 0xcc, 0xcc, 0xcc, 0xcc, 0xcc,
    0xcc, 0xcc, 0xcc, 0xcc, 0xcc, 0xcc, 0xcc, 0xcc, 0xcc, 0xcc, 0xcc, 0xcc, 0xcc, 0xcc, 0xcc, 0xcc,
    0xcc, 0xcc, 0xcc, 0xcc, 0xc8, 0x64, 0x45, 0x55, 0x55, 0x55, 0x44, 0x45, 0x55, 0x55, 0x55, 0x54,
    0x44, 0x46, 0x67, 0x77, 0x77, 0x76, 0x77, 0x55, 0x55, 0x55, 0x54, 0x34, 0x55, 0x55, 0x55, 0x55,
    0x55, 0x88, 0x67, 0x89, 0xcc, 0xcc, 0xcc, 0xcc, 0xcc, 0xcc, 0xcc, 0xcc, 0xff, 0xff, 0xff, 0xff,
    0xff, 0xff, 0xff, 0xff, 0xff, 0xff, 0xff, 0xff, 0xff, 0xff, 0xff, 0xff, 0xff, 0xff, 0xff, 0xff,
    0xff, 0xff, 0xff, 0xff, 0xff, 0xff, 0xff, 0xff, 0xff, 0xff, 0xff, 0xff, 0xff, 0xff, 0xff, 0xdd,
    0xdd, 0xdd, 0xde, 0xed, 0xde, 0xed, 0xcc, 0xcc, 0xcc, 0xcc, 0xcc, 0xcc, 0xcc, 0xcc, 0xcc, 0xcc,
    0xcc, 0xcc, 0xcc, 0xcc, 0xcc, 0xcc, 0xcc, 0xcc, 0xcc, 0xcc, 0xcc, 0xcc, 0xcc, 0xcc, 0xcc, 0xcc,
    0xcc, 0xcc, 0xcc, 0xcc, 0xcc, 0xcc, 0xcc, 0xcc, 0xcc, 0xcc, 0xcc, 0xdc, 0xb8, 0x65, 0x45, 0x55,
    0x55, 0x55, 0x44, 0x55, 0x55, 0x45, 0x55, 0x44, 0x45, 0x56, 0x67, 0x77, 0x77, 0x77, 0x77, 0x55,
    0x55, 0x55, 0x54, 0x44, 0x54, 0x45, 0x54, 0x45, 0x66, 0x89, 0x78, 0x9a, 0xcc, 0xcc, 0xcc, 0xcc,
    0xcc, 0xcc, 0xbb, 0xcd, 0xff, 0xff, 0xff, 0xff, 0xff, 0xff, 0xff, 0xff, 0xff, 0xff, 0xff, 0xff,
    0xff, 0xff, 0xff, 0xff, 0xff, 0xff, 0xff, 0xff, 0xff, 0xff, 0xff, 0xff, 0xff, 0xff, 0xff, 0xff,
    0xff, 0xff, 0xff, 0xff, 0xff, 0xff, 0xff, 0xdd, 0xdd, 0xdd, 0xde, 0xed, 0xef, 0xed, 0xcc, 0xcc,
    0xcc, 0xcc, 0xcc, 0xcc, 0xcc, 0xcc, 0xcc, 0xcc, 0xcc, 0xcc, 0xcc, 0xcc, 0xcc, 0xcc, 0xcc, 0xcc,
    0xcc, 0xcc, 0xcc, 0xcc, 0xcc, 0xcc, 0xcc, 0xcc, 0xcc, 0xcc, 0xcc, 0xcc, 0xcc, 0xcc, 0xcc, 0xcc,
    0xcc, 0xcc, 0xcc, 0xdc, 0xa7, 0x55, 0x55, 0x55, 0x55, 0x55, 0x55, 0x55, 0x55, 0x44, 0x54, 0x44,
    0x57, 0x77, 0x77, 0x77, 0x77, 0x77, 0x65, 0x55, 0x55, 0x55, 0x55, 0x55, 0x53, 0x35, 0x43, 0x45,
    0x67, 0x99, 0xaa, 0xcc, 0xcc, 0xcc, 0xcc, 0xcc, 0xcc, 0xcc, 0xba, 0xef, 0xff, 0xff, 0xff, 0xff,
    0xff, 0xff, 0xff, 0xff, 0xff, 0xff, 0xff, 0xff, 0xff, 0xff, 0xff, 0xff, 0xff, 0xff, 0xff, 0xff,
    0xff, 0xff, 0xff, 0xff, 0xff, 0xff, 0xff, 0xff, 0xff, 0xff, 0xff, 0xff, 0xff, 0xff, 0xff, 0xdd,
    0xdd, 0xdd, 0xde, 0xed, 0xde, 0xdc, 0xcc, 0xcc, 0xcc, 0xcc, 0xcc, 0xcc, 0xcc, 0xcc, 0xcc, 0xcc,
    0xcc, 0xcc, 0xcc, 0xcc, 0xcc, 0xcc, 0xcc, 0xcc, 0xcc, 0xcc, 0xcc, 0xcc, 0xcc, 0xcc, 0xcc, 0xcc,
    0xcc, 0xcc, 0xcc, 0xcc, 0xcc, 0xcc, 0xcc, 0xcc, 0xcc, 0xcc, 0xcc, 0xec, 0x96, 0x45, 0x56, 0x65,
    0x55, 0x55, 0x55, 0x55, 0x55, 0x44, 0x44, 0x45, 0x67, 0x77, 0x77, 0x77, 0x77, 0x77, 0x55, 0x55,
    0x44, 0x54, 0x44, 0x54, 0x44, 0x45, 0x44, 0x45, 0x78, 0x99, 0xaa, 0xcc, 0xcc, 0xcc, 0xcc, 0xcc,
    0xcc, 0xbb, 0xcd, 0xef, 0xff, 0xff, 0xff, 0xff, 0xff, 0xff, 0xff, 0xff, 0xff, 0xff, 0xff, 0xff,
    0xff, 0xff, 0xff, 0xff, 0xff, 0xff, 0xff, 0xff, 0xff, 0xff, 0xff, 0xff, 0xff, 0xff, 0xff, 0xff,
    0xff, 0xff, 0xff, 0xff, 0xff, 0xff, 0xff, 0xdd, 0xdd, 0xdd, 0xdd, 0xdd, 0xdd, 0xdc, 0xcc, 0xcc,
    0xcc, 0xcc, 0xcc, 0xcc, 0xcc, 0xcc, 0xcc, 0xcc, 0xcc, 0xcc, 0xcc, 0xcc, 0xcc, 0xcc, 0xcc, 0xcc,
    0xcc, 0xcc, 0xcc, 0xcc, 0xcc, 0xcc, 0xcc, 0xcc, 0xcc, 0xcc, 0xcc, 0xcc, 0xcc, 0xcc, 0xcc, 0xcc,
    0xcc, 0xcc, 0xcc, 0xec, 0x86, 0x45, 0x56, 0x65, 0x55, 0x55, 0x55, 0x55, 0x55, 0x44, 0x34, 0x56,
    0x77, 0x77, 0x77, 0x77, 0x77, 0x76, 0x55, 0x54, 0x34, 0x54, 0x34, 0x54, 0x35, 0x55, 0x55, 0x56,
    0x89, 0x88, 0xaa, 0xcc, 0xcc, 0xcc, 0xcc, 0xcc, 0xcc, 0xbb, 0xdf, 0xff, 0xff, 0xff, 0xff, 0xff,
    0xff, 0xff, 0xff, 0xff, 0xff, 0xff, 0xff, 0xff, 0xff, 0xff, 0xff, 0xff, 0xff, 0xff, 0xff, 0xff,
    0xff, 0xff, 0xff, 0xff, 0xff, 0xff, 0xff, 0xff, 0xff, 0xff, 0xff, 0xff, 0xff, 0xff, 0xff, 0xee,
    0xdd, 0xdd, 0xdd, 0xdd, 0xdc, 0xcc, 0xcc, 0xcc, 0xcc, 0xcc, 0xcc, 0xcc, 0xcc, 0xcc, 0xcc, 0xcc,
    0xcc, 0xcc, 0xcc, 0xcc, 0xcc, 0xcc, 0xcc, 0xcc, 0xcc, 0xcc, 0xcc, 0xcc, 0xcc, 0xcc, 0xcc, 0xcc,
    0xcc, 0xcc, 0xcc, 0xcc, 0xcc, 0xcc, 0xcc, 0xcc, 0xcc, 0xcc, 0xcc, 0xca, 0x76, 0x55, 0x56, 0x65,
    0x55, 0x55, 0x55, 0x55, 0x55, 0x34, 0x45, 0x67, 0x77, 0x77, 0x77, 0x77, 0x77, 0x65, 0x55, 0x44,
    0x44, 0x54, 0x44, 0x54, 0x44, 0x45, 0x44, 0x56, 0x89, 0x99, 0xbb, 0xcc, 0xcc, 0xcc, 0xcc, 0xcc,
    0xcc, 0xce, 0xff, 0xff, 0xff, 0xff, 0xff, 0xff, 0xff, 0xff, 0xff, 0xff, 0xff, 0xff, 0xff, 0xff,
    0xff, 0xff, 0xff, 0xff, 0xff, 0xff, 0xff, 0xff, 0xff, 0xff, 0xff, 0xff, 0xff, 0xff, 0xff, 0xff,
    0xff, 0xff, 0xff, 0xff, 0xff, 0xff, 0xff, 0xee, 0xdd, 0xdd, 0xdd, 0xdd, 0xdc, 0xcc, 0xcc, 0xcc,
    0xcc, 0xcc, 0xcc, 0xcc, 0xcc, 0xcc, 0xcc, 0xcc, 0xcc, 0xcc, 0xcc, 0xcc, 0xcc, 0xcc, 0xcc, 0xcc,
    0xcc, 0xcc, 0xcc, 0xcc, 0xcc, 0xcc, 0xcc, 0xcc, 0xcc, 0xcc, 0xcc, 0xcc, 0xcc, 0xcc, 0xcc, 0xcc,
    0xcc, 0xcc, 0xcc, 0xc9, 0x66, 0x55, 0x56, 0x65, 0x55, 0x55, 0x55, 0x55, 0x55, 0x34, 0x56, 0x77,
    0x77, 0x77, 0x77, 0x77, 0x77, 0x65, 0x55, 0x33, 0x55, 0x55, 0x55, 0x55, 0x54, 0x45, 0x43, 0x46,
    0x89, 0x99, 0xbc, 0xcc, 0xcc, 0xcc, 0xcc, 0xcc, 0xcc, 0xdf, 0xff, 0xff, 0xff, 0xff, 0xff, 0xff,
    0xff, 0xff, 0xff, 0xff, 0xff, 0xff, 0xff, 0xff, 0xff, 0xff, 0xff, 0xff, 0xff, 0xff, 0xff, 0xff,
    0xff, 0xff, 0xff, 0xff, 0xff, 0xff, 0xff, 0xff, 0xff, 0xff, 0xff, 0xff, 0xff, 0xff, 0xff, 0xee,
    0xdd, 0xdd, 0xdd, 0xdd, 0xdc, 0xcc, 0xcc, 0xcc, 0xcc, 0xcc, 0xcc, 0xcc, 0xcc, 0xcc, 0xcc, 0xcc,
    0xcc, 0xcc, 0xcc, 0xcc, 0xcc, 0xcc, 0xcc, 0xcc, 0xcc, 0xcc, 0xcc, 0xcc, 0xcc, 0xcc, 0xcc, 0xcc,
    0xcc, 0xcc, 0xcc, 0xcc, 0xcc, 0xcc, 0xcc, 0xcc, 0xcc, 0xcc, 0xdc, 0x87, 0x55, 0x55, 0x56, 0x65,
    0x55, 0x55, 0x55, 0x55, 0x55, 0x56, 0x77, 0x77, 0x77, 0x77, 0x77, 0x77, 0x65, 0x44, 0x45, 0x44,
    0x54, 0x44, 0x54, 0x44, 0x53, 0x45, 0x54, 0x67, 0x99, 0x99, 0x99, 0x88, 0x9a, 0xcc, 0xcc, 0xcc,
    0xcf, 0xff, 0xff, 0xff, 0xff, 0xff, 0xff, 0xff, 0xff, 0xff, 0xff, 0xff, 0xff, 0xff, 0xff, 0xff,
    0xff, 0xff, 0xff, 0xff, 0xff, 0xff, 0xff, 0xff, 0xff, 0xff, 0xff, 0xff, 0xff, 0xff, 0xff, 0xff,
    0xff, 0xff, 0xff, 0xff, 0xff, 0xff, 0xff, 0xee, 0xdd, 0xdd, 0xdd, 0xdd, 0xdc, 0xcc, 0xcc, 0xcc,
    0xcc, 0xcc, 0xcc, 0xcc, 0xcc, 0xcc, 0xcc, 0xcc, 0xcc, 0xcc, 0xcc, 0xcc, 0xcc, 0xcc, 0xcc, 0xcc,
    0xcc, 0xcc, 0xcc, 0xcc, 0xcc, 0xcc, 0xcc, 0xcc, 0xcc, 0xcc, 0xcc, 0xcc, 0xcc, 0xcc, 0xcc, 0xcc,
    0xcc, 0xcc, 0xdc, 0x76, 0x55, 0x55, 0x55, 0x55, 0x55, 0x55, 0x55, 0x55, 0x55, 0x56, 0x77, 0x77,
    0x77, 0x77, 0x77, 0x77, 0x65, 0x43, 0x45, 0x55, 0x54, 0x34, 0x54, 0x34, 0x53, 0x35, 0x55, 0x67,
    0x99, 0x99, 0x88, 0x78, 0x9a, 0xcc, 0xcc, 0xcc, 0xdf, 0xff, 0xff, 0xff, 0xff, 0xff, 0xff, 0xff,
    0xff, 0xff, 0xff, 0xff, 0xff, 0xff, 0xff, 0xff, 0xff, 0xff, 0xff, 0xff, 0xff, 0xff, 0xff, 0xff,
    0xff, 0xff, 0xff, 0xff, 0xff, 0xff, 0xff, 0xff, 0xff, 0xff, 0xff, 0xff, 0xff, 0xff, 0xff, 0xdd,
    0xdd, 0xde, 0xfe, 0xdc, 0xcc, 0xcc, 0xcc, 0xcc, 0xcc, 0xcc, 0xcc, 0xcc, 0xcc, 0xcc, 0xcc, 0xcc,
    0xcc, 0xcc, 0xcc, 0xcc, 0xcc, 0xcc, 0xcc, 0xcc, 0xcc, 0xcc, 0xcc, 0xcc, 0xcc, 0xcc, 0xcc, 0xcc,
    0xcc, 0xcc, 0xcc, 0xcc, 0xcc, 0xcc, 0xcc, 0xcc, 0xcc, 0xcc, 0x87, 0x45, 0x55, 0x56, 0x65, 0x55,
    0x56, 0x66, 0x66, 0x55, 0x55, 0x77, 0x87, 0x77, 0x77, 0x77, 0x77, 0x75, 0x43, 0x45, 0x55, 0x33,
    0x55, 0x54, 0x44, 0x55, 0x55, 0x43, 0x45, 0x68, 0x9a, 0x88, 0x66, 0x66, 0x56, 0x78, 0x9a, 0xbc,
    0xde, 0xff, 0xff, 0xff, 0xff, 0xff, 0xff, 0xff, 0xff, 0xff, 0xff, 0xff, 0xff, 0xff, 0xff, 0xff,
    0xff, 0xff, 0xff, 0xff, 0xff, 0xff, 0xff, 0xff, 0xff, 0xff, 0xff, 0xff, 0xff, 0xff, 0xff, 0xff,
    0xff, 0xff, 0xff, 0xff, 0xff, 0xff, 0xff, 0xdd, 0xdd, 0xde, 0xfd, 0xdc, 0xcc, 0xcc, 0xcc, 0xcc,
    0xcc, 0xcc, 0xcc, 0xcc, 0xcc, 0xcc, 0xcc, 0xcc, 0xcc, 0xcc, 0xcc, 0xcc, 0xcc, 0xcc, 0xcc, 0xcc,
    0xcc, 0xcc, 0xcc, 0xcc, 0xcc, 0xcc, 0xcc, 0xcc, 0xcc, 0xcc, 0xcc, 0xcc, 0xcc, 0xcc, 0xcc, 0xcc,
    0xcc, 0xcb, 0x76, 0x45, 0x55, 0x56, 0x66, 0x65, 0x56, 0x66, 0x66, 0x55, 0x55, 0x77, 0x77, 0x77,
    0x77, 0x77, 0x77, 0x65, 0x44, 0x44, 0x55, 0x44, 0x44, 0x54, 0x44, 0x45, 0x54, 0x44, 0x45, 0x78,
    0x9a, 0x88, 0x66, 0x66, 0x66, 0x78, 0x89, 0xab, 0xcd, 0xef, 0xff, 0xff, 0xff, 0xff, 0xff, 0xff,
    0xff, 0xff, 0xff, 0xff, 0xff, 0xff, 0xff, 0xff, 0xff, 0xff, 0xff, 0xff, 0xff, 0xff, 0xff, 0xff,
    0xff, 0xff, 0xff, 0xff, 0xff, 0xff, 0xff, 0xff, 0xff, 0xff, 0xff, 0xff, 0xff, 0xff, 0xff, 0xee,
    0xdd, 0xdd, 0xdc, 0xcc, 0xcc, 0xcc, 0xcc, 0xcc, 0xcc, 0xcc, 0xcc, 0xcc, 0xcc, 0xcc, 0xcc, 0xcc,
    0xcc, 0xcc, 0xcc, 0xcc, 0xcc, 0xcc, 0xcc, 0xcc, 0xcc, 0xcc, 0xcc, 0xcc, 0xcc, 0xcc, 0xcc, 0xcc,
    0xcc, 0xcc, 0xcc, 0xcc, 0xcc, 0xcc, 0xcc, 0xcc, 0xdd, 0x98, 0x44, 0x55, 0x55, 0x55, 0x56, 0x66,
    0x66, 0x66, 0x66, 0x65, 0x67, 0x77, 0x77, 0x77, 0x77, 0x77, 0x73, 0x45, 0x55, 0x43, 0x45, 0x54,
    0x34, 0x55, 0x54, 0x34, 0x53, 0x35, 0x56, 0x79, 0x99, 0x88, 0x66, 0x66, 0x66, 0x66, 0x56, 0x66,
    0x68, 0xaf, 0xff, 0xff, 0xff, 0xff, 0xff, 0xff, 0xff, 0xff, 0xff, 0xff, 0xff, 0xff, 0xff, 0xff,
    0xff, 0xff, 0xff, 0xff, 0xff, 0xff, 0xff, 0xff, 0xff, 0xff, 0xff, 0xff, 0xff, 0xff, 0xff, 0xff,
    0xff, 0xff, 0xff, 0xff, 0xff, 0xff, 0xff, 0xee, 0xde, 0xed, 0xdc, 0xcc, 0xcc, 0xcc, 0xcc, 0xcc,
    0xcc, 0xcc, 0xcc, 0xcc, 0xcc, 0xcc, 0xcc, 0xcc, 0xcc, 0xcc, 0xcc, 0xcc, 0xcc, 0xcc, 0xcc, 0xcc,
    0xcc, 0xcc, 0xcc, 0xcc, 0xcc, 0xcc, 0xcc, 0xcc, 0xcc, 0xcc, 0xcc, 0xcc, 0xcc, 0xcc, 0xcc, 0xcc,
    0xdd, 0x87, 0x44, 0x55, 0x55, 0x55, 0x56, 0x66, 0x66, 0x66, 0x66, 0x66, 0x77, 0x77, 0x77, 0x77,
    0x77, 0x76, 0x64, 0x45, 0x44, 0x44, 0x44, 0x55, 0x44, 0x44, 0x54, 0x44, 0x44, 0x44, 0x56, 0x79,
    0x99, 0x87, 0x66, 0x66, 0x76, 0x66, 0x66, 0x66, 0x68, 0xaf, 0xff, 0xff, 0xff, 0xff, 0xff, 0xff,
    0xff, 0xff, 0xff, 0xff, 0xff, 0xff, 0xff, 0xff, 0xff, 0xff, 0xff, 0xff, 0xff, 0xff, 0xff, 0xff,
    0xff, 0xff, 0xff, 0xff, 0xff, 0xff, 0xff, 0xff, 0xff, 0xff, 0xff, 0xff, 0xff, 0xff, 0xff, 0xee,
    0xde, 0xfe, 0xdc, 0xcc, 0xcc, 0xcc, 0xcc, 0xcc, 0xcc, 0xcc, 0xcc, 0xcc, 0xcc, 0xcc, 0xcc, 0xcc,
    0xcc, 0xcc, 0xcc, 0xcc, 0xcc, 0xcc, 0xcc, 0xcc, 0xcc, 0xcc, 0xcc, 0xcc, 0xcc, 0xcc, 0xcc, 0xcc,
    0xcc, 0xcc, 0xcc, 0xcc, 0xcc, 0xcc, 0xcc, 0xdd, 0xcc, 0x65, 0x55, 0x55, 0x55, 0x55, 0x56, 0x66,
    0x65, 0x56, 0x66, 0x66, 0x77, 0x77, 0x77, 0x77, 0x77, 0x73, 0x35, 0x55, 0x43, 0x45, 0x44, 0x55,
    0x54, 0x34, 0x55, 0x54, 0x35, 0x43, 0x46, 0x89, 0x98, 0x76, 0x66, 0x67, 0x77, 0x66, 0x66, 0x66,
    0x68, 0xaf, 0xff, 0xff, 0xff, 0xff, 0xff, 0xff, 0xff, 0xff, 0xff, 0xff, 0xff, 0xff, 0xff, 0xff,
    0xff, 0xff, 0xff, 0xff, 0xff, 0xff, 0xff, 0xff, 0xff, 0xff, 0xff, 0xff, 0xff, 0xff, 0xff, 0xff,
    0xff, 0xff, 0xff, 0xff, 0xff, 0xff, 0xff, 0xfe, 0xde, 0xed, 0xdc, 0xcc, 0xcc, 0xcc, 0xcc, 0xcc,
    0xcc, 0xcc, 0xcc, 0xcc, 0xcc, 0xcc, 0xcc, 0xcc, 0xcc, 0xcc, 0xcc, 0xcc, 0xcc, 0xcc, 0xcc, 0xcc,
    0xcc, 0xcc, 0xcc, 0xcc, 0xcc, 0xcc, 0xcc, 0xcc, 0xcc, 0xcc, 0xcc, 0xcc, 0xcc, 0xcc, 0xcc, 0xcc,
    0x98, 0x55, 0x55, 0x55, 0x55, 0x56, 0x66, 0x66, 0x66, 0x66, 0x66, 0x77, 0x77, 0x77, 0x77, 0x77,
    0x76, 0x64, 0x45, 0x44, 0x44, 0x45, 0x44, 0x44, 0x54, 0x44, 0x54, 0x44, 0x45, 0x54, 0x57, 0x8a,
    0x98, 0x76, 0x66, 0x66, 0x76, 0x66, 0x66, 0x66, 0x7a, 0xcf, 0xff, 0xff, 0xff, 0xff, 0xff, 0xff,
    0xff, 0xff, 0xff, 0xff, 0xff, 0xff, 0xff, 0xff, 0xff, 0xff, 0xff, 0xff, 0xff, 0xff, 0xff, 0xff,
    0xff, 0xff, 0xff, 0xff, 0xff, 0xff, 0xff, 0xff, 0xff, 0xff, 0xff, 0xff, 0xff, 0xff, 0xff, 0xff,
    0xdd, 0xdc, 0xcc, 0xcc, 0xcc, 0xcc, 0xcc, 0xcc, 0xcc, 0xcc, 0xcc, 0xcc, 0xcc, 0xcc, 0xcc, 0xcc,
    0xcc, 0xcc, 0xcc, 0xcc, 0xcc, 0xcc, 0xcc, 0xcc, 0xcc, 0xcc, 0xcc, 0xcc, 0xcc, 0xcc, 0xcc, 0xcc,
    0xcc, 0xcc, 0xcc, 0xcc, 0xcc, 0xcc, 0xcc, 0xba, 0x75, 0x55, 0x55, 0x55, 0x55, 0x56, 0x66, 0x66,
    0x66, 0x66, 0x66, 0x78, 0x77, 0x77, 0x77, 0x77, 0x75, 0x55, 0x55, 0x43, 0x45, 0x55, 0x55, 0x33,
    0x54, 0x44, 0x54, 0x34, 0x55, 0x55, 0x57, 0x9a, 0x98, 0x76, 0x66, 0x66, 0x66, 0x66, 0x66, 0x66,
    0x7c, 0xdf, 0xff, 0xff, 0xff, 0xff, 0xff, 0xff, 0xff, 0xff, 0xff, 0xff, 0xff, 0xff, 0xff, 0xff,
    0xff, 0xff, 0xff, 0xff, 0xff, 0xff, 0xff, 0xff, 0xff, 0xff, 0xff, 0xff, 0xff, 0xff, 0xff, 0xff,
    0xff, 0xff, 0xff, 0xff, 0xff, 0xff, 0xff, 0xff, 0xdd, 0xdc, 0xcc, 0xcc, 0xcc, 0xcc, 0xcc, 0xcc,
    0xcc, 0xcc, 0xcc, 0xcc, 0xcc, 0xcc, 0xcc, 0xcc, 0xcc, 0xcc, 0xcc, 0xcc, 0xcc, 0xcc, 0xcc, 0xcc,
    0xcc, 0xcc, 0xcc, 0xcc, 0xcc, 0xcc, 0xcc, 0xcc, 0xcc, 0xcc, 0xcc, 0xcc, 0xcc, 0xcc, 0xcd, 0xa8,
    0x54, 0x55, 0x55, 0x55, 0x55, 0x56, 0x67, 0x77, 0x76, 0x66, 0x77, 0x78, 0x77, 0x77, 0x77, 0x77,
    0x65, 0x54, 0x45, 0x54, 0x44, 0x45, 0x44, 0x44, 0x44, 0x44, 0x44, 0x44, 0x44, 0x45, 0x68, 0x9a,
    0x87, 0x66, 0x66, 0x77, 0x67, 0x76, 0x66, 0x69, 0xae, 0xff, 0xff, 0xff, 0xff, 0xff, 0xff, 0xff,
    0xff, 0xff, 0xff, 0xff, 0xff, 0xff, 0xff, 0xff, 0xff, 0xff, 0xff, 0xff, 0xff, 0xff, 0xff, 0xff,
    0xff, 0xff, 0xff, 0xff, 0xff, 0xff, 0xff, 0xff, 0xff, 0xff, 0xff, 0xff, 0xff, 0xff, 0xff, 0xff,
    0xdd, 0xcc, 0xcc, 0xcc, 0xcc, 0xcc, 0xcc, 0xcc, 0xcc, 0xcc, 0xcc, 0xcc, 0xcc, 0xcc, 0xcc, 0xcc,
    0xcc, 0xcc, 0xcc, 0xcc, 0xcc, 0xcc, 0xcc, 0xcc, 0xcc, 0xcc, 0xcc, 0xcc, 0xcc, 0xcc, 0xcc, 0xcc,
    0xcc, 0xcc, 0xcc, 0xcc, 0xcc, 0xcc, 0xdd, 0x96, 0x44, 0x55, 0x55, 0x55, 0x55, 0x56, 0x68, 0x87,
    0x76, 0x66, 0x77, 0x78, 0x77, 0x77, 0x77, 0x76, 0x65, 0x53, 0x35, 0x55, 0x43, 0x45, 0x43, 0x54,
    0x34, 0x54, 0x34, 0x54, 0x33, 0x35, 0x68, 0x99, 0x87, 0x66, 0x66, 0x77, 0x67, 0x77, 0x66, 0x6a,
    0xbf, 0xff, 0xff, 0xff, 0xff, 0xff, 0xff, 0xff, 0xff, 0xff, 0xff, 0xff, 0xff, 0xff, 0xff, 0xff,
    0xff, 0xff, 0xff, 0xff, 0xff, 0xff, 0xff, 0xff, 0xff, 0xff, 0xff, 0xff, 0xff, 0xff, 0xff, 0xff,
    0xff, 0xff, 0xff, 0xff, 0xff, 0xff, 0xff, 0xff, 0xed, 0xcc, 0xcc, 0xcc, 0xcc, 0xcc, 0xcc, 0xcc,
    0xcc, 0xcc, 0xcc, 0xcc, 0xcc, 0xcc, 0xcc, 0xcc, 0xcc, 0xcc, 0xcc, 0xcc, 0xcc, 0xcc, 0xcc, 0xcc,
    0xcc, 0xcc, 0xcc, 0xcc, 0xcc, 0xcc, 0xcc, 0xcc, 0xcc, 0xcc, 0xcc, 0xcc, 0xcc, 0xce, 0xc9, 0x75,
    0x55, 0x55, 0x55, 0x56, 0x66, 0x67, 0x78, 0x87, 0x77, 0x77, 0x77, 0x77, 0x77, 0x77, 0x87, 0x65,
    0x55, 0x54, 0x43, 0x45, 0x43, 0x45, 0x43, 0x54, 0x34, 0x54, 0x34, 0x54, 0x34, 0x43, 0x58, 0x99,
    0x76, 0x66, 0x66, 0x66, 0x66, 0x67, 0x7a, 0xbf, 0xff, 0xff, 0xff, 0xff, 0xff, 0xff, 0xff, 0xff,
    0xff, 0xff, 0xff, 0xff, 0xff, 0xff, 0xff, 0xff, 0xff, 0xff, 0xff, 0xff, 0xff, 0xff, 0xff, 0xff,
    0xff, 0xff, 0xff, 0xff, 0xff, 0xff, 0xff, 0xff, 0xff, 0xff, 0xff, 0xff, 0xff, 0xff, 0xff, 0xff,
    0xed, 0xcc, 0xcc, 0xcc, 0xcc, 0xcc, 0xcc, 0xcc, 0xcc, 0xcc, 0xcc, 0xcc, 0xcc, 0xcc, 0xcc, 0xcc,
    0xcc, 0xcc, 0xcc, 0xcc, 0xcc, 0xcc, 0xcc, 0xcc, 0xcc, 0xcc, 0xcc, 0xcc, 0xcc, 0xcc, 0xcc, 0xcc,
    0xcc, 0xcc, 0xcc, 0xcc, 0xcc, 0xce, 0xc9, 0x65, 0x55, 0x55, 0x55, 0x56, 0x66, 0x67, 0x78, 0x87,
    0x77, 0x77, 0x77, 0x77, 0x77, 0x77, 0x87, 0x65, 0x55, 0x55, 0x53, 0x45, 0x43, 0x45, 0x43, 0x54,
    0x34, 0x54, 0x34, 0x54, 0x35, 0x43, 0x58, 0x89, 0x76, 0x66, 0x66, 0x66, 0x66, 0x67, 0x7b, 0xcf,
    0xff, 0xff, 0xff, 0xff, 0xff, 0xff, 0xff, 0xff, 0xff, 0xff, 0xff, 0xff, 0xff, 0xff, 0xff, 0xff,
    0xff, 0xff, 0xff, 0xff, 0xff, 0xff, 0xff, 0xff, 0xff, 0xff, 0xff, 0xff, 0xff, 0xff, 0xff, 0xff,
    0xff, 0xff, 0xff, 0xff, 0xff, 0xff, 0xff, 0xff, 0xfd, 0xcc, 0xcc, 0xcc, 0xcc, 0xcc, 0xcc, 0xcc,
    0xcc, 0xcc, 0xcc, 0xcc, 0xcc, 0xcc, 0xcc, 0xcc, 0xcc, 0xcc, 0xcc, 0xcc, 0xcc, 0xcc, 0xcc, 0xcc,
    0xcc, 0xcc, 0xcc, 0xcc, 0xcc, 0xcc, 0xcc, 0xcc, 0xcc, 0xcc, 0xcc, 0xcc, 0xcc, 0xb9, 0x75, 0x55,
    0x55, 0x56, 0x66, 0x67, 0x77, 0x87, 0x68, 0x86, 0x77, 0x78, 0x77, 0x77, 0x77, 0x77, 0x76, 0x33,
    0x33, 0x35, 0x53, 0x45, 0x44, 0x43, 0x45, 0x33, 0x54, 0x34, 0x54, 0x34, 0x53, 0x46, 0x79, 0x88,
    0x76, 0x66, 0x77, 0x66, 0x69, 0xce, 0xff, 0xff, 0xff, 0xff, 0xff, 0xff, 0xff, 0xff, 0xff, 0xff,
    0xff, 0xff, 0xff, 0xff, 0xff, 0xff, 0xff, 0xff, 0xff, 0xff, 0xff, 0xff, 0xff, 0xff, 0xff, 0xff,
    0xff, 0xff, 0xff, 0xff, 0xff, 0xff, 0xff, 0xff, 0xff, 0xff, 0xff, 0xff, 0xff, 0xff, 0xff, 0xff,
    0xfe, 0xcc, 0xcc, 0xcc, 0xcc, 0xcc, 0xcc, 0xcc, 0xcc, 0xcc, 0xcc, 0xcc, 0xcc, 0xcc, 0xcc, 0xcc,
    0xcc, 0xcc, 0xcc, 0xcc, 0xcc, 0xcc, 0xcc, 0xcc, 0xcc, 0xcc, 0xcc, 0xcc, 0xcc, 0xcc, 0xcc, 0xcc,
    0xcc, 0xcc, 0xcc, 0xcc, 0xcb, 0xa8, 0x75, 0x55, 0x55, 0x56, 0x66, 0x67, 0x78, 0x87, 0x68, 0x86,
    0x77, 0x77, 0x77, 0x77, 0x77, 0x77, 0x75, 0x33, 0x43, 0x35, 0x53, 0x45, 0x44, 0x44, 0x44, 0x44,
    0x44, 0x44, 0x44, 0x44, 0x53, 0x46, 0x79, 0x87, 0x76, 0x66, 0x77, 0x67, 0x7a, 0xde, 0xff, 0xff,
    0xff, 0xff, 0xff, 0xff, 0xff, 0xff, 0xff, 0xff, 0xff, 0xff, 0xff, 0xff, 0xff, 0xff, 0xff, 0xff,
    0xff, 0xff, 0xff, 0xff, 0xff, 0xff, 0xff, 0xff, 0xff, 0xff, 0xff, 0xff, 0xff, 0xff, 0xff, 0xff,
    0xff, 0xff, 0xff, 0xff, 0xff, 0xff, 0xff, 0xff, 0xfe, 0xec, 0xcc, 0xcc, 0xcc, 0xcc, 0xcc, 0xcc,
    0xcc, 0xcc, 0xcc, 0xcc, 0xcc, 0xcc, 0xcc, 0xcc, 0xcc, 0xcc, 0xcc, 0xcc, 0xcc, 0xcc, 0xcc, 0xcc,
    0xcc, 0xcc, 0xcc, 0xcc, 0xcc, 0xcc, 0xcc, 0xcc, 0xcc, 0xcc, 0xcc, 0xcd, 0xd8, 0x74, 0x55, 0x55,
    0x55, 0x56, 0x66, 0x67, 0x88, 0x87, 0x78, 0x87, 0x78, 0x77, 0x77, 0x77, 0x77, 0x87, 0x54, 0x34,
    0x54, 0x35, 0x53, 0x45, 0x43, 0x45, 0x43, 0x54, 0x34, 0x54, 0x34, 0x55, 0x53, 0x46, 0x7a, 0x86,
    0x66, 0x66, 0x66, 0x68, 0xce, 0xff, 0xff, 0xff, 0xff, 0xff, 0xff, 0xff, 0xff, 0xff, 0xff, 0xff,
    0xff, 0xff, 0xff, 0xff, 0xff, 0xff, 0xff, 0xff, 0xff, 0xff, 0xff, 0xff, 0xff, 0xff, 0xff, 0xff,
    0xff, 0xff, 0xff, 0xff, 0xff, 0xff, 0xff, 0xff, 0xff, 0xff, 0xff, 0xff, 0xff, 0xff, 0xff, 0xff,
    0xff, 0xed, 0xcc, 0xcc, 0xcc, 0xcc, 0xcc, 0xcc, 0xcc, 0xcc, 0xcc, 0xcc, 0xcc, 0xcc, 0xcc, 0xcc,
    0xcc, 0xcc, 0xcc, 0xcc, 0xcc, 0xcc, 0xcc, 0xcc, 0xcc, 0xcc, 0xcc, 0xcc, 0xcc, 0xcc, 0xcc, 0xcc,
    0xcc, 0xcc, 0xcb, 0xbb, 0xb7, 0x64, 0x55, 0x55, 0x66, 0x66, 0x66, 0x67, 0x88, 0x87, 0x78, 0x87,
    0x77, 0x77, 0x77, 0x77, 0x77, 0x76, 0x44, 0x44, 0x44, 0x44, 0x44, 0x44, 0x44, 0x44, 0x44, 0x44,
    0x34, 0x44, 0x34, 0x44, 0x43, 0x46, 0x7a, 0x86, 0x66, 0x66, 0x77, 0x8a, 0xde, 0xff, 0xff, 0xff,
    0xff, 0xff, 0xff, 0xff, 0xff, 0xff, 0xff, 0xff, 0xff, 0xff, 0xff, 0xff, 0xff, 0xff, 0xff, 0xff,
    0xff, 0xff, 0xff, 0xff, 0xff, 0xff, 0xff, 0xff, 0xff, 0xff, 0xff, 0xff, 0xff, 0xff, 0xff, 0xff,
    0xff, 0xff, 0xff, 0xff, 0xff, 0xff, 0xff, 0xff, 0xff, 0xfe, 0xec, 0xcc, 0xcc, 0xcc, 0xcc, 0xcc,
    0xcc, 0xcc, 0xcc, 0xcc, 0xcc, 0xcc, 0xcc, 0xcc, 0xcc, 0xcc, 0xcc, 0xcc, 0xcc, 0xcc, 0xcc, 0xcc,
    0xcc, 0xcc, 0xcc, 0xcc, 0xcc, 0xcc, 0xcc, 0xcc, 0xcc, 0xcc, 0xca, 0xa7, 0x75, 0x55, 0x55, 0x55,
    0x66, 0x66, 0x66, 0x67, 0x88, 0x87, 0x67, 0x77, 0x77, 0x77, 0x77, 0x77, 0x77, 0x65, 0x34, 0x54,
    0x34, 0x53, 0x35, 0x43, 0x45, 0x43, 0x45, 0x33, 0x33, 0x33, 0x33, 0x33, 0x33, 0x37, 0x89, 0x86,
    0x66, 0x66, 0x88, 0xcd, 0xff, 0xff, 0xff, 0xff, 0xff, 0xff, 0xff, 0xff, 0xff, 0xff, 0xff, 0xff,
    0xff, 0xff, 0xff, 0xff, 0xff, 0xff, 0xff, 0xff, 0xff, 0xff, 0xff, 0xff, 0xff, 0xff, 0xff, 0xff,
    0xff, 0xff, 0xff, 0xff, 0xff, 0xff, 0xff, 0xff, 0xff, 0xff, 0xff, 0xff, 0xff, 0xff, 0xff, 0xff,
    0xff, 0xff, 0xfd, 0xdc, 0xcc, 0xcc, 0xcc, 0xcc, 0xcc, 0xcc, 0xcc, 0xcc, 0xcc, 0xcc, 0xcc, 0xcc,
    0xcc, 0xcc, 0xcc, 0xcc, 0xcc, 0xcc, 0xcc, 0xcc, 0xcc, 0xcc, 0xcc, 0xcc, 0xcc, 0xcc, 0xcc, 0xcc,
    0xcc, 0xcb, 0xa8, 0x76, 0x65, 0x55, 0x55, 0x55, 0x66, 0x77, 0x77, 0x77, 0x77, 0x87, 0x77, 0x77,
    0x77, 0x77, 0x77, 0x88, 0x76, 0x44, 0x44, 0x44, 0x44, 0x44, 0x44, 0x43, 0x44, 0x33, 0x44, 0x33,
    0x33, 0x33, 0x33, 0x33, 0x33, 0x38, 0x89, 0x87, 0x88, 0x88, 0xcc, 0xee, 0xff, 0xff, 0xff, 0xff,
    0xff, 0xff, 0xff, 0xff, 0xff, 0xff, 0xff, 0xff, 0xff, 0xff, 0xff, 0xff, 0xff, 0xff, 0xff, 0xff,
    0xff, 0xff, 0xff, 0xff, 0xff, 0xff, 0xff, 0xff, 0xff, 0xff, 0xff, 0xff, 0xff, 0xff, 0xff, 0xff,
    0xff, 0xff, 0xff, 0xff, 0xff, 0xff, 0xff, 0xff, 0xff, 0xff, 0xfe, 0xec, 0xcd, 0xdc, 0xcc, 0xcc,
    0xcc, 0xcc, 0xcc, 0xcc, 0xcc, 0xcc, 0xcc, 0xcc, 0xcc, 0xcc, 0xcc, 0xcc, 0xcc, 0xcc, 0xcc, 0xcc,
    0xcc, 0xcc, 0xcc, 0xcc, 0xcc, 0xcc, 0xcc, 0xcc, 0xdd, 0xc9, 0x85, 0x55, 0x55, 0x55, 0x55, 0x55,
    0x66, 0x77, 0x88, 0x87, 0x67, 0x78, 0x87, 0x77, 0x77, 0x77, 0x77, 0x88, 0x66, 0x34, 0x54, 0x34,
    0x54, 0x35, 0x53, 0x33, 0x33, 0x33, 0x33, 0x43, 0x33, 0x43, 0x33, 0x43, 0x33, 0x38, 0x88, 0x88,
    0x9a, 0xaa, 0xff, 0xff, 0xff, 0xff, 0xff, 0xff, 0xff, 0xff, 0xff, 0xff, 0xff, 0xff, 0xff, 0xff,
    0xff, 0xff, 0xff, 0xff, 0xff, 0xff, 0xff, 0xff, 0xff, 0xff, 0xff, 0xff, 0xff, 0xff, 0xff, 0xff,
    0xff, 0xff, 0xff, 0xff, 0xff, 0xff, 0xff, 0xff, 0xff, 0xff, 0xff, 0xff, 0xff, 0xff, 0xff, 0xff,
    0xff, 0xff, 0xeb, 0xbc, 0xcc, 0xcc, 0xcc, 0xcc, 0xcc, 0xcc, 0xcc, 0xcc, 0xcc, 0xcc, 0xcc, 0xcc,
    0xcc, 0xcc, 0xcc, 0xcc, 0xcc, 0xcc, 0xcc, 0xcc, 0xcc, 0xcc, 0xcc, 0xcc, 0xcc, 0xcc, 0xcc, 0xcb,
    0xa9, 0x76, 0x65, 0x55, 0x55, 0x55, 0x66, 0x66, 0x77, 0x88, 0x88, 0x88, 0x88, 0x88, 0x77, 0x77,
    0x77, 0x77, 0x77, 0x78, 0x65, 0x33, 0x43, 0x34, 0x44, 0x44, 0x43, 0x33, 0x33, 0x33, 0x33, 0x33,
    0x33, 0x33, 0x33, 0x33, 0x33, 0x38, 0x8a, 0xbd, 0xee, 0xee, 0xff, 0xff, 0xff, 0xff, 0xff, 0xff,
    0xff, 0xff, 0xff, 0xff, 0xff, 0xff, 0xff, 0xff, 0xff, 0xff, 0xff, 0xff, 0xff, 0xff, 0xff, 0xff,
    0xff, 0xff, 0xff, 0xff, 0xff, 0xff, 0xff, 0xff, 0xff, 0xff, 0xff, 0xff, 0xff, 0xff, 0xff, 0xff,
    0xff, 0xff, 0xff, 0xff, 0xff, 0xff, 0xff, 0xff, 0xff, 0xfe, 0xea, 0xac, 0xcc, 0xcc, 0xcc, 0xcc,
    0xcc, 0xcc, 0xcc, 0xcc, 0xcc, 0xcc, 0xcc, 0xcc, 0xcc, 0xcc, 0xcc, 0xcc, 0xcc, 0xcc, 0xcc, 0xcc,
    0xcc, 0xcc, 0xcc, 0xcc, 0xcc, 0xcc, 0xcc, 0xcb, 0x97, 0x55, 0x55, 0x55, 0x55, 0x55, 0x66, 0x66,
    0x78, 0x88, 0x88, 0x88, 0x88, 0x87, 0x77, 0x77, 0x77, 0x77, 0x77, 0x77, 0x65, 0x33, 0x33, 0x33,
    0x34, 0x53, 0x33, 0x34, 0x33, 0x34, 0x33, 0x33, 0x33, 0x33, 0x33, 0x33, 0x33, 0x38, 0x9a, 0xcf,
    0xff, 0xff, 0xff, 0xff, 0xff, 0xff, 0xff, 0xff, 0xff, 0xff, 0xff, 0xff, 0xff, 0xff, 0xff, 0xff,
    0xff, 0xff, 0xff, 0xff, 0xff, 0xff, 0xff, 0xff, 0xff, 0xff, 0xff, 0xff, 0xff, 0xff, 0xff, 0xff,
    0xff, 0xff, 0xff, 0xff, 0xff, 0xff, 0xff, 0xff, 0xff, 0xff, 0xff, 0xff, 0xff, 0xff, 0xff, 0xff,
    0xff, 0xfc, 0xb7, 0x76, 0x78, 0x9b, 0xbc, 0xcc, 0xcc, 0xcc, 0xcc, 0xcc, 0xcc, 0xcc, 0xcc, 0xcc,
    0xcc, 0xcc, 0xcc, 0xcc, 0xcc, 0xcc, 0xcc, 0xcc, 0xcc, 0xcc, 0xcc, 0xcc, 0xcc, 0xba, 0x87, 0x76,
    0x45, 0x56, 0x66, 0x56, 0x66, 0x66, 0x66, 0x77, 0x88, 0x88, 0x88, 0x88, 0x88, 0x77, 0x77, 0x77,
    0x77, 0x77, 0x88, 0x66, 0x44, 0x54, 0x34, 0x54, 0x44, 0x33, 0x33, 0x33, 0x33, 0x33, 0x33, 0x33,
    0x33, 0x33, 0x33, 0x33, 0x33, 0x49, 0xbf, 0xff, 0xff, 0xff, 0xff, 0xff, 0xff, 0xff, 0xff, 0xff,
    0xff, 0xff, 0xff, 0xff, 0xff, 0xff, 0xff, 0xff, 0xff, 0xff, 0xff, 0xff, 0xff, 0xff, 0xff, 0xff,
    0xff, 0xff, 0xff, 0xff, 0xff, 0xff, 0xff, 0xff, 0xff, 0xff, 0xff, 0xff, 0xff, 0xff, 0xff, 0xff,
    0xff, 0xff, 0xff, 0xff, 0xff, 0xff, 0xff, 0xff, 0xff, 0xfc, 0xb7, 0x65, 0x68, 0x9a, 0xbb, 0xbb,
    0xcc, 0xcc, 0xcc, 0xcc, 0xcc, 0xcc, 0xcc, 0xcc, 0xcc, 0xcc, 0xcc, 0xcc, 0xcc, 0xcc, 0xcc, 0xcc,
    0xcc, 0xcc, 0xcc, 0xcc, 0xcc, 0xa9, 0x77, 0x66, 0x45, 0x56, 0x66, 0x56, 0x66, 0x66, 0x66, 0x77,
    0x88, 0x88, 0x88, 0x88, 0x88, 0x77, 0x77, 0x77, 0x77, 0x77, 0x88, 0x65, 0x33, 0x54, 0x34, 0x55,
    0x54, 0x33, 0x33, 0x33, 0x33, 0x33, 0x33, 0x33, 0x33, 0x33, 0x33, 0x33, 0x34, 0x49, 0xbf, 0xff,
    0xff, 0xff, 0xff, 0xff, 0xff, 0xff, 0xff, 0xff, 0xff, 0xff, 0xff, 0xff, 0xff, 0xff, 0xff, 0xff,
    0xff, 0xff, 0xff, 0xff, 0xff, 0xff, 0xff, 0xff, 0xff, 0xff, 0xff, 0xff, 0xff, 0xff, 0xff, 0xff,
    0xff, 0xff, 0xff, 0xff, 0xff, 0xff, 0xff, 0xff, 0xff, 0xff, 0xff, 0xff, 0xff, 0xff, 0xff, 0xff,
    0xff, 0xff, 0xf9, 0x86, 0x65, 0x78, 0x9b, 0xbb, 0xcc, 0xcc, 0xcc, 0xcc, 0xcc, 0xcc, 0xcc, 0xcc,
    0xcc, 0xcc, 0xcc, 0xcc, 0xcc, 0xcc, 0xcc, 0xcc, 0xcc, 0xcc, 0xcc, 0xba, 0x87, 0x55, 0x55, 0x55,
    0x56, 0x66, 0x66, 0x56, 0x68, 0x88, 0x88, 0x88, 0x88, 0x88, 0x88, 0x88, 0x88, 0x77, 0x77, 0x77,
    0x77, 0x88, 0x77, 0x43, 0x33, 0x33, 0x33, 0x33, 0x33, 0x34, 0x33, 0x33, 0x34, 0x33, 0x34, 0x33,
    0x33, 0x33, 0x33, 0x33, 0x34, 0x5c, 0xdf, 0xff, 0xff, 0xff, 0xff, 0xff, 0xff, 0xff, 0xff, 0xff,
    0xff, 0xff, 0xff, 0xff, 0xff, 0xff, 0xff, 0xff, 0xff, 0xff, 0xff, 0xff, 0xff, 0xff, 0xff, 0xff,
    0xff, 0xff, 0xff, 0xff, 0xff, 0xff, 0xff, 0xff, 0xff, 0xff, 0xff, 0xff, 0xff, 0xff, 0xff, 0xff,
    0xff, 0xff, 0xff, 0xff, 0xff, 0xff, 0xff, 0xff, 0xff, 0xff, 0xfa, 0x96, 0x66, 0x68, 0x99, 0xaa,
    0xcc, 0xbb, 0xbb, 0xbb, 0xcc, 0xcc, 0xcc, 0xcc, 0xcc, 0xbb, 0xbb, 0xbb, 0xbb, 0xcc, 0xcc, 0xcb,
    0xbb, 0xbb, 0xaa, 0xa9, 0x76, 0x55, 0x55, 0x55, 0x66, 0x66, 0x66, 0x66, 0x78, 0x88, 0x88, 0x88,
    0x88, 0x88, 0x88, 0x88, 0x88, 0x77, 0x77, 0x77, 0x77, 0x88, 0x76, 0x43, 0x33, 0x33, 0x43, 0x33,
    0x33, 0x33, 0x33, 0x33, 0x33, 0x33, 0x33, 0x33, 0x33, 0x33, 0x33, 0x33, 0x34, 0x5d, 0xef, 0xff,
    0xff, 0xff, 0xff, 0xff, 0xff, 0xff, 0xff, 0xff, 0xff, 0xff, 0xff, 0xff, 0xff, 0xff, 0xff, 0xff,
    0xff, 0xff, 0xff, 0xff, 0xff, 0xff, 0xff, 0xff, 0xff, 0xff, 0xff, 0xff, 0xff, 0xff, 0xff, 0xff,
    0xff, 0xff, 0xff, 0xff, 0xff, 0xff, 0xff, 0xff, 0xff, 0xff, 0xff, 0xff, 0xff, 0xff, 0xff, 0xff,
    0xff, 0xff, 0xfd, 0xc6, 0x66, 0x66, 0x55, 0x8a, 0xab, 0xaa, 0xbb, 0xbb, 0xcd, 0xec, 0xcc, 0xcc,
    0xcc, 0xa9, 0x99, 0xaa, 0xab, 0xcc, 0xcb, 0xaa, 0xa8, 0x87, 0x76, 0x65, 0x55, 0x55, 0x66, 0x56,
    0x66, 0x66, 0x56, 0x68, 0x88, 0x88, 0x88, 0x88, 0x88, 0x88, 0x88, 0x88, 0x77, 0x77, 0x77, 0x77,
    0x77, 0x77, 0x65, 0x43, 0x33, 0x34, 0x54, 0x33, 0x43, 0x33, 0x33, 0x33, 0x33, 0x33, 0x33, 0x43,
    0x33, 0x33, 0x43, 0x33, 0x35, 0x6f, 0xff, 0xff, 0xff, 0xff, 0xff, 0xff, 0xff, 0xff, 0xff, 0xff,
    0xff, 0xff, 0xff, 0xff, 0xff, 0xff, 0xff, 0xff, 0xff, 0xff, 0xff, 0xff, 0xff, 0xff, 0xff, 0xff,
    0xff, 0xff, 0xff, 0xff, 0xff, 0xff, 0xff, 0xff, 0xff, 0xff, 0xff, 0xff, 0xff, 0xff, 0xff, 0xff,
    0xff, 0xff, 0xff, 0xff, 0xff, 0xff, 0xff, 0xff, 0xff, 0xff, 0xfe, 0xd8, 0x86, 0x66, 0x66, 0x89,
    0x99, 0x99, 0xba, 0xab, 0xce, 0xeb, 0xbb, 0xbb, 0xaa, 0x98, 0x88, 0x99, 0x99, 0x9a, 0xa9, 0x98,
    0x87, 0x76, 0x66, 0x66, 0x65, 0x66, 0x66, 0x66, 0x66, 0x66, 0x67, 0x78, 0x88, 0x88, 0x88, 0x88,
    0x88, 0x88, 0x88, 0x88, 0x77, 0x77, 0x77, 0x77, 0x78, 0x76, 0x54, 0x33, 0x33, 0x44, 0x44, 0x33,
    0x33, 0x33, 0x33, 0x33, 0x33, 0x33, 0x33, 0x33, 0x33, 0x33, 0x43, 0x33, 0x34, 0x6f, 0xff, 0xff,
    0xff, 0xff, 0xff, 0xff, 0xff, 0xff, 0xff, 0xff, 0xff, 0xff, 0xff, 0xff, 0xff, 0xff, 0xff, 0xff,
    0xff, 0xff, 0xff, 0xff, 0xff, 0xff, 0xff, 0xff, 0xff, 0xff, 0xff, 0xff, 0xff, 0xff, 0xff, 0xff,
    0xff, 0xff, 0xff, 0xff, 0xff, 0xff, 0xff, 0xff, 0xff, 0xff, 0xff, 0xff, 0xff, 0xff, 0xff, 0xff,
    0xff, 0xff, 0xff, 0xfa, 0x96, 0x66, 0x77, 0x77, 0x66, 0x67, 0xba, 0x8a, 0xce, 0xfb, 0xaa, 0xaa,
    0x98, 0x76, 0x66, 0x66, 0x66, 0x67, 0x77, 0x66, 0x55, 0x55, 0x55, 0x66, 0x66, 0x66, 0x66, 0x66,
    0x66, 0x67, 0x78, 0x88, 0x88, 0x88, 0x88, 0x88, 0x88, 0x88, 0x88, 0x77, 0x77, 0x77, 0x77, 0x77,
    0x88, 0x65, 0x43, 0x33, 0x33, 0x54, 0x33, 0x43, 0x33, 0x34, 0x33, 0x34, 0x33, 0x33, 0x33, 0x33,
    0x33, 0x44, 0x43, 0x33, 0x34, 0x5e, 0xff, 0xff, 0xff, 0xff, 0xff, 0xff, 0xff, 0xff, 0xff, 0xff,
    0xff, 0xff, 0xff, 0xff, 0xff, 0xff, 0xff, 0xff, 0xff, 0xff, 0xff, 0xff, 0xff, 0xff, 0xff, 0xff,
    0xff, 0xff, 0xff, 0xff, 0xff, 0xff, 0xff, 0xff, 0xff, 0xff, 0xff, 0xff, 0xff, 0xff, 0xff, 0xff,
    0xff, 0xff, 0xff, 0xff, 0xff, 0xff, 0xff, 0xff, 0xff, 0xff, 0xff, 0xfd, 0xda, 0x97, 0x77, 0x77,
    0x77, 0x77, 0x88, 0x88, 0x99, 0xa8, 0x88, 0x88, 0x87, 0x76, 0x66, 0x66, 0x66, 0x66, 0x66, 0x66,
    0x65, 0x56, 0x66, 0x66, 0x66, 0x66, 0x66, 0x77, 0x77, 0x77, 0x78, 0x88, 0x88, 0x88, 0x88, 0x88,
    0x88, 0x88, 0x88, 0x77, 0x77, 0x77, 0x77, 0x78, 0x87, 0x64, 0x33, 0x33, 0x33, 0x43, 0x33, 0x33,
    0x33, 0x33, 0x33, 0x33, 0x33, 0x33, 0x33, 0x33, 0x33, 0x33, 0x43, 0x33, 0x34, 0x5f, 0xff, 0xff,
    0xff, 0xff, 0xff, 0xff, 0xff, 0xff, 0xff, 0xff, 0xff, 0xff, 0xff, 0xff, 0xff, 0xff, 0xff, 0xff,
    0xff, 0xff, 0xff, 0xff, 0xff, 0xff, 0xff, 0xff, 0xff, 0xff, 0xff, 0xff, 0xff, 0xff, 0xff, 0xff,
    0xff, 0xff, 0xff, 0xff, 0xff, 0xff, 0xff, 0xff, 0xff, 0xff, 0xff, 0xff, 0xff, 0xff, 0xff, 0xff,
    0xff, 0xff, 0xff, 0xff, 0xfe, 0xb7, 0x78, 0x88, 0x88, 0x77, 0x67, 0x77, 0x66, 0x55, 0x56, 0x67,
    0x76, 0x66, 0x66, 0x66, 0x56, 0x66, 0x55, 0x56, 0x66, 0x56, 0x66, 0x66, 0x66, 0x66, 0x66, 0x88,
    0x77, 0x77, 0x88, 0x88, 0x88, 0x88, 0x88, 0x88, 0x88, 0x88, 0x77, 0x87, 0x77, 0x77, 0x77, 0x78,
    0x87, 0x53, 0x33, 0x33, 0x33, 0x33, 0x33, 0x33, 0x43, 0x33, 0x33, 0x33, 0x33, 0x33, 0x33, 0x33,
    0x33, 0x33, 0x43, 0x33, 0x34, 0x5f, 0xff, 0xff, 0xff, 0xff, 0xff, 0xff, 0xff, 0xff, 0xff, 0xff,
    0xff, 0xff, 0xff, 0xff, 0xff, 0xff, 0xff, 0xff, 0xff, 0xff, 0xff, 0xff, 0xff, 0xff, 0xff, 0xff,
    0xff, 0xff, 0xff, 0xff, 0xff, 0xff, 0xff, 0xff, 0xff, 0xff, 0xff, 0xff, 0xff, 0xff, 0xff, 0xff,
    0xff, 0xff, 0xff, 0xff, 0xff, 0xff, 0xff, 0xff, 0xff, 0xff, 0xff, 0xff, 0xff, 0xec, 0xba, 0x88,
    0x88, 0x88, 0x77, 0x87, 0x77, 0x76, 0x67, 0x76, 0x66, 0x66, 0x66, 0x66, 0x77, 0x66, 0x56, 0x66,
    0x66, 0x66, 0x67, 0x76, 0x66, 0x66, 0x77, 0x88, 0x88, 0x88, 0x88, 0x88, 0x88, 0x88, 0x88, 0x87,
    0x88, 0x88, 0x77, 0x77, 0x77, 0x77, 0x77, 0x78, 0x86, 0x43, 0x33, 0x33, 0x33, 0x33, 0x33, 0x33,
    0x33, 0x33, 0x33, 0x33, 0x33, 0x33, 0x33, 0x33, 0x44, 0x33, 0x33, 0x33, 0x35, 0x6d, 0xef, 0xff,
    0xff, 0xff, 0xff, 0xff, 0xff, 0xff, 0xff, 0xff, 0xff, 0xff, 0xff, 0xff, 0xff, 0xff, 0xff, 0xff,
    0xff, 0xff, 0xff, 0xff, 0xff, 0xff, 0xff, 0xff, 0xff, 0xff, 0xff, 0xff, 0xff, 0xff, 0xff, 0xff,
    0xff, 0xff, 0xff, 0xff, 0xff, 0xff, 0xff, 0xff, 0xff, 0xff, 0xff, 0xff, 0xff, 0xff, 0xff, 0xff,
    0xff, 0xff, 0xff, 0xff, 0xff, 0xfe, 0xcb, 0x98, 0x88, 0x88, 0x88, 0x88, 0x87, 0x76, 0x67, 0x75,
    0x55, 0x66, 0x66, 0x66, 0x77, 0x66, 0x56, 0x66, 0x56, 0x66, 0x67, 0x76, 0x66, 0x66, 0x88, 0x88,
    0x88, 0x88, 0x88, 0x88, 0x88, 0x88, 0x88, 0x87, 0x88, 0x77, 0x77, 0x77, 0x77, 0x77, 0x77, 0x78,
    0x85, 0x43, 0x33, 0x33, 0x33, 0x33, 0x43, 0x33, 0x33, 0x34, 0x33, 0x33, 0x33, 0x33, 0x33, 0x33,
    0x54, 0x33, 0x33, 0x33, 0x35, 0x6c, 0xdf, 0xff, 0xff, 0xff, 0xff, 0xff, 0xff, 0xff, 0xff, 0xff,
    0xff, 0xff, 0xff, 0xff, 0xff, 0xff, 0xff, 0xff, 0xff, 0xff, 0xff, 0xff, 0xff, 0xff, 0xff, 0xff,
    0xff, 0xff, 0xff, 0xff, 0xff, 0xff, 0xff, 0xff, 0xff, 0xff, 0xff, 0xff, 0xff, 0xff, 0xff, 0xff,
    0xff, 0xff, 0xff, 0xff, 0xff, 0xff, 0xff, 0xff, 0xff, 0xff, 0xff, 0xff, 0xff, 0xff, 0xff, 0xca,
    0x88, 0x88, 0x88, 0x88, 0x88, 0x88, 0x88, 0x88, 0x76, 0x66, 0x77, 0x88, 0x88, 0x77, 0x77, 0x87,
    0x67, 0x78, 0x88, 0x88, 0x77, 0x78, 0x88, 0x88, 0x88, 0x88, 0x88, 0x88, 0x88, 0x87, 0x88, 0x88,
    0x88, 0x77, 0x77, 0x77, 0x77, 0x77, 0x78, 0x87, 0x63, 0x33, 0x33, 0x33, 0x33, 0x33, 0x33, 0x33,
    0x32, 0x23, 0x33, 0x45, 0x55, 0x56, 0x66, 0x66, 0x66, 0x65, 0x55, 0x66, 0x66, 0x67, 0x8a, 0xcf,
    0xff, 0xff, 0xff, 0xff, 0xff, 0xff, 0xff, 0xff, 0xff, 0xff, 0xff, 0xff, 0xff, 0xff, 0xff, 0xff,
    0xff, 0xff, 0xff, 0xff, 0xff, 0xff, 0xff, 0xff, 0xff, 0xff, 0xff, 0xff, 0xff, 0xff, 0xff, 0xff,
    0xff, 0xff, 0xff, 0xff, 0xff, 0xff, 0xff, 0xff, 0xff, 0xff, 0xff, 0xff, 0xff, 0xff, 0xff, 0xff,
    0xff, 0xff, 0xff, 0xff, 0xff, 0xff, 0xff, 0xcb, 0x88, 0x88, 0x88, 0x88, 0x88, 0x88, 0x88, 0x88,
    0x76, 0x66, 0x77, 0x88, 0x88, 0x77, 0x77, 0x87, 0x67, 0x78, 0x88, 0x88, 0x77, 0x88, 0x88, 0x88,
    0x88, 0x88, 0x88, 0x88, 0x88, 0x87, 0x88, 0x88, 0x88, 0x77, 0x77, 0x77, 0x77, 0x77, 0x78, 0x86,
    0x53, 0x33, 0x33, 0x33, 0x33, 0x33, 0x33, 0x33, 0x33, 0x23, 0x34, 0x45, 0x55, 0x56, 0x66, 0x66,
    0x66, 0x66, 0x55, 0x66, 0x66, 0x66, 0x79, 0xbe, 0xff, 0xff, 0xff, 0xff, 0xff, 0xff, 0xff, 0xff,
    0xff, 0xff, 0xff, 0xff, 0xff, 0xff, 0xff, 0xff, 0xff, 0xff, 0xff, 0xff, 0xff, 0xff, 0xff, 0xff,
    0xff, 0xff, 0xff, 0xff, 0xff, 0xff, 0xff, 0xff, 0xff, 0xff, 0xff, 0xff, 0xff, 0xff, 0xff, 0xff,
    0xff, 0xff, 0xff, 0xff, 0xff, 0xff, 0xff, 0xff, 0xff, 0xff, 0xff, 0xff, 0xff, 0xff, 0xff, 0xff,
    0xdc, 0x88, 0x88, 0x88, 0x88, 0x88, 0x88, 0x88, 0x88, 0x88, 0x77, 0x88, 0x88, 0x88, 0x88, 0x88,
    0x88, 0x88, 0x88, 0x88, 0x88, 0x88, 0x77, 0x88, 0x87, 0x77, 0x88, 0x88, 0x88, 0x88, 0x88, 0x88,
    0x87, 0x77, 0x77, 0x77, 0x77, 0x77, 0x78, 0x85, 0x43, 0x33, 0x33, 0x33, 0x33, 0x33, 0x43, 0x33,
    0x33, 0x36, 0x66, 0x66, 0x66, 0x66, 0x66, 0x66, 0x66, 0x66, 0x66, 0x66, 0x66, 0x66, 0x66, 0x66,
    0xcf, 0xff, 0xff, 0xff, 0xff, 0xff, 0xff, 0xff, 0xff, 0xff, 0xff, 0xff, 0xff, 0xff, 0xff, 0xff,
    0xff, 0xff, 0xff, 0xff, 0xff, 0xff, 0xff, 0xff, 0xff, 0xff, 0xff, 0xff, 0xff, 0xff, 0xff, 0xff,
    0xff, 0xff, 0xff, 0xff, 0xff, 0xff, 0xff, 0xff, 0xff, 0xff, 0xff, 0xff, 0xff, 0xff, 0xff, 0xff,
    0xff, 0xff, 0xff, 0xff, 0xff, 0xff, 0xff, 0xff, 0xdd, 0x99, 0x98, 0x88, 0x88, 0x88, 0x88, 0x88,
    0x88, 0x88, 0x77, 0x88, 0x88, 0x88, 0x88, 0x88, 0x88, 0x88, 0x88, 0x88, 0x88, 0x88, 0x77, 0x88,
    0x88, 0x78, 0x88, 0x88, 0x88, 0x88, 0x88, 0x88, 0x77, 0x77, 0x77, 0x77, 0x77, 0x77, 0x88, 0x74,
    0x43, 0x33, 0x33, 0x33, 0x33, 0x33, 0x33, 0x33, 0x44, 0x46, 0x66, 0x66, 0x66, 0x66, 0x66, 0x66,
    0x66, 0x66, 0x66, 0x66, 0x66, 0x66, 0x66, 0x66, 0xad, 0xef, 0xff, 0xff, 0xff, 0xff, 0xff, 0xff,
    0xff, 0xff, 0xff, 0xff, 0xff, 0xff, 0xff, 0xff, 0xff, 0xff, 0xff, 0xff, 0xff, 0xff, 0xff, 0xff,
    0xff, 0xff, 0xff, 0xff, 0xff, 0xff, 0xff, 0xff, 0xff, 0xff, 0xff, 0xff, 0xff, 0xff, 0xff, 0xff,
    0xff, 0xff, 0xff, 0xff, 0xff, 0xff, 0xff, 0xff, 0xff, 0xff, 0xff, 0xff, 0xff, 0xff, 0xff, 0xff,
    0xff, 0xed, 0xcb, 0x87, 0x78, 0x88, 0x88, 0x88, 0x88, 0x88, 0x88, 0x88, 0x88, 0x87, 0x77, 0x87,
    0x78, 0x88, 0x88, 0x88, 0x88, 0x77, 0x88, 0x88, 0x88, 0x88, 0x87, 0x78, 0x88, 0x88, 0x88, 0x87,
    0x77, 0x77, 0x77, 0x77, 0x77, 0x78, 0x86, 0x53, 0x33, 0x33, 0x34, 0x33, 0x33, 0x33, 0x33, 0x35,
    0x66, 0x66, 0x66, 0x66, 0x66, 0x66, 0x66, 0x66, 0x66, 0x66, 0x66, 0x66, 0x65, 0x56, 0x66, 0x66,
    0x66, 0xbc, 0xff, 0xff, 0xff, 0xff, 0xff, 0xff, 0xff, 0xff, 0xff, 0xff, 0xff, 0xff, 0xff, 0xff,
    0xff, 0xff, 0xff, 0xff, 0xff, 0xff, 0xff, 0xff, 0xff, 0xff, 0xff, 0xff, 0xff, 0xff, 0xff, 0xff,
    0xff, 0xff, 0xff, 0xff, 0xff, 0xff, 0xff, 0xff, 0xff, 0xff, 0xff, 0xff, 0xff, 0xff, 0xff, 0xff,
    0xff, 0xff, 0xff, 0xff, 0xff, 0xff, 0xff, 0xff, 0xff, 0xee, 0xec, 0x98, 0x77, 0x78, 0x88, 0x88,
    0x88, 0x88, 0x88, 0x88, 0x88, 0x88, 0x78, 0x87, 0x78, 0x87, 0x88, 0x87, 0x88, 0x77, 0x88, 0x88,
    0x88, 0x88, 0x88, 0x88, 0x88, 0x88, 0x88, 0x87, 0x77, 0x77, 0x77, 0x77, 0x77, 0x78, 0x85, 0x43,
    0x33, 0x33, 0x33, 0x33, 0x33, 0x33, 0x44, 0x55, 0x66, 0x66, 0x66, 0x66, 0x66, 0x66, 0x66, 0x66,
    0x66, 0x66, 0x66, 0x66, 0x66, 0x68, 0x88, 0x89, 0x88, 0x9a, 0xee, 0xff, 0xff, 0xff, 0xff, 0xff,
    0xff, 0xff, 0xff, 0xff, 0xff, 0xff, 0xff, 0xff, 0xff, 0xff, 0xff, 0xff, 0xff, 0xff, 0xff, 0xff,
    0xff, 0xff, 0xff, 0xff, 0xff, 0xff, 0xff, 0xff, 0xff, 0xff, 0xff, 0xff, 0xff, 0xff, 0xff, 0xff,
    0xff, 0xff, 0xff, 0xff, 0xff, 0xff, 0xff, 0xff, 0xff, 0xff, 0xff, 0xff, 0xff, 0xff, 0xff, 0xff,
    0xff, 0xff, 0xfe, 0xb9, 0x87, 0x68, 0x88, 0x88, 0x88, 0x88, 0x88, 0x88, 0x88, 0x88, 0x88, 0x88,
    0x88, 0x87, 0x78, 0x77, 0x78, 0x88, 0x88, 0x88, 0x78, 0x88, 0x88, 0x88, 0x88, 0x88, 0x88, 0x87,
    0x77, 0x77, 0x77, 0x77, 0x77, 0x78, 0x83, 0x33, 0x33, 0x33, 0x33, 0x33, 0x33, 0x33, 0x55, 0x66,
    0x66, 0x66, 0x66, 0x66, 0x66, 0x66, 0x66, 0x66, 0x66, 0x66, 0x66, 0x65, 0x58, 0x8a, 0xab, 0xbc,
    0xba, 0x76, 0xcd, 0xff, 0xff, 0xff, 0xff, 0xff, 0xff, 0xff, 0xff, 0xff, 0xff, 0xff, 0xff, 0xff,
    0xff, 0xff, 0xff, 0xff, 0xff, 0xff, 0xff, 0xff, 0xff, 0xff, 0xff, 0xff, 0xff, 0xff, 0xff, 0xff,
    0xff, 0xff, 0xff, 0xff, 0xff, 0xff, 0xff, 0xff, 0xff, 0xff, 0xff, 0xff, 0xff, 0xff, 0xff, 0xff,
    0xff, 0xff, 0xff, 0xff, 0xff, 0xff, 0xff, 0xff, 0xff, 0xff, 0xfe, 0xdc, 0xb9, 0x88, 0x88, 0x88,
    0x88, 0x88, 0x88, 0x88, 0x88, 0x88, 0x88, 0x88, 0x88, 0x87, 0x88, 0x87, 0x88, 0x88, 0x88, 0x88,
    0x88, 0x88, 0x88, 0x88, 0x87, 0x88, 0x88, 0x87, 0x77, 0x77, 0x77, 0x77, 0x78, 0x87, 0x73, 0x33,
    0x33, 0x33, 0x33, 0x33, 0x33, 0x44, 0x66, 0x66, 0x66, 0x66, 0x66, 0x66, 0x66, 0x66, 0x66, 0x66,
    0x66, 0x66, 0x56, 0x68, 0x9b, 0xcc, 0xcc, 0xcd, 0xcc, 0xba, 0x99, 0xee, 0xff, 0xff, 0xff, 0xff,
    0xff, 0xff, 0xff, 0xff, 0xff, 0xff, 0xff, 0xff, 0xff, 0xff, 0xff, 0xff, 0xff, 0xff, 0xff, 0xff,
    0xff, 0xff, 0xff, 0xff, 0xff, 0xff, 0xff, 0xff, 0xff, 0xff, 0xff, 0xff, 0xff, 0xff, 0xff, 0xff,
    0xff, 0xff, 0xff, 0xff, 0xff, 0xff, 0xff, 0xff, 0xff, 0xff, 0xff, 0xff, 0xff, 0xff, 0xff, 0xff,
    0xff, 0xff, 0xee, 0xed, 0xdb, 0xa8, 0x88, 0x88, 0x88, 0x88, 0x88, 0x88, 0x88, 0x88, 0x88, 0x88,
    0x88, 0x88, 0x88, 0x88, 0x88, 0x88, 0x88, 0x77, 0x88, 0x78, 0x87, 0x78, 0x87, 0x78, 0x88, 0x87,
    0x77, 0x77, 0x77, 0x77, 0x78, 0x87, 0x73, 0x33, 0x33, 0x33, 0x33, 0x33, 0x33, 0x55, 0x66, 0x66,
    0x66, 0x66, 0x66, 0x66, 0x66, 0x66, 0x66, 0x66, 0x66, 0x66, 0x56, 0x6a, 0xbe, 0xee, 0xed, 0xdd,
    0xee, 0xdd, 0x67, 0xcd, 0xff, 0xff, 0xff, 0xff, 0xff, 0xff, 0xff, 0xff, 0xff, 0xff, 0xff, 0xff,
    0xff, 0xff, 0xff, 0xff, 0xff, 0xff, 0xff, 0xff, 0xff, 0xff, 0xff, 0xff, 0xff, 0xff, 0xff, 0xff,
    0xff, 0xff, 0xff, 0xff, 0xff, 0xff, 0xff, 0xff, 0xff, 0xff, 0xff, 0xff, 0xff, 0xff, 0xff, 0xff,
    0xff, 0xff, 0xff, 0xff, 0xff, 0xff, 0xff, 0xff, 0xff, 0xff, 0xdd, 0xdd, 0xdd, 0xda, 0xa8, 0x89,
    0x99, 0x88, 0x88, 0x88, 0x88, 0x88, 0x88, 0x88, 0x88, 0x88, 0x88, 0x88, 0x88, 0x87, 0x88, 0x88,
    0x88, 0x88, 0x88, 0x87, 0x78, 0x88, 0x88, 0x77, 0x77, 0x77, 0x77, 0x77, 0x78, 0x85, 0x43, 0x33,
    0x33, 0x33, 0x33, 0x33, 0x44, 0x66, 0x66, 0x66, 0x66, 0x66, 0x66, 0x66, 0x66, 0x66, 0x66, 0x66,
    0x66, 0x66, 0x69, 0xbd, 0xdd, 0xdc, 0xcc, 0xcc, 0xcb, 0xdd, 0xba, 0x8a, 0xef, 0xff, 0xff, 0xff,
    0xff, 0xff, 0xff, 0xff, 0xff, 0xff, 0xff, 0xff, 0xff, 0xff, 0xff, 0xff, 0xff, 0xff, 0xff, 0xff,
    0xff, 0xff, 0xff, 0xff, 0xff, 0xff, 0xff, 0xff, 0xff, 0xff, 0xff, 0xff, 0xff, 0xff, 0xff, 0xff,
    0xff, 0xff, 0xff, 0xff, 0xff, 0xff, 0xff, 0xff, 0xff, 0xff, 0xff, 0xff, 0xff, 0xff, 0xff, 0xff,
    0xff, 0xff, 0xdd, 0xdd, 0xde, 0xeb, 0xa8, 0x89, 0x99, 0x98, 0x88, 0x88, 0x88, 0x88, 0x88, 0x88,
    0x88, 0x88, 0x88, 0x88, 0x88, 0x87, 0x88, 0x88, 0x88, 0x88, 0x88, 0x86, 0x68, 0x88, 0x87, 0x77,
    0x77, 0x77, 0x77, 0x77, 0x77, 0x74, 0x33, 0x33, 0x33, 0x34, 0x33, 0x33, 0x55, 0x66, 0x66, 0x66,
    0x66, 0x66, 0x66, 0x66, 0x66, 0x66, 0x66, 0x66, 0x66, 0x66, 0x7a, 0xde, 0xec, 0xcc, 0xcc, 0xcc,
    0xbb, 0xdd, 0xcb, 0x69, 0xef, 0xff, 0xff, 0xff, 0xff, 0xff, 0xff, 0xff, 0xff, 0xff, 0xff, 0xff,
    0xff, 0xff, 0xff, 0xff, 0xff, 0xff, 0xff, 0xff, 0xff, 0xff, 0xff, 0xff, 0xff, 0xff, 0xff, 0xff,
    0xff, 0xff, 0xff, 0xff, 0xff, 0xff, 0xff, 0xff, 0xff, 0xff, 0xff, 0xff, 0xff, 0xff, 0xff, 0xff,
    0xff, 0xff, 0xff, 0xff, 0xff, 0xff, 0xff, 0xff, 0xff, 0xee, 0xdd, 0xdd, 0xdd, 0xdb, 0xa8, 0x89,
    0x9a, 0x99, 0x99, 0x99, 0x99, 0x99, 0x89, 0x98, 0x88, 0x89, 0x98, 0x88, 0x88, 0x88, 0x88, 0x88,
    0x78, 0x88, 0x87, 0x68, 0x88, 0x87, 0x77, 0x77, 0x77, 0x77, 0x77, 0x78, 0x87, 0x63, 0x33, 0x33,
    0x33, 0x33, 0x33, 0x56, 0x66, 0x66, 0x66, 0x66, 0x66, 0x66, 0x66, 0x66, 0x66, 0x66, 0x66, 0x66,
    0x66, 0x57, 0xac, 0xed, 0xcc, 0xcb, 0xbb, 0xbb, 0xbb, 0xbb, 0xbb, 0x89, 0xce, 0xff, 0xff, 0xff,
    0xff, 0xff, 0xff, 0xff, 0xff, 0xff, 0xff, 0xff, 0xff, 0xff, 0xff, 0xff, 0xff, 0xff, 0xff, 0xff,
    0xff, 0xff, 0xff, 0xff, 0xff, 0xff, 0xff, 0xff, 0xff, 0xff, 0xff, 0xff, 0xff, 0xff, 0xff, 0xff,
    0xff, 0xff, 0xff, 0xff, 0xff, 0xff, 0xff, 0xff, 0xff, 0xff, 0xff, 0xff, 0xff, 0xff, 0xff, 0xff,
    0xff, 0xee, 0xdd, 0xdd, 0xdd, 0xdb, 0xa8, 0x99, 0x9a, 0x99, 0x99, 0x99, 0x99, 0x99, 0x89, 0x98,
    0x88, 0x89, 0x98, 0x88, 0x88, 0x88, 0x88, 0x88, 0x77, 0x88, 0x87, 0x68, 0x88, 0x87, 0x77, 0x77,
    0x77, 0x77, 0x77, 0x78, 0x87, 0x53, 0x33, 0x33, 0x33, 0x33, 0x33, 0x56, 0x66, 0x66, 0x66, 0x66,
    0x66, 0x66, 0x66, 0x66, 0x66, 0x66, 0x66, 0x66, 0x66, 0x57, 0xac, 0xed, 0xcc, 0xcb, 0xbb, 0xbb,
    0xbb, 0xbb, 0xbb, 0x89, 0xce, 0xff, 0xff, 0xff, 0xff, 0xff, 0xff, 0xff, 0xff, 0xff, 0xff, 0xff,
    0xff, 0xff, 0xff, 0xff, 0xff, 0xff, 0xff, 0xff, 0xff, 0xff, 0xff, 0xff, 0xff, 0xff, 0xff, 0xff,
    0xff, 0xff, 0xff, 0xff, 0xff, 0xff, 0xff, 0xff, 0xff, 0xff, 0xff, 0xff, 0xff, 0xff, 0xff, 0xff,
    0xff, 0xff, 0xff, 0xff, 0xff, 0xff, 0xff, 0xff, 0xff, 0xdd, 0xdd, 0xdd, 0xec, 0xb9, 0x99, 0x9a,
    0x99, 0x99, 0x99, 0x99, 0x99, 0x99, 0x99, 0x98, 0x89, 0x99, 0x98, 0x88, 0x88, 0x88, 0x77, 0x67,
    0x87, 0x67, 0x87, 0x78, 0x88, 0x87, 0x77, 0x88, 0x87, 0x77, 0x77, 0x78, 0x86, 0x53, 0x33, 0x34,
    0x33, 0x32, 0x45, 0x66, 0x66, 0x66, 0x66, 0x66, 0x66, 0x66, 0x66, 0x66, 0x66, 0x66, 0x66, 0x66,
    0x66, 0x68, 0xac, 0xdd, 0xdc, 0xcb, 0xba, 0xab, 0xbb, 0xbb, 0xba, 0x89, 0x9c, 0xff, 0xff, 0xff,
    0xff, 0xff, 0xff, 0xff, 0xff, 0xff, 0xff, 0xff, 0xff, 0xff, 0xff, 0xff, 0xff, 0xff, 0xff, 0xff,
    0xff, 0xff, 0xff, 0xff, 0xff, 0xff, 0xff, 0xff, 0xff, 0xff, 0xff, 0xff, 0xff, 0xff, 0xff, 0xff,
    0xff, 0xff, 0xff, 0xff, 0xff, 0xff, 0xff, 0xff, 0xff, 0xff, 0xff, 0xff, 0xff, 0xff, 0xff, 0xff,
    0xff, 0xdd, 0xdd, 0xdd, 0xdb, 0xb9, 0x99, 0x9a, 0x99, 0x99, 0x99, 0x99, 0x99, 0x99, 0x99, 0x99,
    0x89, 0x99, 0x98, 0x88, 0x88, 0x88, 0x77, 0x77, 0x87, 0x77, 0x77, 0x78, 0x88, 0x87, 0x77, 0x88,
    0x87, 0x77, 0x77, 0x88, 0x85, 0x43, 0x33, 0x33, 0x33, 0x33, 0x45, 0x66, 0x66, 0x66, 0x66, 0x66,
    0x66, 0x66, 0x66, 0x66, 0x66, 0x66, 0x66, 0x66, 0x66, 0x68, 0xac, 0xdd, 0xdc, 0xbb, 0xba, 0xab,
    0xbb, 0xbb, 0xba, 0x88, 0x9c, 0xff, 0xff, 0xff, 0xff, 0xff, 0xff, 0xff, 0xff, 0xff, 0xff, 0xff,
    0xff, 0xff, 0xff, 0xff, 0xff, 0xff, 0xff, 0xff, 0xff, 0xff, 0xff, 0xff, 0xff, 0xff, 0xff, 0xff,
    0xff, 0xff, 0xff, 0xff, 0xff, 0xff, 0xff, 0xff, 0xff, 0xff, 0xff, 0xff, 0xff, 0xff, 0xff, 0xff,
    0xff, 0xff, 0xff, 0xff, 0xff, 0xff, 0xff, 0xff, 0xee, 0xee, 0xdd, 0xdd, 0xc9, 0x89, 0x99, 0x99,
    0x99, 0x99, 0x99, 0x99, 0x99, 0x99, 0x88, 0x89, 0x98, 0x88, 0x88, 0x88, 0x87, 0x88, 0x88, 0x88,
    0x88, 0x87, 0x67, 0x89, 0x97, 0x77, 0x77, 0x77, 0x77, 0x77, 0x78, 0x88, 0x74, 0x33, 0x33, 0x33,
    0x33, 0x45, 0x66, 0x66, 0x66, 0x66, 0x66, 0x66, 0x66, 0x66, 0x66, 0x66, 0x66, 0x66, 0x66, 0x66,
    0x66, 0x69, 0xbc, 0xdd, 0xdb, 0xbb, 0xbb, 0xbb, 0xbb, 0xbb, 0xbb, 0x87, 0x6a, 0xff, 0xff, 0xff,
    0xff, 0xff, 0xff, 0xff, 0xff, 0xff, 0xff, 0xff, 0xff, 0xff, 0xff, 0xff, 0xff, 0xff, 0xff, 0xff,
    0xff, 0xff, 0xff, 0xff, 0xff, 0xff, 0xff, 0xff, 0xff, 0xff, 0xff, 0xff, 0xff, 0xff, 0xff, 0xff,
    0xff, 0xff, 0xff, 0xff, 0xff, 0xff, 0xff, 0xff, 0xff, 0xff, 0xff, 0xff, 0xff, 0xff, 0xff, 0xff,
    0xee, 0xee, 0xdd, 0xdc, 0xb9, 0x89, 0x99, 0x99, 0x99, 0x99, 0x99, 0x99, 0x99, 0x98, 0x88, 0x99,
    0x98, 0x88, 0x88, 0x88, 0x88, 0x88, 0x88, 0x88, 0x77, 0x87, 0x77, 0x89, 0x97, 0x77, 0x88, 0x87,
    0x88, 0x77, 0x87, 0x76, 0x54, 0x33, 0x33, 0x33, 0x33, 0x45, 0x66, 0x66, 0x66, 0x66, 0x66, 0x66,
    0x66, 0x66, 0x66, 0x66, 0x66, 0x66, 0x66, 0x66, 0x66, 0x68, 0xbc, 0xdd, 0xdb, 0xbb, 0xbb, 0xba,
    0xbb, 0xbb, 0xbb, 0x87, 0x6b, 0xff, 0xff, 0xff, 0xff, 0xff, 0xff, 0xff, 0xff, 0xff, 0xff, 0xff,
    0xff, 0xff, 0xff, 0xff, 0xff, 0xff, 0xff, 0xff, 0xff, 0xff, 0xff, 0xff, 0xff, 0xff, 0xff, 0xff,
    0xff, 0xff, 0xff, 0xff, 0xff, 0xff, 0xff, 0xff, 0xff, 0xff, 0xff, 0xff, 0xff, 0xff, 0xff, 0xff,
    0xff, 0xff, 0xff, 0xff, 0xff, 0xff, 0xff, 0xff, 0xee, 0xff, 0xee, 0xdb, 0xa9, 0x8a, 0xa9, 0x9a,
    0x99, 0x99, 0x99, 0x99, 0x99, 0x88, 0x89, 0x99, 0x98, 0x88, 0x88, 0x88, 0x88, 0x88, 0x77, 0x87,
    0x67, 0x88, 0x78, 0x88, 0x87, 0x77, 0x88, 0x87, 0x88, 0x77, 0x87, 0x54, 0x33, 0x33, 0x33, 0x32,
    0x23, 0x46, 0x66, 0x66, 0x66, 0x66, 0x66, 0x66, 0x66, 0x66, 0x66, 0x66, 0x66, 0x66, 0x66, 0x66,
    0x66, 0x58, 0xbc, 0xdd, 0xdc, 0xcb, 0xbb, 0xaa, 0xbb, 0xbb, 0xba, 0x87, 0x6b, 0xff, 0xff, 0xff,
    0xff, 0xff, 0xff, 0xff, 0xff, 0xff, 0xff, 0xff, 0xff, 0xff, 0xff, 0xff, 0xff, 0xff, 0xff, 0xff,
    0xff, 0xff, 0xff, 0xff, 0xff, 0xff, 0xff, 0xff, 0xff, 0xff, 0xff, 0xff, 0xff, 0xff, 0xff, 0xff,
    0xff, 0xff, 0xff, 0xff, 0xff, 0xff, 0xff, 0xff, 0xff, 0xff, 0xff, 0xff, 0xff, 0xff, 0xff, 0xff,
    0xee, 0xff, 0xfe, 0xca, 0x99, 0x99, 0x99, 0x99, 0x99, 0x99, 0x99, 0x99, 0x99, 0x99, 0x99, 0x99,
    0x88, 0x88, 0x88, 0x88, 0x88, 0x88, 0x88, 0x88, 0x77, 0x87, 0x78, 0x88, 0x88, 0x87, 0x88, 0x88,
    0x88, 0x88, 0x87, 0x43, 0x33, 0x33, 0x33, 0x33, 0x34, 0x56, 0x66, 0x66, 0x66, 0x66, 0x66, 0x66,
    0x66, 0x66, 0x66, 0x66, 0x66, 0x66, 0x66, 0x66, 0x66, 0x67, 0x9c, 0xdd, 0xdc, 0xcb, 0xbb, 0xba,
    0xbb, 0xbb, 0xa9, 0x77, 0x7b, 0xff, 0xff, 0xff, 0xff, 0xff, 0xff, 0xff, 0xff, 0xff, 0xff, 0xff,
    0xff, 0xff, 0xff, 0xff, 0xff, 0xff, 0xff, 0xff, 0xff, 0xff, 0xff, 0xff, 0xff, 0xff, 0xff, 0xff,
    0xff, 0xff, 0xff, 0xff, 0xff, 0xff, 0xff, 0xff, 0xff, 0xff, 0xff, 0xff, 0xff, 0xff, 0xff, 0xff,
    0xff, 0xff, 0xff, 0xff, 0xff, 0xff, 0xff, 0xff, 0xee, 0xff, 0xfe, 0xba, 0x89, 0x99, 0x99, 0x99,
    0x9a, 0x99, 0x99, 0x99, 0x99, 0x99, 0x99, 0x98, 0x88, 0x88, 0x88, 0x87, 0x88, 0x88, 0x88, 0x88,
    0x78, 0x87, 0x78, 0x88, 0x88, 0x87, 0x77, 0x88, 0x87, 0x88, 0x76, 0x33, 0x33, 0x33, 0x33, 0x33,
    0x35, 0x56, 0x66, 0x66, 0x66, 0x66, 0x66, 0x66, 0x66, 0x66, 0x66, 0x66, 0x66, 0x66, 0x66, 0x66,
    0x66, 0x67, 0x8b, 0xdd, 0xdc, 0xcb, 0xbb, 0xbb, 0xbb, 0xbb, 0x99, 0x67, 0x8c, 0xff, 0xff, 0xff,
    0xff, 0xff, 0xff, 0xff, 0xff, 0xff, 0xff, 0xff, 0xff, 0xff, 0xff, 0xff, 0xff, 0xff, 0xff, 0xff,
    0xff, 0xff, 0xff, 0xff, 0xff, 0xff, 0xff, 0xff, 0xff, 0xff, 0xff, 0xff, 0xff, 0xff, 0xff, 0xff,
    0xff, 0xff, 0xff, 0xff, 0xff, 0xff, 0xff, 0xff, 0xff, 0xff, 0xff, 0xff, 0xff, 0xff, 0xff, 0xee,
    0xef, 0xfe, 0xcb, 0xa9, 0x89, 0x9a, 0xa9, 0x9a, 0x99, 0x99, 0x99, 0x99, 0x99, 0x99, 0x99, 0x88,
    0x88, 0x88, 0x88, 0x88, 0x88, 0x77, 0x77, 0x87, 0x67, 0x87, 0x77, 0x78, 0x88, 0x88, 0x76, 0x78,
    0x88, 0x88, 0x87, 0x44, 0x33, 0x33, 0x33, 0x34, 0x56, 0x66, 0x66, 0x66, 0x66, 0x66, 0x66, 0x66,
    0x66, 0x66, 0x66, 0x66, 0x66, 0x55, 0x66, 0x55, 0x66, 0x56, 0x8b, 0xed, 0xcb, 0xbb, 0xba, 0xab,
    0xbb, 0xbb, 0x88, 0x67, 0x9a, 0xce, 0xff, 0xff, 0xff, 0xff, 0xff, 0xff, 0xff, 0xff, 0xff, 0xff,
    0xff, 0xff, 0xff, 0xff, 0xff, 0xff, 0xff, 0xff, 0xff, 0xff, 0xff, 0xff, 0xff, 0xff, 0xff, 0xff,
    0xff, 0xff, 0xff, 0xff, 0xff, 0xff, 0xff, 0xff, 0xff, 0xff, 0xff, 0xff, 0xff, 0xff, 0xff, 0xff,
    0xff, 0xff, 0xff, 0xff, 0xff, 0xff, 0xff, 0xee, 0xff, 0xfe, 0xcb, 0x99, 0x89, 0x9a, 0xa9, 0x9a,
    0x99, 0x99, 0x99, 0x99, 0x99, 0x99, 0x99, 0x88, 0x88, 0x88, 0x88, 0x88, 0x88, 0x76, 0x77, 0x87,
    0x67, 0x88, 0x77, 0x78, 0x88, 0x88, 0x76, 0x77, 0x88, 0x77, 0x87, 0x54, 0x33, 0x33, 0x43, 0x35,
    0x56, 0x66, 0x66, 0x66, 0x66, 0x66, 0x66, 0x66, 0x66, 0x66, 0x66, 0x66, 0x66, 0x55, 0x66, 0x55,
    0x65, 0x56, 0x8c, 0xed, 0xcb, 0xbb, 0xba, 0xab, 0xbb, 0xbb, 0x88, 0x67, 0x9a, 0xbe, 0xff, 0xff,
    0xff, 0xff, 0xff, 0xff, 0xff, 0xff, 0xff, 0xff, 0xff, 0xff, 0xff, 0xff, 0xff, 0xff, 0xff, 0xff,
    0xff, 0xff, 0xff, 0xff, 0xff, 0xff, 0xff, 0xff, 0xff, 0xff, 0xff, 0xff, 0xff, 0xff, 0xff, 0xff,
    0xff, 0xff, 0xff, 0xff, 0xff, 0xff, 0xff, 0xff, 0xff, 0xff, 0xff, 0xff, 0xff, 0xff, 0xff, 0xee,
    0xff, 0xdc, 0xaa, 0x99, 0x88, 0x89, 0x9a, 0xa9, 0x99, 0x9a, 0x99, 0x99, 0x99, 0x99, 0x89, 0x98,
    0x88, 0x88, 0x88, 0x88, 0x88, 0x88, 0x88, 0x77, 0x88, 0x87, 0x77, 0x76, 0x68, 0x76, 0x65, 0x66,
    0x77, 0x77, 0x88, 0x75, 0x33, 0x33, 0x33, 0x46, 0x66, 0x55, 0x56, 0x66, 0x66, 0x66, 0x66, 0x66,
    0x66, 0x66, 0x66, 0x65, 0x56, 0x66, 0x55, 0x66, 0x55, 0x56, 0x8c, 0xec, 0xcb, 0xbb, 0xbb, 0xbb,
    0xbb, 0xbb, 0x88, 0x77, 0x99, 0x9c, 0xef, 0xff, 0xff, 0xff, 0xff, 0xff, 0xff, 0xff, 0xff, 0xff,
    0xff, 0xff, 0xff, 0xff, 0xff, 0xff, 0xff, 0xff, 0xff, 0xff, 0xff, 0xff, 0xff, 0xff, 0xff, 0xff,
    0xff, 0xff, 0xff, 0xff, 0xff, 0xff, 0xff, 0xff, 0xff, 0xff, 0xff, 0xff, 0xff, 0xff, 0xff, 0xff,
    0xff, 0xff, 0xff, 0xff, 0xff, 0xff, 0xff, 0xee, 0xff, 0xdc, 0xaa, 0x99, 0x98, 0x89, 0x9a, 0xa9,
    0x99, 0x9a, 0x99, 0x99, 0x99, 0x99, 0x89, 0x99, 0x88, 0x88, 0x88, 0x88, 0x88, 0x88, 0x88, 0x77,
    0x88, 0x87, 0x77, 0x76, 0x68, 0x76, 0x66, 0x66, 0x77, 0x77, 0x88, 0x86, 0x33, 0x33, 0x33, 0x46,
    0x66, 0x55, 0x56, 0x66, 0x66, 0x66, 0x66, 0x66, 0x66, 0x66, 0x66, 0x65, 0x56, 0x66, 0x55, 0x66,
    0x55, 0x56, 0x8c, 0xec, 0xcb, 0xbb, 0xbb, 0xbb, 0xbb, 0xbb, 0x88, 0x78, 0x99, 0x9c, 0xdf, 0xff,
    0xff, 0xff, 0xff, 0xff, 0xff, 0xff, 0xff, 0xff, 0xff, 0xff, 0xff, 0xff, 0xff, 0xff, 0xff, 0xff,
    0xff, 0xff, 0xff, 0xff, 0xff, 0xff, 0xff, 0xff, 0xff, 0xff, 0xff, 0xff, 0xff, 0xff, 0xff, 0xff,
    0xff, 0xff, 0xff, 0xff, 0xff, 0xff, 0xff, 0xff, 0xff, 0xff, 0xff, 0xff, 0xff, 0xff, 0xff, 0xfe,
    0xff, 0xdc, 0x89, 0x99, 0x99, 0x88, 0x89, 0x9a, 0x99, 0x9a, 0x99, 0xaa, 0x99, 0xa9, 0x99, 0x99,
    0x98, 0x88, 0x88, 0x88, 0x88, 0x88, 0x88, 0x87, 0x67, 0x77, 0x78, 0x86, 0x66, 0x66, 0x66, 0x66,
    0x65, 0x66, 0x78, 0xb9, 0x74, 0x32, 0x23, 0x36, 0x66, 0x55, 0x56, 0x66, 0x66, 0x66, 0x55, 0x65,
    0x56, 0x65, 0x56, 0x66, 0x66, 0x55, 0x66, 0x66, 0x65, 0x56, 0x7b, 0xed, 0xcb, 0xba, 0xab, 0xbb,
    0xbb, 0xbb, 0x99, 0x99, 0x99, 0x99, 0x9e, 0xff, 0xff, 0xff, 0xff, 0xff, 0xff, 0xff, 0xff, 0xff,
    0xff, 0xff, 0xff, 0xff, 0xff, 0xff, 0xff, 0xff, 0xff, 0xff, 0xff, 0xff, 0xff, 0xff, 0xff, 0xff,
    0xff, 0xff, 0xff, 0xff, 0xff, 0xff, 0xff, 0xff, 0xff, 0xff, 0xff, 0xff, 0xff, 0xff, 0xff, 0xff,
    0xff, 0xff, 0xff, 0xff, 0xff, 0xff, 0xff, 0xee, 0xff, 0xed, 0x99, 0x99, 0x99, 0x98, 0x89, 0x9a,
    0xa9, 0x9a, 0x99, 0xaa, 0x99, 0xa9, 0x99, 0x99, 0x98, 0x88, 0x88, 0x88, 0x88, 0x88, 0x88, 0x87,
    0x77, 0x77, 0x87, 0x76, 0x66, 0x66, 0x66, 0x66, 0x66, 0x66, 0x78, 0xa9, 0x85, 0x43, 0x23, 0x35,
    0x55, 0x55, 0x55, 0x55, 0x66, 0x66, 0x55, 0x65, 0x56, 0x65, 0x55, 0x55, 0x66, 0x55, 0x55, 0x66,
    0x66, 0x55, 0x6a, 0xdd, 0xdb, 0xba, 0xab, 0xbb, 0xbb, 0xaa, 0x89, 0xa9, 0x99, 0x99, 0x9e, 0xff,
    0xff, 0xff, 0xff, 0xff, 0xff, 0xff, 0xff, 0xff, 0xff, 0xff, 0xff, 0xff, 0xff, 0xff, 0xff, 0xff,
    0xff, 0xff, 0xff, 0xff, 0xff, 0xff, 0xff, 0xff, 0xff, 0xff, 0xff, 0xff, 0xff, 0xff, 0xff, 0xff,
    0xff, 0xff, 0xff, 0xff, 0xff, 0xff, 0xff, 0xff, 0xff, 0xff, 0xff, 0xff, 0xff, 0xff, 0xff, 0xed,
    0xff, 0xfe, 0xa9, 0x89, 0xa9, 0x98, 0x89, 0x9a, 0xaa, 0x99, 0xaa, 0x99, 0x99, 0xa9, 0x99, 0x99,
    0x98, 0x88, 0x88, 0x88, 0x88, 0x88, 0x77, 0x88, 0x88, 0x88, 0x87, 0x66, 0x66, 0x66, 0x66, 0x66,
    0x66, 0x66, 0x56, 0x89, 0xa8, 0x74, 0x32, 0x23, 0x35, 0x55, 0x55, 0x55, 0x66, 0x55, 0x66, 0x65,
    0x56, 0x65, 0x55, 0x55, 0x56, 0x66, 0x55, 0x66, 0x66, 0x65, 0x59, 0xcd, 0xdb, 0xbb, 0xbb, 0xbb,
    0xbb, 0x98, 0x78, 0xaa, 0x99, 0x99, 0x9d, 0xef, 0xff, 0xff, 0xff, 0xff, 0xff, 0xff, 0xff, 0xff,
    0xff, 0xff, 0xff, 0xff, 0xff, 0xff, 0xff, 0xff, 0xff, 0xff, 0xff, 0xff, 0xff, 0xff, 0xff, 0xff,
    0xff, 0xff, 0xff, 0xff, 0xff, 0xff, 0xff, 0xff, 0xff, 0xff, 0xff, 0xff, 0xff, 0xff, 0xff, 0xff,
    0xff, 0xff, 0xff, 0xff, 0xff, 0xff, 0xff, 0xed, 0xff, 0xfe, 0xa9, 0x89, 0x99, 0x98, 0x89, 0x9a,
    0xa9, 0x99, 0xaa, 0x99, 0x99, 0xa9, 0x99, 0x99, 0x98, 0x89, 0x98, 0x88, 0x88, 0x88, 0x88, 0x88,
    0x88, 0x88, 0x87, 0x66, 0x66, 0x66, 0x67, 0x66, 0x66, 0x66, 0x66, 0x78, 0x99, 0x96, 0x54, 0x33,
    0x34, 0x44, 0x45, 0x55, 0x55, 0x44, 0x55, 0x55, 0x55, 0x55, 0x55, 0x55, 0x56, 0x55, 0x55, 0x55,
    0x55, 0x55, 0x47, 0x9c, 0xdb, 0xbb, 0xbb, 0xbb, 0xbb, 0x87, 0x66, 0x99, 0x99, 0x99, 0x9b, 0xbf,
    0xff, 0xff, 0xff, 0xff, 0xff, 0xff, 0xff, 0xff, 0xff, 0xff, 0xff, 0xff, 0xff, 0xff, 0xff, 0xff,
    0xff, 0xff, 0xff, 0xff, 0xff, 0xff, 0xff, 0xff, 0xff, 0xff, 0xff, 0xff, 0xff, 0xff, 0xff, 0xff,
    0xff, 0xff, 0xff, 0xff, 0xff, 0xff, 0xff, 0xff, 0xff, 0xff, 0xff, 0xff, 0xff, 0xff, 0xff, 0xed,
    0xff, 0xfe, 0xa9, 0x89, 0x99, 0x98, 0x89, 0x9a, 0x99, 0x9a, 0xaa, 0x99, 0xaa, 0xa9, 0x99, 0x99,
    0x98, 0x89, 0x98, 0x88, 0x88, 0x88, 0x88, 0x88, 0x78, 0x88, 0x76, 0x66, 0x66, 0x66, 0x77, 0x76,
    0x66, 0x66, 0x66, 0x67, 0x8a, 0xb9, 0x85, 0x43, 0x32, 0x33, 0x45, 0x55, 0x55, 0x34, 0x55, 0x55,
    0x55, 0x55, 0x55, 0x55, 0x56, 0x55, 0x55, 0x55, 0x55, 0x54, 0x35, 0x6b, 0xcc, 0xcb, 0xbb, 0xbb,
    0xbb, 0x65, 0x55, 0x88, 0x99, 0x99, 0xa9, 0x8f, 0xff, 0xff, 0xff, 0xff, 0xff, 0xff, 0xff, 0xff,
    0xff, 0xff, 0xff, 0xff, 0xff, 0xff, 0xff, 0xff, 0xff, 0xff, 0xff, 0xff, 0xff, 0xff, 0xff, 0xff,
    0xff, 0xff, 0xff, 0xff, 0xff, 0xff, 0xff, 0xff, 0xff, 0xff, 0xff, 0xff, 0xff, 0xff, 0xff, 0xff,
    0xff, 0xff, 0xff, 0xff, 0xff, 0xff, 0xff, 0xdd, 0xef, 0xed, 0xa9, 0x89, 0x99, 0xa9, 0x99, 0x9a,
    0x99, 0x9a, 0xaa, 0x99, 0xaa, 0x99, 0x99, 0xa9, 0x98, 0x89, 0x98, 0x88, 0x88, 0x88, 0x88, 0x88,
    0x88, 0x87, 0x77, 0x77, 0x77, 0x77, 0x77, 0x77, 0x66, 0x77, 0x77, 0x77, 0x68, 0x89, 0x98, 0x86,
    0x53, 0x33, 0x34, 0x45, 0x55, 0x44, 0x55, 0x54, 0x45, 0x55, 0x54, 0x45, 0x55, 0x44, 0x55, 0x55,
    0x44, 0x54, 0x44, 0x47, 0x8a, 0xa9, 0x98, 0x99, 0x88, 0x55, 0x55, 0x88, 0xaa, 0x99, 0x98, 0x8a,
    0xbf, 0xff, 0xff, 0xff, 0xff, 0xff, 0xff, 0xff, 0xff, 0xff, 0xff, 0xff, 0xff, 0xff, 0xff, 0xff,
    0xff, 0xff, 0xff, 0xff, 0xff, 0xff, 0xff, 0xff, 0xff, 0xff, 0xff, 0xff, 0xff, 0xff, 0xff, 0xff,
    0xff, 0xff, 0xff, 0xff, 0xff, 0xff, 0xff, 0xff, 0xff, 0xff, 0xff, 0xff, 0xff, 0xff, 0xff, 0xdd,
    0xee, 0xed, 0xa9, 0x89, 0x9a, 0xa9, 0x99, 0x9a, 0x99, 0x9a, 0xaa, 0x99, 0xaa, 0x99, 0x99, 0xa9,
    0x98, 0x88, 0x88, 0x88, 0x88, 0x88, 0x88, 0x88, 0x88, 0x87, 0x77, 0x77, 0x77, 0x77, 0x77, 0x77,
    0x66, 0x77, 0x77, 0x76, 0x56, 0x79, 0x9a, 0xa7, 0x63, 0x33, 0x33, 0x45, 0x55, 0x55, 0x65, 0x54,
    0x44, 0x55, 0x54, 0x45, 0x55, 0x44, 0x55, 0x55, 0x44, 0x55, 0x54, 0x36, 0x68, 0x88, 0x87, 0x78,
    0x76, 0x55, 0x55, 0x78, 0xaa, 0xa9, 0x98, 0x88, 0x9f, 0xff, 0xff, 0xff, 0xff, 0xff, 0xff, 0xff,
    0xff, 0xff, 0xff, 0xff, 0xff, 0xff, 0xff, 0xff, 0xff, 0xff, 0xff, 0xff, 0xff, 0xff, 0xff, 0xff,
    0xff, 0xff, 0xff, 0xff, 0xff, 0xff, 0xff, 0xff, 0xff, 0xff, 0xff, 0xff, 0xff, 0xff, 0xff, 0xff,
    0xff, 0xff, 0xff, 0xff, 0xff, 0xff, 0xfe, 0xdd, 0xdd, 0xdd, 0xba, 0x89, 0x99, 0x99, 0x99, 0x99,
    0x9a, 0x99, 0x99, 0xaa, 0x99, 0xa9, 0x99, 0x99, 0x98, 0x88, 0x89, 0x98, 0x88, 0x88, 0x88, 0x88,
    0x88, 0x77, 0x67, 0x77, 0x78, 0x87, 0x77, 0x77, 0x77, 0x77, 0x77, 0x87, 0x77, 0x77, 0x78, 0x88,
    0x76, 0x66, 0x66, 0x44, 0x55, 0x54, 0x44, 0x55, 0x55, 0x55, 0x55, 0x55, 0x55, 0x55, 0x55, 0x55,
    0x55, 0x55, 0x55, 0x45, 0x55, 0x55, 0x55, 0x55, 0x55, 0x55, 0x66, 0x88, 0x99, 0x99, 0x98, 0x87,
    0x77, 0x8a, 0xcf, 0xff, 0xff, 0xff, 0xff, 0xff, 0xff, 0xff, 0xff, 0xff, 0xff, 0xff, 0xff, 0xff,
    0xff, 0xff, 0xff, 0xff, 0xff, 0xff, 0xff, 0xff, 0xff, 0xff, 0xff, 0xff, 0xff, 0xff, 0xff, 0xff,
    0xff, 0xff, 0xff, 0xff, 0xff, 0xff, 0xff, 0xff, 0xff, 0xff, 0xff, 0xff, 0xff, 0xff, 0xfe, 0xdd,
    0xdd, 0xdc, 0xba, 0x89, 0x99, 0x99, 0x99, 0x99, 0x9a, 0x99, 0x99, 0xaa, 0x99, 0xa9, 0x99, 0x99,
    0x98, 0x88, 0x89, 0x98, 0x88, 0x88, 0x88, 0x88, 0x87, 0x77, 0x67, 0x77, 0x78, 0x87, 0x77, 0x77,
    0x77, 0x77, 0x77, 0x87, 0x77, 0x76, 0x67, 0x78, 0x87, 0x76, 0x66, 0x43, 0x55, 0x54, 0x34, 0x55,
    0x55, 0x55, 0x55, 0x55, 0x55, 0x55, 0x55, 0x55, 0x55, 0x55, 0x55, 0x55, 0x55, 0x55, 0x55, 0x55,
    0x55, 0x55, 0x66, 0x88, 0x99, 0x99, 0x98, 0x87, 0x75, 0x68, 0xbe, 0xff, 0xff, 0xff, 0xff, 0xff,
    0xff, 0xff, 0xff, 0xff, 0xff, 0xff, 0xff, 0xff, 0xff, 0xff, 0xff, 0xff, 0xff, 0xff, 0xff, 0xff,
    0xff, 0xff, 0xff, 0xff, 0xff, 0xff, 0xff, 0xff, 0xff, 0xff, 0xff, 0xff, 0xff, 0xff, 0xff, 0xff,
    0xff, 0xff, 0xff, 0xff, 0xff, 0xff, 0xff, 0xee, 0xcc, 0xbb, 0xcb, 0x99, 0x99, 0xa9, 0x99, 0x99,
    0x99, 0x9a, 0x99, 0xaa, 0x99, 0x99, 0x99, 0x99, 0x99, 0x98, 0x88, 0x88, 0x88, 0x88, 0x88, 0x88,
    0x87, 0x77, 0x78, 0x86, 0x67, 0x76, 0x78, 0x76, 0x78, 0x66, 0x87, 0x67, 0x87, 0x78, 0x87, 0x78,
    0x88, 0x88, 0x88, 0x77, 0x77, 0x54, 0x43, 0x33, 0x34, 0x53, 0x33, 0x33, 0x33, 0x33, 0x33, 0x55,
    0x55, 0x55, 0x55, 0x55, 0x55, 0x55, 0x55, 0x55, 0x55, 0x55, 0x88, 0x99, 0x89, 0x99, 0xa9, 0x88,
    0x84, 0x32, 0x35, 0xcf, 0xff, 0xff, 0xff, 0xff, 0xff, 0xff, 0xff, 0xff, 0xff, 0xff, 0xff, 0xff,
    0xff, 0xff, 0xff, 0xff, 0xff, 0xff, 0xff, 0xff, 0xff, 0xff, 0xff, 0xff, 0xff, 0xff, 0xff, 0xff,
    0xff, 0xff, 0xff, 0xff, 0xff, 0xff, 0xff, 0xff, 0xff, 0xff, 0xff, 0xff, 0xff, 0xff, 0xff, 0xee,
    0xcc, 0xab, 0xcb, 0x99, 0x99, 0xa9, 0x99, 0x99, 0x99, 0x9a, 0x99, 0xaa, 0x99, 0x99, 0x99, 0x99,
    0x99, 0x98, 0x88, 0x88, 0x88, 0x88, 0x88, 0x88, 0x87, 0x77, 0x78, 0x86, 0x67, 0x76, 0x77, 0x76,
    0x78, 0x67, 0x87, 0x67, 0x87, 0x77, 0x77, 0x78, 0x88, 0x88, 0x88, 0x77, 0x77, 0x55, 0x44, 0x34,
    0x45, 0x54, 0x44, 0x43, 0x33, 0x33, 0x33, 0x55, 0x55, 0x55, 0x55, 0x55, 0x55, 0x55, 0x55, 0x55,
    0x55, 0x55, 0x88, 0x99, 0x89, 0x99, 0x99, 0x88, 0x84, 0x32, 0x35, 0xbe, 0xff, 0xff, 0xff, 0xff,
    0xff, 0xff, 0xff, 0xff, 0xff, 0xff, 0xff, 0xff, 0xff, 0xff, 0xff, 0xff, 0xff, 0xff, 0xff, 0xff,
    0xff, 0xff, 0xff, 0xff, 0xff, 0xff, 0xff, 0xff, 0xff, 0xff, 0xff, 0xff, 0xff, 0xff, 0xff, 0xff,
    0xff, 0xff, 0xff, 0xff, 0xff, 0xff, 0xff, 0xee, 0xcb, 0x89, 0xbb, 0xaa, 0x99, 0x99, 0x99, 0x99,
    0x99, 0x99, 0xaa, 0x99, 0x99, 0x99, 0x99, 0x99, 0x98, 0x88, 0x88, 0x88, 0x88, 0x88, 0x88, 0x88,
    0x87, 0x67, 0x77, 0x77, 0x77, 0x78, 0x76, 0x78, 0x77, 0x77, 0x88, 0x77, 0x77, 0x87, 0x68, 0x87,
    0x78, 0x77, 0x78, 0x88, 0x88, 0x77, 0x87, 0x66, 0x67, 0x76, 0x65, 0x55, 0x43, 0x33, 0x33, 0x55,
    0x55, 0x55, 0x55, 0x57, 0x76, 0x65, 0x68, 0x88, 0x99, 0x99, 0x99, 0xa9, 0x89, 0x98, 0x89, 0xa9,
    0x84, 0x32, 0x22, 0x9c, 0xff, 0xff, 0xff, 0xff, 0xff, 0xff, 0xff, 0xff, 0xff, 0xff, 0xff, 0xff,
    0xff, 0xff, 0xff, 0xff, 0xff, 0xff, 0xff, 0xff, 0xff, 0xff, 0xff, 0xff, 0xff, 0xff, 0xff, 0xff,
    0xff, 0xff, 0xff, 0xff, 0xff, 0xff, 0xff, 0xff, 0xff, 0xff, 0xff, 0xff, 0xff, 0xff, 0xfe, 0xee,
    0xcb, 0x89, 0xbb, 0xaa, 0x99, 0x99, 0x99, 0x99, 0x99, 0x99, 0x9a, 0x99, 0x99, 0x99, 0x99, 0x99,
    0x99, 0x98, 0x88, 0x88, 0x88, 0x88, 0x88, 0x88, 0x87, 0x77, 0x77, 0x77, 0x77, 0x77, 0x77, 0x78,
    0x77, 0x77, 0x77, 0x77, 0x77, 0x87, 0x77, 0x87, 0x77, 0x77, 0x78, 0x88, 0x88, 0x77, 0x87, 0x77,
    0x77, 0x77, 0x76, 0x66, 0x54, 0x44, 0x44, 0x55, 0x55, 0x55, 0x55, 0x67, 0x87, 0x76, 0x78, 0x99,
    0x99, 0x99, 0x99, 0xa9, 0x89, 0x98, 0x89, 0x9a, 0x94, 0x31, 0x23, 0xad, 0xff, 0xff, 0xff, 0xff,
    0xff, 0xff, 0xff, 0xff, 0xff, 0xff, 0xff, 0xff, 0xff, 0xff, 0xff, 0xff, 0xff, 0xff, 0xff, 0xff,
    0xff, 0xff, 0xff, 0xff, 0xff, 0xff, 0xff, 0xff, 0xff, 0xff, 0xff, 0xff, 0xff, 0xff, 0xff, 0xff,
    0xff, 0xff, 0xff, 0xff, 0xff, 0xff, 0xfe, 0xee, 0xcb, 0x89, 0xaa, 0xaa, 0x99, 0x9a, 0xa9, 0x99,
    0x99, 0x9a, 0x99, 0x99, 0x88, 0x99, 0x89, 0x99, 0x99, 0x98, 0x88, 0x88, 0x88, 0x88, 0x88, 0x88,
    0x88, 0x87, 0x76, 0x68, 0x87, 0x76, 0x77, 0x78, 0x88, 0x77, 0x67, 0x87, 0x67, 0x78, 0x87, 0x78,
    0x76, 0x78, 0x77, 0x77, 0x77, 0x88, 0x88, 0x88, 0x88, 0x88, 0x88, 0x88, 0x87, 0x66, 0x77, 0x76,
    0x55, 0x56, 0x67, 0x78, 0x88, 0x88, 0x99, 0xaa, 0xaa, 0x99, 0xaa, 0xa9, 0x99, 0x98, 0x89, 0x9b,
    0xa5, 0x41, 0x23, 0xbf, 0xff, 0xff, 0xff, 0xff, 0xff, 0xff, 0xff, 0xff, 0xff, 0xff, 0xff, 0xff,
    0xff, 0xff, 0xff, 0xff, 0xff, 0xff, 0xff, 0xff, 0xff, 0xff, 0xff, 0xff, 0xff, 0xff, 0xff, 0xff,
    0xff, 0xff, 0xff, 0xff, 0xff, 0xff, 0xff, 0xff, 0xff, 0xff, 0xff, 0xff, 0xff, 0xff, 0xfe, 0xee,
    0xcc, 0x99, 0x99, 0x99, 0x99, 0x9a, 0xa9, 0x99, 0x99, 0x9a, 0x99, 0x99, 0x99, 0x99, 0x89, 0x99,
    0x99, 0x98, 0x88, 0x88, 0x88, 0x88, 0x88, 0x88, 0x88, 0x87, 0x77, 0x77, 0x77, 0x77, 0x77, 0x77,
    0x77, 0x77, 0x77, 0x77, 0x77, 0x77, 0x77, 0x77, 0x77, 0x77, 0x77, 0x77, 0x77, 0x78, 0x88, 0x88,
    0x88, 0x88, 0x88, 0x88, 0x87, 0x77, 0x88, 0x77, 0x66, 0x77, 0x77, 0x77, 0x78, 0x88, 0x89, 0x99,
    0xaa, 0x99, 0x99, 0x99, 0x99, 0x99, 0x99, 0x9b, 0xa6, 0x41, 0x23, 0xae, 0xff, 0xff, 0xff, 0xff,
    0xff, 0xff, 0xff, 0xff, 0xff, 0xff, 0xff, 0xff, 0xff, 0xff, 0xff, 0xff, 0xff, 0xff, 0xff, 0xff,
    0xff, 0xff, 0xff, 0xff, 0xff, 0xff, 0xff, 0xff, 0xff, 0xff, 0xff, 0xff, 0xff, 0xff, 0xff, 0xff,
    0xff, 0xff, 0xff, 0xff, 0xff, 0xff, 0xff, 0xee, 0xcc, 0x99, 0x99, 0x89, 0x99, 0x9a, 0xa9, 0x99,
    0x99, 0x9a, 0x99, 0x98, 0x99, 0x99, 0x89, 0x99, 0x99, 0x98, 0x88, 0x88, 0x88, 0x88, 0x88, 0x88,
    0x88, 0x87, 0x67, 0x86, 0x67, 0x78, 0x77, 0x77, 0x77, 0x77, 0x88, 0x77, 0x87, 0x76, 0x68, 0x86,
    0x78, 0x77, 0x78, 0x76, 0x88, 0x77, 0x88, 0x88, 0x88, 0x88, 0x88, 0x88, 0x88, 0x88, 0x88, 0x88,
    0x77, 0x88, 0x87, 0x76, 0x68, 0x88, 0x88, 0x89, 0x9a, 0x99, 0x99, 0x99, 0x99, 0xaa, 0xa9, 0x9c,
    0xb6, 0x51, 0x12, 0x9c, 0xff, 0xff, 0xff, 0xff, 0xff, 0xff, 0xff, 0xff, 0xff, 0xff, 0xff, 0xff,
    0xff, 0xff, 0xff, 0xff, 0xff, 0xff, 0xff, 0xff, 0xff, 0xff, 0xff, 0xff, 0xff, 0xff, 0xff, 0xff,
    0xff, 0xff, 0xff, 0xff, 0xff, 0xff, 0xff, 0xff, 0xff, 0xff, 0xff, 0xff, 0xff, 0xff, 0xff, 0xed,
    0xbb, 0x99, 0xa9, 0x88, 0x99, 0xa9, 0x99, 0x99, 0x99, 0x9a, 0x99, 0x98, 0x99, 0x89, 0x99, 0x99,
    0x99, 0x99, 0x98, 0x88, 0x88, 0x88, 0x88, 0x88, 0x88, 0x87, 0x77, 0x76, 0x67, 0x77, 0x78, 0x77,
    0x77, 0x77, 0x77, 0x87, 0x77, 0x87, 0x77, 0x77, 0x77, 0x78, 0x77, 0x77, 0x88, 0x77, 0x88, 0x77,
    0x78, 0x87, 0x77, 0x78, 0x88, 0x88, 0x88, 0x77, 0x87, 0x77, 0x77, 0x77, 0x78, 0x88, 0x88, 0x99,
    0xaa, 0x98, 0x88, 0x99, 0x9a, 0xaa, 0xaa, 0xa9, 0x94, 0x32, 0x22, 0x56, 0xdf, 0xff, 0xff, 0xff,
    0xff, 0xff, 0xff, 0xff, 0xff, 0xff, 0xff, 0xff, 0xff, 0xff, 0xff, 0xff, 0xff, 0xff, 0xff, 0xff,
    0xff, 0xff, 0xff, 0xff, 0xff, 0xff, 0xff, 0xff, 0xff, 0xff, 0xff, 0xff, 0xff, 0xff, 0xff, 0xff,
    0xff, 0xff, 0xff, 0xff, 0xff, 0xff, 0xff, 0xed, 0xbb, 0x89, 0xa9, 0x88, 0x89, 0xa9, 0x9a, 0xa9,
    0x99, 0x9a, 0x99, 0x98, 0x99, 0x89, 0x99, 0x99, 0x99, 0x99, 0x98, 0x88, 0x88, 0x88, 0x88, 0x88,
    0x88, 0x87, 0x77, 0x76, 0x67, 0x76, 0x78, 0x76, 0x77, 0x77, 0x67, 0x87, 0x67, 0x88, 0x87, 0x78,
    0x87, 0x78, 0x76, 0x78, 0x88, 0x67, 0x87, 0x77, 0x78, 0x87, 0x77, 0x78, 0x88, 0x88, 0x88, 0x77,
    0x88, 0x77, 0x77, 0x67, 0x78, 0x88, 0x88, 0x9a, 0xaa, 0x98, 0x88, 0x99, 0xaa, 0xaa, 0xab, 0xb8,
    0x72, 0x22, 0x22, 0x33, 0xce, 0xff, 0xff, 0xff, 0xff, 0xff, 0xff, 0xff, 0xff, 0xff, 0xff, 0xff,
    0xff, 0xff, 0xff, 0xff, 0xff, 0xff, 0xff, 0xff, 0xff, 0xff, 0xff, 0xff, 0xff, 0xff, 0xff, 0xff,
    0xff, 0xff, 0xff, 0xff, 0xff, 0xff, 0xff, 0xff, 0xff, 0xff, 0xff, 0xff, 0xff, 0xff, 0xfe, 0xdd,
    0xaa, 0x99, 0x99, 0x99, 0x89, 0x99, 0x99, 0x98, 0x99, 0x99, 0x98, 0x99, 0x88, 0x99, 0x99, 0x99,
    0x99, 0x98, 0x88, 0x88, 0x88, 0x88, 0x88, 0x88, 0x88, 0x87, 0x67, 0x87, 0x78, 0x77, 0x78, 0x77,
    0x78, 0x66, 0x87, 0x77, 0x87, 0x77, 0x78, 0x86, 0x78, 0x76, 0x78, 0x77, 0x88, 0x77, 0x87, 0x77,
    0x87, 0x78, 0x88, 0x88, 0x88, 0x88, 0x88, 0x88, 0x77, 0x77, 0x67, 0x78, 0x88, 0x87, 0x88, 0x88,
    0x9a, 0x99, 0x99, 0xaa, 0xaa, 0xaa, 0xab, 0xb4, 0x41, 0x12, 0x22, 0x22, 0x9b, 0xff, 0xff, 0xff,
    0xff, 0xff, 0xff, 0xff, 0xff, 0xff, 0xff, 0xff, 0xff, 0xff, 0xff, 0xff, 0xff, 0xff, 0xff, 0xff,
    0xff, 0xff, 0xff, 0xff, 0xff, 0xff, 0xff, 0xff, 0xff, 0xff, 0xff, 0xff, 0xff, 0xff, 0xff, 0xff,
    0xff, 0xff, 0xff, 0xff, 0xff, 0xff, 0xfe, 0xdd, 0xaa, 0x99, 0x99, 0x99, 0x89, 0x99, 0x99, 0x98,
    0x99, 0x99, 0x88, 0x99, 0x88, 0x99, 0x99, 0x99, 0x99, 0x98, 0x88, 0x88, 0x88, 0x88, 0x88, 0x88,
    0x88, 0x87, 0x67, 0x87, 0x78, 0x87, 0x78, 0x77, 0x88, 0x66, 0x88, 0x77, 0x87, 0x77, 0x78, 0x86,
    0x78, 0x76, 0x78, 0x77, 0x88, 0x77, 0x87, 0x77, 0x87, 0x78, 0x88, 0x88, 0x88, 0x88, 0x88, 0x88,
    0x77, 0x77, 0x67, 0x78, 0x88, 0x87, 0x78, 0x88, 0x9a, 0x99, 0x99, 0xaa, 0xaa, 0xaa, 0xab, 0xb4,
    0x31, 0x12, 0x22, 0x22, 0x8a, 0xff, 0xff, 0xff, 0xff, 0xff, 0xff, 0xff, 0xff, 0xff, 0xff, 0xff,
    0xff, 0xff, 0xff, 0xff, 0xff, 0xff, 0xff, 0xff, 0xff, 0xff, 0xff, 0xff, 0xff, 0xff, 0xff, 0xff,
    0xff, 0xff, 0xff, 0xff, 0xff, 0xff, 0xff, 0xff, 0xff, 0xff, 0xff, 0xff, 0xff, 0xff, 0xfe, 0xee,
    0xa9, 0x99, 0x99, 0xa9, 0x88, 0x89, 0x98, 0x89, 0x99, 0x98, 0x99, 0x88, 0x99, 0x89, 0x99, 0x99,
    0x99, 0x99, 0x98, 0x88, 0x88, 0x88, 0x88, 0x88, 0x88, 0x88, 0x87, 0x67, 0x77, 0x76, 0x78, 0x77,
    0x66, 0x88, 0x77, 0x77, 0x87, 0x78, 0x86, 0x68, 0x87, 0x78, 0x88, 0x76, 0x88, 0x77, 0x77, 0x87,
    0x67, 0x88, 0x87, 0x78, 0x77, 0x88, 0x88, 0x66, 0x88, 0x77, 0x78, 0x87, 0x68, 0x88, 0x88, 0x9a,
    0x98, 0x99, 0x99, 0x99, 0xaa, 0xaa, 0xb8, 0x82, 0x22, 0x22, 0x22, 0x22, 0x55, 0xff, 0xff, 0xff,
    0xff, 0xff, 0xff, 0xff, 0xff, 0xff, 0xff, 0xff, 0xff, 0xff, 0xff, 0xff, 0xff, 0xff, 0xff, 0xff,
    0xff, 0xff, 0xff, 0xff, 0xff, 0xff, 0xff, 0xff, 0xff, 0xff, 0xff, 0xff, 0xff, 0xff, 0xff, 0xff,
    0xff, 0xff, 0xff, 0xff, 0xff, 0xff, 0xfe, 0xdd, 0xa9, 0x99, 0x99, 0xa9, 0x88, 0x89, 0x98, 0x99,
    0x99, 0x98, 0x99, 0x88, 0x99, 0x89, 0x99, 0x99, 0x99, 0x99, 0x98, 0x88, 0x88, 0x88, 0x88, 0x88,
    0x88, 0x88, 0x87, 0x67, 0x77, 0x77, 0x78, 0x77, 0x76, 0x77, 0x77, 0x77, 0x87, 0x78, 0x87, 0x78,
    0x87, 0x78, 0x88, 0x77, 0x88, 0x77, 0x77, 0x87, 0x77, 0x87, 0x77, 0x78, 0x87, 0x88, 0x88, 0x77,
    0x87, 0x77, 0x77, 0x76, 0x68, 0x87, 0x89, 0x9a, 0x98, 0x99, 0x99, 0x99, 0xaa, 0xaa, 0xb7, 0x72,
    0x22, 0x22, 0x22, 0x22, 0x45, 0xee, 0xff, 0xff, 0xff, 0xff, 0xff, 0xff, 0xff, 0xff, 0xff, 0xff,
    0xff, 0xff, 0xff, 0xff, 0xff, 0xff, 0xff, 0xff, 0xff, 0xff, 0xff, 0xff, 0xff, 0xff, 0xff, 0xff,
    0xff, 0xff, 0xff, 0xff, 0xff, 0xff, 0xff, 0xff, 0xff, 0xff, 0xff, 0xff, 0xff, 0xff, 0xff, 0xcb,
    0xba, 0x99, 0x99, 0xa9, 0x88, 0x88, 0x89, 0x98, 0x99, 0x98, 0x99, 0x88, 0x89, 0x99, 0x99, 0x99,
    0x99, 0x98, 0x88, 0x99, 0x98, 0x88, 0x88, 0x88, 0x88, 0x87, 0x77, 0x78, 0x86, 0x78, 0x77, 0x78,
    0x77, 0x66, 0x88, 0x87, 0x77, 0x78, 0x87, 0x78, 0x76, 0x78, 0x77, 0x88, 0x77, 0x88, 0x77, 0x88,
    0x88, 0x86, 0x68, 0x88, 0x88, 0x88, 0x77, 0x88, 0x77, 0x77, 0x87, 0x66, 0x68, 0x86, 0x7a, 0xab,
    0xa9, 0x99, 0xaa, 0x99, 0xaa, 0xba, 0xa3, 0x21, 0x12, 0x22, 0x22, 0x22, 0x22, 0x89, 0xff, 0xff,
    0xff, 0xff, 0xff, 0xff, 0xff, 0xff, 0xff, 0xff, 0xff, 0xff, 0xff, 0xff, 0xff, 0xff, 0xff, 0xff,
    0xff, 0xff, 0xff, 0xff, 0xff, 0xff, 0xff, 0xff, 0xff, 0xff, 0xff, 0xff, 0xff, 0xff, 0xff, 0xff,
    0xff, 0xff, 0xff, 0xff, 0xff, 0xff, 0xdb, 0xbb, 0xbb, 0x99, 0x99, 0xa9, 0x98, 0x88, 0x89, 0x98,
    0x99, 0x98, 0x99, 0x99, 0x99, 0x99, 0x99, 0x99, 0x99, 0x99, 0x98, 0x99, 0x98, 0x88, 0x88, 0x88,
    0x88, 0x88, 0x77, 0x77, 0x77, 0x78, 0x77, 0x77, 0x77, 0x77, 0x88, 0x87, 0x77, 0x78, 0x87, 0x78,
    0x77, 0x78, 0x77, 0x77, 0x77, 0x77, 0x78, 0x87, 0x78, 0x87, 0x78, 0x88, 0x88, 0x88, 0x77, 0x88,
    0x77, 0x77, 0x77, 0x67, 0x78, 0x87, 0x89, 0xaa, 0xa9, 0x99, 0x99, 0x99, 0xaa, 0xa9, 0x83, 0x22,
    0x22, 0x22, 0x22, 0x22, 0x22, 0x68, 0xff, 0xff, 0xff, 0xff, 0xff, 0xff, 0xff, 0xff, 0xff, 0xff,
    0xff, 0xff, 0xff, 0xff, 0xff, 0xff, 0xff, 0xff, 0xff, 0xff, 0xff, 0xff, 0xff, 0xff, 0xff, 0xff,
    0xff, 0xff, 0xff, 0xff, 0xff, 0xff, 0xff, 0xff, 0xff, 0xff, 0xff, 0xff, 0xff, 0xed, 0x95, 0xab,
    0xbb, 0x89, 0xaa, 0xa9, 0x98, 0x88, 0x88, 0x88, 0x99, 0x98, 0x99, 0x99, 0xaa, 0xaa, 0x99, 0x99,
    0x99, 0x99, 0x98, 0x88, 0x88, 0x88, 0x88, 0x88, 0x88, 0x88, 0x87, 0x66, 0x68, 0x87, 0x77, 0x76,
    0x77, 0x77, 0x88, 0x77, 0x77, 0x78, 0x87, 0x77, 0x78, 0x77, 0x78, 0x76, 0x88, 0x67, 0x88, 0x87,
    0x67, 0x88, 0x87, 0x78, 0x77, 0x88, 0x88, 0x88, 0x88, 0x87, 0x66, 0x67, 0x88, 0x88, 0x89, 0x9a,
    0xaa, 0xaa, 0x99, 0xaa, 0xaa, 0xa6, 0x42, 0x12, 0x22, 0x22, 0x22, 0x22, 0x22, 0x35, 0xff, 0xff,
    0xff, 0xff, 0xff, 0xff, 0xff, 0xff, 0xff, 0xff, 0xff, 0xff, 0xff, 0xff, 0xff, 0xff, 0xff, 0xff,
    0xff, 0xff, 0xff, 0xff, 0xff, 0xff, 0xff, 0xff, 0xff, 0xff, 0xff, 0xff, 0xff, 0xff, 0xff, 0xff,
    0xff, 0xff, 0xff, 0xff, 0xfe, 0xb8, 0x65, 0xad, 0xcb, 0x88, 0x99, 0x99, 0x98, 0x88, 0x88, 0x88,
    0x89, 0x99, 0x9a, 0xaa, 0xaa, 0xaa, 0x99, 0x99, 0x99, 0x99, 0x98, 0x88, 0x99, 0x88, 0x88, 0x88,
    0x88, 0x88, 0x77, 0x77, 0x77, 0x77, 0x77, 0x77, 0x77, 0x77, 0x88, 0x77, 0x77, 0x77, 0x87, 0x77,
    0x77, 0x77, 0x77, 0x77, 0x77, 0x77, 0x78, 0x87, 0x78, 0x87, 0x77, 0x88, 0x87, 0x88, 0x88, 0x88,
    0x87, 0x77, 0x77, 0x78, 0x88, 0x77, 0x79, 0x9a, 0xaa, 0xaa, 0x9a, 0xbb, 0xb9, 0x74, 0x22, 0x22,
    0x22, 0x22, 0x22, 0x22, 0x22, 0x34, 0xde, 0xff, 0xff, 0xff, 0xff, 0xff, 0xff, 0xff, 0xff, 0xff,
    0xff, 0xff, 0xff, 0xff, 0xff, 0xff, 0xff, 0xff, 0xff, 0xff, 0xff, 0xff, 0xff, 0xff, 0xff, 0xff,
    0xff, 0xff, 0xff, 0xff, 0xff, 0xff, 0xff, 0xff, 0xff, 0xff, 0xff, 0xff, 0xfc, 0x93, 0x44, 0xbe,
    0xcb, 0x88, 0x89, 0x99, 0x98, 0x87, 0x78, 0x88, 0x88, 0x9a, 0xaa, 0xaa, 0xaa, 0xa9, 0x99, 0x99,
    0x99, 0x99, 0x98, 0x88, 0x99, 0x88, 0x88, 0x88, 0x88, 0x87, 0x77, 0x78, 0x87, 0x76, 0x78, 0x77,
    0x77, 0x88, 0x88, 0x77, 0x87, 0x67, 0x87, 0x78, 0x76, 0x78, 0x77, 0x88, 0x77, 0x88, 0x77, 0x88,
    0x88, 0x87, 0x78, 0x88, 0x88, 0x88, 0x88, 0x88, 0x87, 0x67, 0x78, 0x88, 0x87, 0x76, 0x78, 0x9a,
    0xaa, 0xaa, 0xaa, 0xbc, 0xc9, 0x52, 0x02, 0x22, 0x22, 0x22, 0x22, 0x22, 0x22, 0x24, 0xbc, 0xff,
    0xff, 0xff, 0xff, 0xff, 0xff, 0xff, 0xff, 0xff, 0xff, 0xff, 0xff, 0xff, 0xff, 0xff, 0xff, 0xff,
    0xff, 0xff, 0xff, 0xff, 0xff, 0xff, 0xff, 0xff, 0xff, 0xff, 0xff, 0xff, 0xff, 0xff, 0xff, 0xff,
    0xff, 0xff, 0xff, 0xff, 0xe7, 0x63, 0x33, 0x9c, 0xdd, 0x88, 0x89, 0x99, 0x88, 0x88, 0x89, 0x99,
    0x99, 0x9a, 0xaa, 0xaa, 0xaa, 0xa9, 0x99, 0x99, 0x99, 0x99, 0x9a, 0x99, 0x99, 0x99, 0x88, 0x88,
    0x88, 0x88, 0x88, 0x87, 0x78, 0x77, 0x77, 0x78, 0x76, 0x88, 0x88, 0x88, 0x87, 0x78, 0x87, 0x78,
    0x77, 0x78, 0x76, 0x78, 0x77, 0x88, 0x77, 0x87, 0x77, 0x88, 0x77, 0x78, 0x87, 0x88, 0x77, 0x88,
    0x88, 0x77, 0x88, 0x77, 0x78, 0x87, 0x88, 0x9a, 0xaa, 0xaa, 0xbb, 0x98, 0x64, 0x22, 0x22, 0x22,
    0x22, 0x22, 0x22, 0x22, 0x22, 0x23, 0x58, 0xef, 0xff, 0xff, 0xff, 0xff, 0xff, 0xff, 0xff, 0xff,
    0xff, 0xff, 0xff, 0xff, 0xff, 0xff, 0xff, 0xff, 0xff, 0xff, 0xff, 0xff, 0xff, 0xff, 0xff, 0xff,
    0xff, 0xff, 0xff, 0xff, 0xff, 0xff, 0xff, 0xff, 0xff, 0xff, 0xff, 0xff, 0xd5, 0x54, 0x32, 0x9b,
    0xde, 0x88, 0x89, 0x98, 0x88, 0x88, 0x89, 0x9a, 0x99, 0xaa, 0xaa, 0xaa, 0xaa, 0xa9, 0x99, 0x9a,
    0xa9, 0x99, 0x9a, 0xa9, 0x99, 0xaa, 0x88, 0x88, 0x88, 0x88, 0x88, 0x87, 0x78, 0x87, 0x76, 0x78,
    0x76, 0x88, 0x88, 0x88, 0x87, 0x78, 0x86, 0x68, 0x87, 0x78, 0x76, 0x78, 0x66, 0x88, 0x77, 0x87,
    0x67, 0x88, 0x86, 0x78, 0x77, 0x88, 0x76, 0x88, 0x88, 0x88, 0x88, 0x76, 0x68, 0x88, 0x88, 0x9a,
    0xaa, 0xaa, 0xcb, 0x87, 0x43, 0x12, 0x22, 0x22, 0x22, 0x22, 0x22, 0x22, 0x22, 0x22, 0x26, 0xef,
    0xff, 0xff, 0xff, 0xff, 0xff, 0xff, 0xff, 0xff, 0xff, 0xff, 0xff, 0xff, 0xff, 0xff, 0xff, 0xff,
    0xff, 0xff, 0xff, 0xff, 0xff, 0xff, 0xff, 0xff, 0xff, 0xff, 0xff, 0xff, 0xff, 0xff, 0xff, 0xff,
    0xff, 0xff, 0xff, 0xf9, 0x84, 0x44, 0x32, 0x68, 0xdd, 0x89, 0xa9, 0x88, 0x89, 0x9a, 0xaa, 0xaa,
    0xaa, 0xaa, 0xaa, 0xaa, 0xaa, 0x99, 0x99, 0xa9, 0x95, 0x55, 0x67, 0x66, 0x54, 0x56, 0x55, 0x66,
    0x55, 0x65, 0x55, 0x56, 0x67, 0x78, 0x88, 0x77, 0x77, 0x88, 0x88, 0x88, 0x77, 0x87, 0x67, 0x87,
    0x78, 0x76, 0x78, 0x77, 0x87, 0x67, 0x87, 0x77, 0x88, 0x87, 0x78, 0x76, 0x77, 0x88, 0x88, 0x88,
    0x88, 0x88, 0x88, 0x88, 0x88, 0x87, 0x89, 0xab, 0xbc, 0xcc, 0x87, 0x22, 0x12, 0x22, 0x22, 0x22,
    0x22, 0x22, 0x22, 0x22, 0x22, 0x22, 0x26, 0xef, 0xff, 0xff, 0xff, 0xff, 0xff, 0xff, 0xff, 0xff,
    0xff, 0xff, 0xff, 0xff, 0xff, 0xff, 0xff, 0xff, 0xff, 0xff, 0xff, 0xff, 0xff, 0xff, 0xff, 0xff,
    0xff, 0xff, 0xff, 0xff, 0xff, 0xff, 0xff, 0xff, 0xff, 0xff, 0xff, 0xf7, 0x74, 0x44, 0x32, 0x68,
    0xcd, 0x89, 0xa9, 0x88, 0x89, 0x9a, 0xaa, 0xaa, 0xaa, 0xaa, 0xaa, 0xaa, 0xaa, 0x99, 0x99, 0xa9,
    0x84, 0x45, 0x56, 0x65, 0x43, 0x55, 0x44, 0x55, 0x55, 0x55, 0x55, 0x56, 0x67, 0x78, 0x88, 0x77,
    0x77, 0x88, 0x88, 0x87, 0x77, 0x87, 0x68, 0x87, 0x78, 0x76, 0x78, 0x77, 0x88, 0x67, 0x87, 0x78,
    0x88, 0x87, 0x78, 0x76, 0x77, 0x78, 0x88, 0x88, 0x88, 0x88, 0x88, 0x88, 0x88, 0x87, 0x89, 0xab,
    0xbc, 0xbb, 0x76, 0x11, 0x11, 0x22, 0x22, 0x22, 0x22, 0x22, 0x22, 0x22, 0x22, 0x22, 0x26, 0xee,
    0xff, 0xff, 0xff, 0xff, 0xff, 0xff, 0xff, 0xff, 0xff, 0xff, 0xff, 0xff, 0xff, 0xff, 0xff, 0xff,
    0xff, 0xff, 0xff, 0xff, 0xff, 0xff, 0xff, 0xff, 0xff, 0xff, 0xff, 0xff, 0xff, 0xff, 0xff, 0xff,
    0xff, 0xff, 0xff, 0xf4, 0x44, 0x44, 0x44, 0x45, 0x99, 0x99, 0x99, 0x98, 0x89, 0x9a, 0xaa, 0xaa,
    0xaa, 0xaa, 0xaa, 0xaa, 0xaa, 0x99, 0x9a, 0xa8, 0x83, 0x33, 0x33, 0x32, 0x22, 0x22, 0x22, 0x22,
    0x22, 0x22, 0x22, 0x22, 0x23, 0x35, 0x56, 0x78, 0x88, 0x88, 0x88, 0x87, 0x77, 0x87, 0x78, 0x86,
    0x78, 0x77, 0x78, 0x76, 0x88, 0x77, 0x87, 0x78, 0x87, 0x78, 0x88, 0x88, 0x76, 0x78, 0x88, 0x88,
    0x77, 0x88, 0x88, 0x88, 0x88, 0x89, 0x9b, 0xbb, 0x98, 0x54, 0x11, 0x22, 0x22, 0x22, 0x22, 0x22,
    0x23, 0x22, 0x22, 0x22, 0x22, 0x22, 0x25, 0xbd, 0xff, 0xff, 0xff, 0xff, 0xff, 0xff, 0xff, 0xff,
    0xff, 0xff, 0xff, 0xff, 0xff, 0xff, 0xff, 0xff, 0xff, 0xff, 0xff, 0xff, 0xff, 0xff, 0xff, 0xff,
    0xff, 0xff, 0xff, 0xff, 0xff, 0xff, 0xff, 0xff, 0xff, 0xff, 0xfe, 0xe4, 0x44, 0x44, 0x44, 0x44,
    0x88, 0x99, 0x99, 0x99, 0x89, 0x9a, 0xaa, 0xaa, 0xaa, 0xaa, 0xaa, 0xaa, 0xaa, 0x99, 0x9a, 0xa8,
    0x83, 0x33, 0x33, 0x33, 0x22, 0x22, 0x22, 0x22, 0x22, 0x22, 0x22, 0x22, 0x23, 0x34, 0x55, 0x67,
    0x77, 0x88, 0x88, 0x87, 0x78, 0x87, 0x78, 0x87, 0x78, 0x87, 0x78, 0x77, 0x77, 0x77, 0x77, 0x77,
    0x77, 0x78, 0x88, 0x88, 0x77, 0x78, 0x88, 0x88, 0x78, 0x88, 0x88, 0x88, 0x88, 0x88, 0x89, 0x99,
    0x76, 0x43, 0x11, 0x22, 0x22, 0x22, 0x22, 0x22, 0x23, 0x22, 0x22, 0x22, 0x22, 0x22, 0x25, 0x9c,
    0xff, 0xff, 0xff, 0xff, 0xff, 0xff, 0xff, 0xff, 0xff, 0xff, 0xff, 0xff, 0xff, 0xff, 0xff, 0xff,
    0xff, 0xff, 0xff, 0xff, 0xff, 0xff, 0xff, 0xff, 0xff, 0xff, 0xff, 0xff, 0xff, 0xff, 0xff, 0xff,
    0xff, 0xff, 0xfb, 0xa4, 0x44, 0x44, 0x45, 0x33, 0x44, 0x89, 0xaa, 0xaa, 0x99, 0x9a, 0xaa, 0xaa,
    0xaa, 0xaa, 0xaa, 0xaa, 0xaa, 0x99, 0x99, 0xa9, 0x84, 0x44, 0x44, 0x33, 0x33, 0x33, 0x33, 0x23,
    0x33, 0x33, 0x33, 0x32, 0x22, 0x22, 0x22, 0x34, 0x44, 0x55, 0x56, 0x77, 0x88, 0x88, 0x88, 0x88,
    0x88, 0x88, 0x77, 0x88, 0x66, 0x87, 0x67, 0x87, 0x67, 0x87, 0x77, 0x78, 0x88, 0x88, 0x88, 0x88,
    0x88, 0x88, 0x89, 0x99, 0x96, 0x65, 0x55, 0x43, 0x21, 0x11, 0x22, 0x22, 0x22, 0x22, 0x22, 0x22,
    0x22, 0x22, 0x22, 0x22, 0x22, 0x22, 0x23, 0x39, 0xff, 0xff, 0xff, 0xff, 0xff, 0xff, 0xff, 0xff,
    0xff, 0xff, 0xff, 0xff, 0xff, 0xff, 0xff, 0xff, 0xff, 0xff, 0xff, 0xff, 0xff, 0xff, 0xff, 0xff,
    0xff, 0xff, 0xff, 0xff, 0xff, 0xff, 0xff, 0xff, 0xff, 0xff, 0xfa, 0x84, 0x44, 0x44, 0x44, 0x43,
    0x44, 0x77, 0x99, 0xa9, 0x99, 0x9a, 0xaa, 0xaa, 0xaa, 0xaa, 0xaa, 0xaa, 0xaa, 0x99, 0x9a, 0xa8,
    0x74, 0x34, 0x43, 0x33, 0x33, 0x33, 0x33, 0x33, 0x33, 0x33, 0x33, 0x33, 0x32, 0x22, 0x22, 0x33,
    0x33, 0x44, 0x44, 0x56, 0x66, 0x67, 0x77, 0x88, 0x87, 0x88, 0x88, 0x88, 0x77, 0x87, 0x77, 0x87,
    0x78, 0x87, 0x77, 0x78, 0x88, 0x88, 0x88, 0x88, 0x88, 0x88, 0x88, 0x87, 0x75, 0x43, 0x33, 0x32,
    0x21, 0x11, 0x22, 0x22, 0x22, 0x22, 0x22, 0x22, 0x22, 0x22, 0x22, 0x22, 0x22, 0x22, 0x23, 0x38,
    0xdf, 0xff, 0xff, 0xff, 0xff, 0xff, 0xff, 0xff, 0xff, 0xff, 0xff, 0xff, 0xff, 0xff, 0xff, 0xff,
    0xff, 0xff, 0xff, 0xff, 0xff, 0xff, 0xff, 0xff, 0xff, 0xff, 0xff, 0xff, 0xff, 0xff, 0xff, 0xff,
    0xff, 0xff, 0xf8, 0x74, 0x44, 0x44, 0x44, 0x44, 0x44, 0x56, 0x89, 0x99, 0x9a, 0xaa, 0xaa, 0xaa,
    0xaa, 0xaa, 0xaa, 0xaa, 0xaa, 0x99, 0x9a, 0xa6, 0x53, 0x34, 0x33, 0x33, 0x33, 0x33, 0x33, 0x33,
    0x33, 0x22, 0x23, 0x33, 0x32, 0x33, 0x32, 0x22, 0x22, 0x22, 0x22, 0x33, 0x44, 0x45, 0x57, 0x78,
    0x87, 0x78, 0x88, 0x88, 0x88, 0x88, 0x77, 0x88, 0x88, 0x88, 0x88, 0x88, 0x88, 0x88, 0x88, 0x88,
    0x88, 0x99, 0x88, 0x75, 0x52, 0x21, 0x11, 0x12, 0x22, 0x22, 0x22, 0x22, 0x22, 0x22, 0x22, 0x22,
    0x22, 0x22, 0x22, 0x22, 0x22, 0x22, 0x22, 0x26, 0xae, 0xff, 0xff, 0xff, 0xff, 0xff, 0xff, 0xff,
    0xff, 0xff, 0xff, 0xff, 0xff, 0xff, 0xff, 0xff, 0xff, 0xff, 0xff, 0xff, 0xff, 0xff, 0xff, 0xff,
    0xff, 0xff, 0xff, 0xff, 0xff, 0xff, 0xff, 0xff, 0xff, 0xfe, 0xd6, 0x54, 0x44, 0x44, 0x44, 0x44,
    0x44, 0x45, 0x66, 0x68, 0x9a, 0xaa, 0xaa, 0xaa, 0xaa, 0xaa, 0xaa, 0xaa, 0xaa, 0x99, 0x9a, 0xa6,
    0x43, 0x23, 0x33, 0x33, 0x33, 0x33, 0x33, 0x33, 0x33, 0x33, 0x33, 0x33, 0x33, 0x33, 0x33, 0x33,
    0x22, 0x22, 0x22, 0x33, 0x33, 0x33, 0x35, 0x55, 0x55, 0x55, 0x67, 0x77, 0x88, 0x88, 0x88, 0x88,
    0x88, 0x88, 0x88, 0x88, 0x88, 0x88, 0x88, 0x99, 0x88, 0x77, 0x64, 0x43, 0x32, 0x22, 0x22, 0x22,
    0x22, 0x22, 0x22, 0x22, 0x22, 0x22, 0x22, 0x22, 0x22, 0x22, 0x22, 0x22, 0x22, 0x22, 0x22, 0x26,
    0x9d, 0xff, 0xff, 0xff, 0xff, 0xff, 0xff, 0xff, 0xff, 0xff, 0xff, 0xff, 0xff, 0xff, 0xff, 0xff,
    0xff, 0xff, 0xff, 0xff, 0xff, 0xff, 0xff, 0xff, 0xff, 0xff, 0xff, 0xff, 0xff, 0xff, 0xff, 0xff,
    0xff, 0xfc, 0xb5, 0x44, 0x44, 0x44, 0x45, 0x44, 0x55, 0x44, 0x54, 0x47, 0x9a, 0xba, 0xaa, 0xaa,
    0xaa, 0xaa, 0xaa, 0xaa, 0xaa, 0x99, 0x99, 0xa6, 0x42, 0x23, 0x33, 0x33, 0x33, 0x33, 0x33, 0x33,
    0x33, 0x33, 0x33, 0x23, 0x33, 0x33, 0x33, 0x33, 0x32, 0x22, 0x22, 0x22, 0x22, 0x22, 0x23, 0x33,
    0x33, 0x34, 0x55, 0x55, 0x88, 0x88, 0x89, 0x99, 0x98, 0x88, 0x89, 0x99, 0x98, 0x88, 0x88, 0xaa,
    0x88, 0x65, 0x42, 0x11, 0x12, 0x22, 0x22, 0x22, 0x22, 0x22, 0x22, 0x22, 0x22, 0x22, 0x22, 0x22,
    0x22, 0x22, 0x22, 0x22, 0x22, 0x22, 0x22, 0x25, 0x8d, 0xff, 0xff, 0xff, 0xff, 0xff, 0xff, 0xff,
    0xff, 0xff, 0xff, 0xff, 0xff, 0xff, 0xff, 0xff, 0xff, 0xff, 0xff, 0xff, 0xed, 0xcc, 0xce, 0xff,
    0xff, 0xff, 0xff, 0xff, 0xff, 0xff, 0xff, 0xff, 0xff, 0xfa, 0x84, 0x44, 0x44, 0x45, 0x44, 0x44,
    0x44, 0x44, 0x44, 0x58, 0xaa, 0xba, 0xaa, 0xaa, 0xaa, 0xaa, 0xaa, 0xbc, 0xbb, 0x99, 0xaa, 0x95,
    0x42, 0x23, 0x33, 0x33, 0x33, 0x33, 0x33, 0x33, 0x33, 0x33, 0x33, 0x33, 0x33, 0x33, 0x33, 0x33,
    0x33, 0x33, 0x33, 0x22, 0x22, 0x32, 0x22, 0x22, 0x22, 0x23, 0x33, 0x33, 0x44, 0x55, 0x77, 0x77,
    0x88, 0x88, 0x88, 0x88, 0x89, 0x88, 0x77, 0x66, 0x44, 0x22, 0x22, 0x22, 0x22, 0x22, 0x22, 0x22,
    0x22, 0x22, 0x22, 0x22, 0x22, 0x22, 0x22, 0x22, 0x22, 0x22, 0x22, 0x22, 0x22, 0x22, 0x22, 0x26,
    0xad, 0xff, 0xff, 0xff, 0xff, 0xff, 0xff, 0xff, 0xff, 0xff, 0xff, 0xff, 0xff, 0xff, 0xff, 0xff,
    0xff, 0xff, 0xff, 0xff, 0xed, 0xbb, 0xbe, 0xff, 0xff, 0xff, 0xff, 0xff, 0xff, 0xff, 0xff, 0xff,
    0xff, 0xf9, 0x74, 0x44, 0x44, 0x45, 0x44, 0x44, 0x44, 0x54, 0x44, 0x58, 0xaa, 0xaa, 0xaa, 0xaa,
    0xaa, 0xaa, 0xaa, 0xcc, 0xbb, 0x9a, 0xaa, 0x95, 0x43, 0x23, 0x33, 0x34, 0x33, 0x33, 0x33, 0x23,
    0x33, 0x23, 0x33, 0x32, 0x23, 0x32, 0x33, 0x32, 0x33, 0x33, 0x33, 0x33, 0x23, 0x33, 0x22, 0x22,
    0x22, 0x22, 0x22, 0x22, 0x33, 0x44, 0x66, 0x67, 0x78, 0x88, 0x88, 0x88, 0x89, 0x88, 0x76, 0x55,
    0x32, 0x11, 0x22, 0x22, 0x22, 0x22, 0x22, 0x22, 0x22, 0x22, 0x22, 0x22, 0x22, 0x22, 0x22, 0x22,
    0x22, 0x22, 0x22, 0x22, 0x22, 0x22, 0x22, 0x26, 0xae, 0xff, 0xff, 0xff, 0xff, 0xff, 0xff, 0xff,
    0xff, 0xff, 0xff, 0xff, 0xff, 0xff, 0xff, 0xff, 0xff, 0xff, 0xff, 0xed, 0xaa, 0xaa, 0xac, 0xdf,
    0xff, 0xff, 0xff, 0xff, 0xff, 0xff, 0xff, 0xff, 0xff, 0xf8, 0x44, 0x45, 0x54, 0x45, 0x44, 0x45,
    0x44, 0x44, 0x45, 0x8a, 0xba, 0xaa, 0xbc, 0xcb, 0xba, 0xbc, 0xdd, 0xee, 0xdc, 0x9a, 0xa9, 0x84,
    0x33, 0x33, 0x33, 0x33, 0x33, 0x33, 0x33, 0x33, 0x33, 0x33, 0x23, 0x33, 0x33, 0x32, 0x33, 0x33,
    0x32, 0x22, 0x33, 0x23, 0x33, 0x32, 0x23, 0x33, 0x33, 0x32, 0x22, 0x33, 0x22, 0x22, 0x22, 0x23,
    0x34, 0x43, 0x33, 0x33, 0x44, 0x33, 0x22, 0x11, 0x22, 0x22, 0x22, 0x22, 0x22, 0x22, 0x22, 0x22,
    0x22, 0x22, 0x22, 0x22, 0x22, 0x22, 0x22, 0x22, 0x22, 0x22, 0x22, 0x22, 0x22, 0x22, 0x22, 0x24,
    0x6c, 0xff, 0xff, 0xff, 0xff, 0xff, 0xff, 0xff, 0xff, 0xff, 0xff, 0xff, 0xff, 0xff, 0xff, 0xff,
    0xff, 0xff, 0xff, 0xdd, 0xaa, 0xaa, 0xab, 0xcf, 0xff, 0xff, 0xff, 0xff, 0xff, 0xff, 0xff, 0xff,
    0xff, 0xf7, 0x44, 0x45, 0x54, 0x45, 0x44, 0x45, 0x44, 0x44, 0x45, 0x8a, 0xba, 0xab, 0xbc, 0xcb,
    0xba, 0xbc, 0xdd, 0xee, 0xdc, 0x9a, 0xa9, 0x84, 0x33, 0x33, 0x33, 0x33, 0x33, 0x33, 0x33, 0x33,
    0x33, 0x33, 0x23, 0x33, 0x33, 0x32, 0x33, 0x33, 0x32, 0x22, 0x33, 0x23, 0x33, 0x32, 0x23, 0x33,
    0x33, 0x32, 0x22, 0x33, 0x22, 0x22, 0x22, 0x22, 0x23, 0x33, 0x32, 0x23, 0x33, 0x32, 0x22, 0x11,
    0x22, 0x22, 0x22, 0x22, 0x22, 0x22, 0x22, 0x22, 0x22, 0x22, 0x22, 0x22, 0x22, 0x22, 0x22, 0x22,
    0x22, 0x22, 0x22, 0x22, 0x22, 0x22, 0x22, 0x24, 0x5c, 0xff, 0xff, 0xff, 0xff, 0xff, 0xff, 0xff,
    0xff, 0xff, 0xff, 0xff, 0xff, 0xff, 0xff, 0xff, 0xff, 0xff, 0xff, 0x89, 0xaa, 0xaa, 0xaa, 0xaf,
    0xff, 0xff, 0xff, 0xff, 0xff, 0xff, 0xff, 0xff, 0xff, 0xe7, 0x44, 0x44, 0x45, 0x44, 0x44, 0x44,
    0x55, 0x43, 0x35, 0x8a, 0xaa, 0xac, 0xcd, 0xdc, 0xcb, 0xcd, 0xdd, 0xdd, 0xaa, 0xaa, 0x98, 0x64,
    0x33, 0x33, 0x33, 0x33, 0x33, 0x33, 0x22, 0x33, 0x23, 0x33, 0x33, 0x32, 0x22, 0x33, 0x32, 0x33,
    0x33, 0x22, 0x33, 0x33, 0x33, 0x23, 0x33, 0x32, 0x22, 0x33, 0x32, 0x33, 0x33, 0x22, 0x22, 0x22,
    0x22, 0x22, 0x22, 0x22, 0x22, 0x22, 0x22, 0x22, 0x22, 0x22, 0x22, 0x22, 0x22, 0x23, 0x32, 0x22,
    0x22, 0x22, 0x22, 0x22, 0x22, 0x22, 0x22, 0x22, 0x22, 0x22, 0x22, 0x22, 0x22, 0x22, 0x22, 0x22,
    0x29, 0xdf, 0xff, 0xff, 0xff, 0xff, 0xff, 0xff, 0xff, 0xff, 0xff, 0xff, 0xff, 0xff, 0xff, 0xff,
    0xff, 0xff, 0xed, 0x88, 0xaa, 0xaa, 0xaa, 0xae, 0xff, 0xff, 0xff, 0xff, 0xff, 0xff, 0xff, 0xff,
    0xff, 0xe7, 0x44, 0x44, 0x45, 0x44, 0x44, 0x44, 0x44, 0x44, 0x46, 0x9a, 0xba, 0xac, 0xcd, 0xdc,
    0xcc, 0xcd, 0xdd, 0xdd, 0xaa, 0xa9, 0x97, 0x63, 0x33, 0x33, 0x33, 0x33, 0x33, 0x33, 0x33, 0x33,
    0x33, 0x33, 0x33, 0x32, 0x23, 0x33, 0x33, 0x33, 0x33, 0x33, 0x33, 0x33, 0x33, 0x23, 0x33, 0x33,
    0x32, 0x33, 0x32, 0x33, 0x33, 0x22, 0x32, 0x22, 0x22, 0x22, 0x22, 0x22, 0x22, 0x22, 0x22, 0x22,
    0x22, 0x22, 0x22, 0x22, 0x22, 0x23, 0x32, 0x22, 0x22, 0x22, 0x22, 0x22, 0x22, 0x22, 0x22, 0x22,
    0x22, 0x22, 0x22, 0x22, 0x22, 0x22, 0x22, 0x22, 0x29, 0xcf, 0xff, 0xff, 0xff, 0xff, 0xff, 0xff,
    0xff, 0xff, 0xff, 0xff, 0xff, 0xff, 0xff, 0xff, 0xff, 0xff, 0x98, 0x67, 0xaa, 0xaa, 0xaa, 0xad,
    0xef, 0xff, 0xff, 0xff, 0xff, 0xff, 0xff, 0xff, 0xfe, 0xc6, 0x44, 0x44, 0x45, 0x44, 0x45, 0x55,
    0x44, 0x44, 0x89, 0xab, 0xbb, 0xbc, 0xcd, 0xdd, 0xdc, 0xdd, 0xde, 0xdd, 0xa9, 0x88, 0x86, 0x53,
    0x23, 0x33, 0x33, 0x33, 0x33, 0x32, 0x33, 0x33, 0x33, 0x22, 0x23, 0x32, 0x23, 0x33, 0x33, 0x32,
    0x22, 0x33, 0x22, 0x23, 0x33, 0x23, 0x32, 0x23, 0x33, 0x33, 0x33, 0x33, 0x22, 0x33, 0x33, 0x22,
    0x22, 0x22, 0x22, 0x22, 0x22, 0x22, 0x22, 0x22, 0x22, 0x22, 0x22, 0x22, 0x22, 0x22, 0x22, 0x22,
    0x22, 0x22, 0x22, 0x22, 0x22, 0x22, 0x22, 0x22, 0x22, 0x22, 0x22, 0x23, 0x22, 0x22, 0x22, 0x22,
    0x28, 0xbf, 0xff, 0xff, 0xff, 0xff, 0xff, 0xff, 0xff, 0xff, 0xff, 0xff, 0xff, 0xff, 0xff, 0xff,
    0xff, 0xff, 0x87, 0x66, 0x9a, 0xaa, 0xaa, 0xac, 0xcf, 0xff, 0xff, 0xff, 0xff, 0xff, 0xff, 0xff,
    0xfd, 0xa6, 0x44, 0x44, 0x44, 0x44, 0x44, 0x44, 0x44, 0x67, 0x9a, 0xbc, 0xcc, 0xcc, 0xdd, 0xdd,
    0xdd, 0xdd, 0xee, 0xed, 0x99, 0x78, 0x86, 0x53, 0x23, 0x33, 0x33, 0x33, 0x33, 0x33, 0x33, 0x33,
    0x33, 0x32, 0x23, 0x33, 0x33, 0x33, 0x33, 0x33, 0x33, 0x33, 0x33, 0x33, 0x33, 0x23, 0x32, 0x23,
    0x33, 0x33, 0x33, 0x33, 0x33, 0x33, 0x33, 0x22, 0x22, 0x22, 0x22, 0x22, 0x22, 0x22, 0x22, 0x22,
    0x22, 0x22, 0x22, 0x32, 0x22, 0x22, 0x22, 0x22, 0x22, 0x22, 0x22, 0x22, 0x22, 0x22, 0x22, 0x22,
    0x22, 0x22, 0x22, 0x22, 0x22, 0x22, 0x22, 0x22, 0x27, 0xae, 0xff, 0xff, 0xff, 0xff, 0xff, 0xff,
    0xff, 0xff, 0xff, 0xff, 0xff, 0xff, 0xff, 0xff, 0xff, 0xff, 0x86, 0x55, 0x89, 0xaa, 0xaa, 0xaa,
    0xbf, 0xff, 0xff, 0xff, 0xff, 0xff, 0xff, 0xff, 0xfb, 0x85, 0x44, 0x45, 0x54, 0x44, 0x44, 0x33,
    0x55, 0xaa, 0xcc, 0xcd, 0xdd, 0xdd, 0xdc, 0xcc, 0xde, 0xee, 0xee, 0xee, 0x88, 0x67, 0x87, 0x53,
    0x23, 0x33, 0x33, 0x33, 0x33, 0x33, 0x33, 0x22, 0x23, 0x33, 0x23, 0x33, 0x33, 0x32, 0x22, 0x33,
    0x33, 0x22, 0x33, 0x33, 0x33, 0x23, 0x32, 0x23, 0x33, 0x32, 0x22, 0x22, 0x33, 0x23, 0x33, 0x22,
    0x22, 0x22, 0x22, 0x22, 0x22, 0x22, 0x22, 0x22, 0x22, 0x22, 0x23, 0x32, 0x22, 0x22, 0x22, 0x22,
    0x22, 0x22, 0x22, 0x22, 0x22, 0x22, 0x22, 0x22, 0x22, 0x22, 0x22, 0x22, 0x22, 0x22, 0x22, 0x22,
    0x26, 0x8e, 0xff, 0xff, 0xff, 0xff, 0xff, 0xff, 0xff, 0xff, 0xff, 0xff, 0xff, 0xff, 0xff, 0xff,
    0xff, 0xcb, 0x76, 0x55, 0x78, 0xaa, 0xaa, 0xaa, 0xaf, 0xff, 0xff, 0xff, 0xff, 0xff, 0xff, 0xff,
    0xfb, 0x85, 0x44, 0x44, 0x44, 0x44, 0x43, 0x44, 0x99, 0xbb, 0xcc, 0xdc, 0xcc, 0xcc, 0xcc, 0xcd,
    0xde, 0xee, 0xee, 0xee, 0x88, 0x77, 0x86, 0x53, 0x23, 0x33, 0x33, 0x33, 0x33, 0x33, 0x33, 0x33,
    0x33, 0x33, 0x33, 0x33, 0x33, 0x32, 0x23, 0x33, 0x33, 0x33, 0x33, 0x33, 0x33, 0x33, 0x33, 0x33,
    0x33, 0x33, 0x33, 0x33, 0x33, 0x33, 0x33, 0x22, 0x22, 0x22, 0x22, 0x22, 0x22, 0x22, 0x22, 0x22,
    0x22, 0x22, 0x22, 0x32, 0x22, 0x22, 0x22, 0x22, 0x22, 0x22, 0x22, 0x22, 0x22, 0x22, 0x22, 0x22,
    0x22, 0x22, 0x22, 0x22, 0x22, 0x22, 0x22, 0x22, 0x25, 0x6e, 0xff, 0xff, 0xff, 0xff, 0xff, 0xff,
    0xff, 0xff, 0xff, 0xff, 0xff, 0xff, 0xff, 0xff, 0xff, 0xa8, 0x66, 0x56, 0x68, 0xaa, 0xaa, 0xaa,
    0xaf, 0xff, 0xff, 0xff, 0xff, 0xff, 0xff, 0xff, 0xfb, 0x85, 0x44, 0x44, 0x45, 0x44, 0x43, 0x55,
    0xbc, 0xbb, 0xbc, 0xdc, 0xcc, 0xcc, 0xcc, 0xcd, 0xde, 0xee, 0xee, 0xee, 0x88, 0x77, 0x86, 0x43,
    0x23, 0x33, 0x33, 0x34, 0x32, 0x33, 0x22, 0x33, 0x33, 0x33, 0x33, 0x22, 0x23, 0x32, 0x33, 0x33,
    0x32, 0x33, 0x23, 0x33, 0x23, 0x33, 0x33, 0x32, 0x22, 0x33, 0x33, 0x33, 0x22, 0x33, 0x33, 0x22,
    0x22, 0x22, 0x22, 0x22, 0x22, 0x22, 0x22, 0x22, 0x22, 0x22, 0x22, 0x22, 0x22, 0x22, 0x22, 0x22,
    0x33, 0x22, 0x22, 0x22, 0x22, 0x22, 0x22, 0x22, 0x22, 0x22, 0x22, 0x22, 0x22, 0x22, 0x22, 0x22,
    0x24, 0x5d, 0xff, 0xff, 0xff, 0xff, 0xff, 0xff, 0xff, 0xff, 0xff, 0xff, 0xff, 0xff, 0xff, 0xff,
    0xed, 0x97, 0x66, 0x55, 0x56, 0x9a, 0xaa, 0xaa, 0xae, 0xef, 0xff, 0xff, 0xff, 0xff, 0xff, 0xff,
    0xd9, 0x64, 0x44, 0x44, 0x44, 0x33, 0x46, 0x9b, 0xcd, 0xbb, 0xcc, 0xcc, 0xdd, 0xdd, 0xdd, 0xdd,
    0xde, 0xee, 0xdd, 0xee, 0xba, 0x77, 0x75, 0x33, 0x33, 0x33, 0x33, 0x33, 0x32, 0x33, 0x22, 0x33,
    0x32, 0x22, 0x33, 0x32, 0x23, 0x32, 0x33, 0x33, 0x33, 0x33, 0x33, 0x33, 0x33, 0x33, 0x33, 0x33,
    0x33, 0x32, 0x33, 0x32, 0x33, 0x22, 0x32, 0x22, 0x22, 0x22, 0x22, 0x22, 0x22, 0x22, 0x22, 0x33,
    0x22, 0x22, 0x22, 0x22, 0x22, 0x23, 0x32, 0x22, 0x22, 0x22, 0x22, 0x22, 0x22, 0x22, 0x22, 0x22,
    0x22, 0x22, 0x22, 0x22, 0x22, 0x22, 0x22, 0x22, 0x26, 0x8e, 0xff, 0xff, 0xff, 0xff, 0xff, 0xff,
    0xff, 0xff, 0xff, 0xff, 0xff, 0xff, 0xff, 0xff, 0xec, 0x86, 0x66, 0x55, 0x56, 0x89, 0xaa, 0xaa,
    0xae, 0xef, 0xff, 0xff, 0xff, 0xff, 0xff, 0xfe, 0xc8, 0x54, 0x44, 0x44, 0x44, 0x32, 0x56, 0xbd,
    0xdd, 0xbb, 0xcc, 0xcd, 0xdd, 0xdd, 0xdd, 0xdd, 0xde, 0xee, 0xdd, 0xff, 0xcb, 0x77, 0x75, 0x33,
    0x33, 0x33, 0x33, 0x32, 0x22, 0x33, 0x22, 0x33, 0x22, 0x22, 0x23, 0x32, 0x23, 0x32, 0x33, 0x32,
    0x33, 0x33, 0x33, 0x23, 0x33, 0x23, 0x32, 0x23, 0x33, 0x32, 0x33, 0x32, 0x33, 0x22, 0x22, 0x22,
    0x22, 0x22, 0x22, 0x22, 0x22, 0x22, 0x22, 0x33, 0x22, 0x22, 0x22, 0x22, 0x22, 0x23, 0x32, 0x22,
    0x22, 0x22, 0x22, 0x22, 0x22, 0x22, 0x22, 0x22, 0x22, 0x22, 0x22, 0x22, 0x22, 0x22, 0x22, 0x22,
    0x26, 0x8e, 0xff, 0xff, 0xff, 0xff, 0xff, 0xff, 0xff, 0xff, 0xff, 0xff, 0xff, 0xff, 0xff, 0xff,
    0xc8, 0x76, 0x66, 0x66, 0x56, 0x68, 0xaa, 0xaa, 0xaa, 0xbf, 0xff, 0xff, 0xff, 0xff, 0xff, 0xfe,
    0xc8, 0x44, 0x44, 0x44, 0x33, 0x47, 0xac, 0xdd, 0xcc, 0xdd, 0xdd, 0xee, 0xee, 0xee, 0xee, 0xed,
    0xdd, 0xee, 0xee, 0xee, 0xed, 0xa9, 0x75, 0x43, 0x23, 0x33, 0x33, 0x33, 0x33, 0x33, 0x22, 0x33,
    0x33, 0x33, 0x23, 0x32, 0x23, 0x32, 0x33, 0x32, 0x22, 0x33, 0x33, 0x23, 0x33, 0x23, 0x33, 0x32,
    0x33, 0x33, 0x32, 0x33, 0x33, 0x33, 0x22, 0x22, 0x22, 0x22, 0x22, 0x22, 0x22, 0x22, 0x22, 0x22,
    0x22, 0x22, 0x22, 0x22, 0x22, 0x22, 0x22, 0x22, 0x22, 0x22, 0x22, 0x22, 0x33, 0x22, 0x22, 0x22,
    0x22, 0x22, 0x22, 0x22, 0x22, 0x22, 0x22, 0x22, 0x24, 0x5d, 0xff, 0xff, 0xff, 0xff, 0xff, 0xff,
    0xff, 0xff, 0xff, 0xff, 0xff, 0xff, 0xff, 0xff, 0xc8, 0x76, 0x66, 0x66, 0x56, 0x68, 0xaa, 0xaa,
    0xaa, 0xbf, 0xff, 0xff, 0xff, 0xff, 0xff, 0xfe, 0xc8, 0x44, 0x44, 0x43, 0x34, 0x58, 0xbd, 0xdd,
    0xdc, 0xdd, 0xdd, 0xee, 0xee, 0xee, 0xee, 0xed, 0xdd, 0xee, 0xee, 0xee, 0xed, 0xa9, 0x75, 0x43,
    0x23, 0x33, 0x33, 0x33, 0x33, 0x33, 0x22, 0x33, 0x33, 0x33, 0x23, 0x32, 0x23, 0x32, 0x33, 0x32,
    0x22, 0x33, 0x33, 0x23, 0x33, 0x23, 0x33, 0x32, 0x33, 0x33, 0x32, 0x33, 0x33, 0x33, 0x22, 0x22,
    0x22, 0x22, 0x22, 0x22, 0x22, 0x22, 0x22, 0x22, 0x22, 0x22, 0x22, 0x22, 0x22, 0x22, 0x22, 0x22,
    0x22, 0x22, 0x22, 0x22, 0x32, 0x22, 0x22, 0x22, 0x22, 0x22, 0x22, 0x22, 0x22, 0x22, 0x22, 0x22,
    0x24, 0x5d, 0xff, 0xff, 0xff, 0xff, 0xff, 0xff, 0xff, 0xff, 0xff, 0xff, 0xff, 0xff, 0xff, 0xff,
    0xc8, 0x76, 0x66, 0x66, 0x55, 0x57, 0x8a, 0xba, 0xaa, 0xac, 0xdf, 0xff, 0xff, 0xff, 0xff, 0xfe,
    0xd8, 0x44, 0x43, 0x22, 0x49, 0xbf, 0xdc, 0xdd, 0xee, 0xee, 0xee, 0xee, 0xee, 0xee, 0xee, 0xee,
    0xee, 0xee, 0xee, 0xdd, 0xfe, 0xdb, 0x86, 0x43, 0x23, 0x33, 0x33, 0x33, 0x32, 0x22, 0x33, 0x22,
    0x23, 0x33, 0x23, 0x32, 0x23, 0x33, 0x32, 0x33, 0x33, 0x22, 0x23, 0x33, 0x33, 0x23, 0x32, 0x23,
    0x32, 0x33, 0x32, 0x33, 0x22, 0x22, 0x22, 0x23, 0x32, 0x22, 0x22, 0x23, 0x32, 0x22, 0x22, 0x22,
    0x22, 0x33, 0x22, 0x22, 0x22, 0x22, 0x22, 0x22, 0x22, 0x22, 0x22, 0x22, 0x22, 0x22, 0x22, 0x23,
    0x32, 0x22, 0x22, 0x22, 0x22, 0x22, 0x22, 0x22, 0x23, 0x3c, 0xef, 0xff, 0xff, 0xff, 0xff, 0xff,
    0xff, 0xff, 0xff, 0xff, 0xff, 0xff, 0xff, 0xfe, 0xb7, 0x76, 0x66, 0x66, 0x65, 0x56, 0x8a, 0xba,
    0xaa, 0xac, 0xdf, 0xff, 0xff, 0xff, 0xff, 0xff, 0xd9, 0x44, 0x33, 0x35, 0x6b, 0xce, 0xdc, 0xdd,
    0xee, 0xee, 0xee, 0xee, 0xee, 0xee, 0xee, 0xee, 0xee, 0xee, 0xee, 0xdd, 0xfe, 0xca, 0x86, 0x43,
    0x23, 0x33, 0x33, 0x33, 0x33, 0x22, 0x33, 0x22, 0x33, 0x33, 0x23, 0x33, 0x33, 0x33, 0x32, 0x33,
    0x33, 0x33, 0x23, 0x33, 0x33, 0x33, 0x32, 0x23, 0x32, 0x33, 0x32, 0x33, 0x22, 0x22, 0x22, 0x22,
    0x32, 0x22, 0x22, 0x23, 0x22, 0x22, 0x22, 0x22, 0x22, 0x22, 0x22, 0x22, 0x22, 0x22, 0x22, 0x22,
    0x22, 0x22, 0x22, 0x22, 0x22, 0x22, 0x22, 0x23, 0x32, 0x22, 0x22, 0x22, 0x22, 0x22, 0x22, 0x22,
    0x23, 0x4c, 0xef, 0xff, 0xff, 0xff, 0xff, 0xff, 0xff, 0xff, 0xff, 0xff, 0xff, 0xff, 0xff, 0xea,
    0x86, 0x66, 0x66, 0x66, 0x66, 0x56, 0x69, 0xaa, 0xaa, 0xaa, 0xcf, 0xff, 0xff, 0xff, 0xff, 0xff,
    0xea, 0x53, 0x24, 0x4c, 0xdf, 0xed, 0xdc, 0xdd, 0xee, 0xee, 0xee, 0xde, 0xed, 0xde, 0xed, 0xde,
    0xed, 0xee, 0xdd, 0xee, 0xed, 0xb9, 0x75, 0x43, 0x23, 0x33, 0x33, 0x33, 0x33, 0x33, 0x22, 0x33,
    0x33, 0x23, 0x32, 0x23, 0x32, 0x22, 0x33, 0x33, 0x32, 0x33, 0x33, 0x33, 0x23, 0x33, 0x32, 0x23,
    0x32, 0x33, 0x32, 0x22, 0x22, 0x22, 0x22, 0x22, 0x22, 0x22, 0x22, 0x22, 0x22, 0x22, 0x22, 0x22,
    0x22, 0x22, 0x22, 0x22, 0x22, 0x22, 0x22, 0x22, 0x22, 0x22, 0x22, 0x32, 0x22, 0x22, 0x22, 0x22,
    0x22, 0x23, 0x22, 0x22, 0x22, 0x22, 0x22, 0x22, 0x24, 0x5e, 0xff, 0xff, 0xff, 0xff, 0xff, 0xff,
    0xff, 0xff, 0xff, 0xff, 0xff, 0xff, 0xff, 0xd9, 0x86, 0x66, 0x66, 0x66, 0x66, 0x66, 0x68, 0x9a,
    0xa9, 0x9a, 0xcf, 0xff, 0xff, 0xff, 0xff, 0xfe, 0xd8, 0x43, 0x38, 0x9d, 0xee, 0xdc, 0xdd, 0xdd,
    0xee, 0xee, 0xee, 0xdd, 0xed, 0xde, 0xed, 0xde, 0xdd, 0xee, 0xed, 0xee, 0xed, 0xa9, 0x75, 0x43,
    0x23, 0x33, 0x33, 0x33, 0x33, 0x33, 0x33, 0x33, 0x33, 0x23, 0x32, 0x23, 0x33, 0x22, 0x33, 0x33,
    0x33, 0x33, 0x33, 0x33, 0x23, 0x33, 0x32, 0x23, 0x32, 0x33, 0x32, 0x22, 0x22, 0x22, 0x22, 0x22,
    0x22, 0x22, 0x22, 0x22, 0x22, 0x22, 0x22, 0x23, 0x22, 0x22, 0x22, 0x32, 0x22, 0x22, 0x22, 0x23,
    0x22, 0x22, 0x22, 0x32, 0x22, 0x22, 0x22, 0x22, 0x22, 0x23, 0x22, 0x22, 0x22, 0x22, 0x22, 0x22,
    0x24, 0x4e, 0xff, 0xff, 0xff, 0xff, 0xff, 0xff, 0xff, 0xff, 0xff, 0xff, 0xff, 0xff, 0xff, 0xd8,
    0x76, 0x66, 0x66, 0x66, 0x56, 0x65, 0x57, 0x8a, 0xa8, 0x9a, 0xbe, 0xff, 0xff, 0xff, 0xff, 0xfe,
    0xb6, 0x24, 0x5d, 0xef, 0xfb, 0xcc, 0xde, 0xee, 0xee, 0xdd, 0xee, 0xed, 0xde, 0xee, 0xee, 0xed,
    0xde, 0xee, 0xee, 0xee, 0xed, 0x98, 0x86, 0x43, 0x23, 0x33, 0x33, 0x33, 0x33, 0x32, 0x33, 0x22,
    0x22, 0x23, 0x33, 0x22, 0x23, 0x32, 0x33, 0x32, 0x33, 0x33, 0x22, 0x22, 0x22, 0x23, 0x32, 0x23,
    0x32, 0x33, 0x32, 0x22, 0x22, 0x22, 0x22, 0x22, 0x22, 0x22, 0x22, 0x22, 0x22, 0x22, 0x22, 0x33,
    0x22, 0x22, 0x22, 0x32, 0x22, 0x22, 0x22, 0x33, 0x22, 0x22, 0x22, 0x22, 0x22, 0x22, 0x22, 0x22,
    0x22, 0x22, 0x22, 0x22, 0x22, 0x22, 0x22, 0x22, 0x23, 0x3d, 0xff, 0xff, 0xff, 0xff, 0xff, 0xff,
    0xff, 0xff, 0xff, 0xff, 0xff, 0xff, 0xfe, 0xc7, 0x76, 0x66, 0x66, 0x66, 0x66, 0x65, 0x56, 0x7a,
    0xa9, 0x9a, 0xab, 0xde, 0xff, 0xff, 0xff, 0xfe, 0xc8, 0x59, 0xbe, 0xed, 0xdb, 0xcd, 0xde, 0xee,
    0xee, 0xee, 0xee, 0xdd, 0xde, 0xed, 0xde, 0xee, 0xee, 0xed, 0xee, 0xee, 0xed, 0xa9, 0x76, 0x43,
    0x23, 0x33, 0x33, 0x33, 0x33, 0x33, 0x33, 0x33, 0x32, 0x23, 0x33, 0x32, 0x23, 0x32, 0x33, 0x32,
    0x33, 0x33, 0x33, 0x33, 0x32, 0x23, 0x33, 0x32, 0x33, 0x33, 0x22, 0x22, 0x22, 0x22, 0x22, 0x22,
    0x32, 0x22, 0x22, 0x23, 0x22, 0x22, 0x22, 0x22, 0x22, 0x22, 0x22, 0x22, 0x22, 0x22, 0x22, 0x22,
    0x22, 0x22, 0x22, 0x22, 0x22, 0x22, 0x22, 0x22, 0x22, 0x22, 0x22, 0x22, 0x22, 0x22, 0x22, 0x22,
    0x23, 0x3c, 0xef, 0xff, 0xff, 0xff, 0xff, 0xff, 0xff, 0xff, 0xff, 0xff, 0xff, 0xff, 0xfe, 0xb6,
    0x66, 0x66, 0x66, 0x66, 0x66, 0x55, 0x56, 0x69, 0xa9, 0x9a, 0xaa, 0xce, 0xff, 0xff, 0xff, 0xfe,
    0xc9, 0x7c, 0xef, 0xfc, 0xcb, 0xce, 0xee, 0xee, 0xee, 0xee, 0xee, 0xdd, 0xde, 0xed, 0xde, 0xee,
    0xee, 0xdd, 0xee, 0xee, 0xfe, 0xa9, 0x76, 0x53, 0x23, 0x33, 0x33, 0x33, 0x33, 0x33, 0x22, 0x33,
    0x33, 0x23, 0x33, 0x32, 0x23, 0x32, 0x33, 0x32, 0x33, 0x22, 0x33, 0x33, 0x33, 0x22, 0x23, 0x32,
    0x33, 0x33, 0x22, 0x22, 0x22, 0x32, 0x22, 0x23, 0x32, 0x22, 0x22, 0x23, 0x22, 0x22, 0x22, 0x22,
    0x22, 0x22, 0x22, 0x22, 0x23, 0x32, 0x22, 0x22, 0x22, 0x22, 0x22, 0x22, 0x22, 0x22, 0x22, 0x22,
    0x22, 0x22, 0x22, 0x22, 0x22, 0x22, 0x22, 0x22, 0x23, 0x3c, 0xef, 0xff, 0xff, 0xff, 0xff, 0xff,
    0xff, 0xff, 0xff, 0xff, 0xff, 0xff, 0xfe, 0xb6, 0x66, 0x66, 0x66, 0x66, 0x66, 0x66, 0x65, 0x57,
    0x7a, 0xaa, 0xaa, 0xab, 0xde, 0xff, 0xff, 0xfd, 0xac, 0xde, 0xee, 0xed, 0xdd, 0xde, 0xed, 0xdd,
    0xee, 0xdd, 0xdd, 0xee, 0xed, 0xde, 0xee, 0xed, 0xde, 0xee, 0xdd, 0xee, 0xee, 0xcb, 0x86, 0x53,
    0x23, 0x33, 0x33, 0x33, 0x33, 0x33, 0x33, 0x33, 0x33, 0x23, 0x33, 0x32, 0x23, 0x32, 0x33, 0x32,
    0x23, 0x33, 0x22, 0x32, 0x23, 0x33, 0x33, 0x33, 0x33, 0x22, 0x22, 0x33, 0x22, 0x22, 0x22, 0x22,
    0x22, 0x23, 0x32, 0x22, 0x22, 0x22, 0x22, 0x22, 0x22, 0x33, 0x22, 0x22, 0x23, 0x32, 0x22, 0x22,
    0x22, 0x22, 0x22, 0x22, 0x22, 0x22, 0x22, 0x22, 0x22, 0x22, 0x22, 0x22, 0x33, 0x22, 0x22, 0x22,
    0x22, 0x3b, 0xcf, 0xff, 0xff, 0xff, 0xff, 0xff, 0xff, 0xff, 0xff, 0xff, 0xff, 0xff, 0xfe, 0xb6,
    0x66, 0x66, 0x66, 0x66, 0x66, 0x66, 0x65, 0x56, 0x6b, 0xba, 0xaa, 0xaa, 0xde, 0xff, 0xff, 0xfd,
    0xac, 0xee, 0xed, 0xdd, 0xde, 0xee, 0xdd, 0xdd, 0xee, 0xdd, 0xdd, 0xee, 0xed, 0xde, 0xee, 0xed,
    0xde, 0xee, 0xdd, 0xee, 0xee, 0xdb, 0x87, 0x53, 0x23, 0x33, 0x33, 0x33, 0x32, 0x33, 0x33, 0x23,
    0x33, 0x23, 0x33, 0x22, 0x23, 0x32, 0x33, 0x32, 0x22, 0x33, 0x22, 0x22, 0x23, 0x33, 0x32, 0x23,
    0x32, 0x22, 0x22, 0x33, 0x22, 0x22, 0x22, 0x22, 0x22, 0x23, 0x32, 0x22, 0x22, 0x22, 0x22, 0x22,
    0x22, 0x33, 0x22, 0x22, 0x23, 0x32, 0x22, 0x22, 0x22, 0x22, 0x22, 0x22, 0x22, 0x22, 0x22, 0x22,
    0x22, 0x22, 0x22, 0x22, 0x33, 0x22, 0x22, 0x22, 0x22, 0x2a, 0xcf, 0xff, 0xff, 0xff, 0xff, 0xff,
    0xff, 0xff, 0xff, 0xff, 0xff, 0xff, 0xfc, 0xa6, 0x77, 0x76, 0x66, 0x66, 0x66, 0x66, 0x55, 0x55,
    0x58, 0x9b, 0xba, 0xaa, 0xaa, 0xbb, 0xbb, 0xee, 0xee, 0xed, 0xdd, 0xdd, 0xde, 0xed, 0xdd, 0xdd,
    0xee, 0xdd, 0xdd, 0xed, 0xde, 0xee, 0xed, 0xde, 0xee, 0xdd, 0xee, 0xee, 0xee, 0xec, 0xa7, 0x53,
    0x23, 0x32, 0x23, 0x32, 0x22, 0x22, 0x22, 0x33, 0x33, 0x23, 0x32, 0x23, 0x32, 0x33, 0x33, 0x32,
    0x33, 0x22, 0x33, 0x33, 0x22, 0x23, 0x32, 0x23, 0x32, 0x22, 0x22, 0x22, 0x22, 0x22, 0x22, 0x22,
    0x22, 0x22, 0x22, 0x22, 0x22, 0x22, 0x22, 0x22, 0x22, 0x22, 0x22, 0x22, 0x23, 0x32, 0x22, 0x22,
    0x22, 0x22, 0x22, 0x22, 0x22, 0x22, 0x22, 0x22, 0x22, 0x22, 0x22, 0x22, 0x22, 0x22, 0x22, 0x22,
    0x22, 0x2c, 0xef, 0xff, 0xff, 0xff, 0xff, 0xff, 0xff, 0xff, 0xff, 0xff, 0xff, 0xff, 0xfc, 0xa6,
    0x77, 0x66, 0x66, 0x66, 0x66, 0x66, 0x66, 0x65, 0x58, 0x9b, 0xba, 0xaa, 0xaa, 0xab, 0xbb, 0xee,
    0xee, 0xed, 0xdd, 0xdd, 0xde, 0xdd, 0xdd, 0xdd, 0xee, 0xdd, 0xdd, 0xee, 0xde, 0xee, 0xed, 0xde,
    0xee, 0xdd, 0xee, 0xee, 0xee, 0xec, 0xa7, 0x53, 0x23, 0x32, 0x23, 0x32, 0x22, 0x22, 0x22, 0x33,
    0x33, 0x23, 0x33, 0x23, 0x32, 0x33, 0x33, 0x32, 0x33, 0x22, 0x33, 0x33, 0x22, 0x23, 0x32, 0x23,
    0x32, 0x22, 0x22, 0x22, 0x22, 0x22, 0x22, 0x22, 0x22, 0x22, 0x22, 0x22, 0x22, 0x22, 0x22, 0x22,
    0x22, 0x22, 0x22, 0x22, 0x23, 0x32, 0x22, 0x22, 0x22, 0x22, 0x22, 0x22, 0x22, 0x22, 0x22, 0x22,
    0x22, 0x22, 0x22, 0x22, 0x22, 0x22, 0x22, 0x22, 0x22, 0x2b, 0xdf, 0xff, 0xff, 0xff, 0xff, 0xff,
    0xff, 0xff, 0xff, 0xff, 0xff, 0xff, 0xe8, 0x86, 0x66, 0x66, 0x66, 0x66, 0x66, 0x66, 0x66, 0x66,
    0x56, 0x7a, 0xaa, 0x99, 0x98, 0xab, 0xdd, 0xdd, 0xdd, 0xdd, 0xde, 0xed, 0xdd, 0xdd, 0xee, 0xee,
    0xee, 0xdd, 0xdd, 0xee, 0xed, 0xde, 0xee, 0xed, 0xde, 0xee, 0xdd, 0xee, 0xee, 0xed, 0xa7, 0x53,
    0x22, 0x22, 0x33, 0x32, 0x33, 0x33, 0x33, 0x22, 0x23, 0x33, 0x23, 0x32, 0x23, 0x32, 0x22, 0x33,
    0x32, 0x33, 0x22, 0x23, 0x33, 0x32, 0x22, 0x23, 0x32, 0x22, 0x33, 0x22, 0x22, 0x22, 0x22, 0x33,
    0x22, 0x22, 0x22, 0x22, 0x22, 0x23, 0x22, 0x22, 0x22, 0x22, 0x22, 0x22, 0x22, 0x22, 0x22, 0x22,
    0x22, 0x22, 0x22, 0x22, 0x22, 0x22, 0x22, 0x22, 0x22, 0x22, 0x22, 0x22, 0x22, 0x22, 0x22, 0x22,
    0x22, 0x27, 0x8f, 0xff, 0xff, 0xff, 0xff, 0xff, 0xff, 0xff, 0xff, 0xff, 0xff, 0xff, 0xe8, 0x87,
    0x66, 0x67, 0x66, 0x66, 0x66, 0x66, 0x66, 0x66, 0x56, 0x69, 0x9a, 0xa9, 0x99, 0xbb, 0xdd, 0xdd,
    0xdd, 0xdd, 0xde, 0xed, 0xdd, 0xdd, 0xee, 0xee, 0xee, 0xdd, 0xde, 0xee, 0xed, 0xde, 0xee, 0xed,
    0xee, 0xee, 0xdd, 0xee, 0xee, 0xed, 0xb8, 0x64, 0x32, 0x22, 0x23, 0x33, 0x33, 0x33, 0x33, 0x33,
    0x23, 0x33, 0x23, 0x33, 0x33, 0x33, 0x32, 0x33, 0x22, 0x33, 0x33, 0x23, 0x33, 0x32, 0x23, 0x33,
    0x32, 0x22, 0x23, 0x22, 0x22, 0x22, 0x22, 0x22, 0x22, 0x22, 0x22, 0x22, 0x22, 0x22, 0x22, 0x22,
    0x22, 0x22, 0x22, 0x22, 0x22, 0x22, 0x22, 0x22, 0x22, 0x22, 0x22, 0x22, 0x22, 0x22, 0x22, 0x22,
    0x22, 0x22, 0x22, 0x22, 0x22, 0x22, 0x22, 0x22, 0x22, 0x27, 0x8f, 0xff, 0xff, 0xff, 0xff, 0xff,
    0xff, 0xff, 0xff, 0xff, 0xff, 0xff, 0xe8, 0x87, 0x76, 0x77, 0x66, 0x66, 0x66, 0x66, 0x66, 0x55,
    0x55, 0x58, 0x9b, 0xa9, 0xaa, 0xdd, 0xdd, 0xdd, 0xdd, 0xdd, 0xde, 0xed, 0xdd, 0xdd, 0xee, 0xdd,
    0xee, 0xdd, 0xee, 0xee, 0xee, 0xed, 0xde, 0xee, 0xee, 0xdd, 0xee, 0xee, 0xde, 0xfe, 0xca, 0x86,
    0x52, 0x22, 0x22, 0x33, 0x32, 0x22, 0x22, 0x33, 0x33, 0x22, 0x23, 0x33, 0x32, 0x33, 0x33, 0x32,
    0x22, 0x33, 0x33, 0x33, 0x23, 0x33, 0x23, 0x32, 0x22, 0x22, 0x22, 0x22, 0x22, 0x22, 0x22, 0x22,
    0x22, 0x22, 0x22, 0x23, 0x32, 0x22, 0x22, 0x33, 0x22, 0x22, 0x22, 0x22, 0x22, 0x22, 0x23, 0x22,
    0x22, 0x33, 0x22, 0x22, 0x23, 0x32, 0x22, 0x22, 0x23, 0x32, 0x22, 0x22, 0x22, 0x22, 0x22, 0x22,
    0x22, 0x27, 0x8f, 0xff, 0xff, 0xff, 0xff, 0xff, 0xff, 0xff, 0xff, 0xff, 0xff, 0xff, 0xe8, 0x87,
    0x76, 0x77, 0x66, 0x66, 0x66, 0x66, 0x66, 0x66, 0x65, 0x67, 0x89, 0x99, 0xbc, 0xdd, 0xdd, 0xdd,
    0xdd, 0xdd, 0xdd, 0xdd, 0xdd, 0xdd, 0xdd, 0xdd, 0xdd, 0xde, 0xee, 0xee, 0xde, 0xee, 0xdd, 0xee,
    0xed, 0xdd, 0xee, 0xee, 0xde, 0xed, 0xca, 0x86, 0x52, 0x22, 0x22, 0x33, 0x33, 0x33, 0x33, 0x33,
    0x33, 0x33, 0x33, 0x33, 0x33, 0x33, 0x33, 0x33, 0x33, 0x33, 0x33, 0x33, 0x23, 0x32, 0x23, 0x32,
    0x22, 0x22, 0x22, 0x22, 0x22, 0x32, 0x22, 0x22, 0x32, 0x22, 0x22, 0x23, 0x22, 0x22, 0x22, 0x32,
    0x22, 0x22, 0x22, 0x32, 0x22, 0x22, 0x22, 0x22, 0x22, 0x22, 0x22, 0x22, 0x22, 0x22, 0x22, 0x22,
    0x22, 0x22, 0x22, 0x22, 0x22, 0x22, 0x22, 0x22, 0x22, 0x27, 0x8f, 0xff, 0xff, 0xff, 0xff, 0xff,
    0xff, 0xff, 0xff, 0xff, 0xff, 0xff, 0xe8, 0x87, 0x76, 0x66, 0x66, 0x66, 0x66, 0x66, 0x66, 0x66,
    0x65, 0x67, 0x78, 0x9a, 0xcd, 0xdd, 0xdd, 0xdd, 0xdd, 0xed, 0xdd, 0xdd, 0xde, 0xee, 0xdd, 0xdd,
    0xdd, 0xee, 0xee, 0xed, 0xde, 0xee, 0xed, 0xde, 0xed, 0xee, 0xee, 0xee, 0xee, 0xed, 0xb9, 0x87,
    0x63, 0x22, 0x22, 0x33, 0x33, 0x33, 0x33, 0x22, 0x23, 0x33, 0x33, 0x22, 0x23, 0x32, 0x22, 0x33,
    0x33, 0x22, 0x23, 0x33, 0x23, 0x32, 0x23, 0x32, 0x22, 0x33, 0x22, 0x22, 0x22, 0x33, 0x22, 0x22,
    0x32, 0x22, 0x22, 0x22, 0x22, 0x22, 0x22, 0x22, 0x22, 0x22, 0x23, 0x32, 0x22, 0x22, 0x22, 0x22,
    0x22, 0x22, 0x22, 0x22, 0x22, 0x22, 0x22, 0x22, 0x22, 0x22, 0x22, 0x23, 0x22, 0x22, 0x22, 0x22,
    0x22, 0x27, 0x8f, 0xff, 0xff, 0xff, 0xff, 0xff, 0xff, 0xff, 0xff, 0xff, 0xff, 0xff, 0xe8, 0x87,
    0x76, 0x77, 0x66, 0x66, 0x66, 0x66, 0x66, 0x66, 0x65, 0x56, 0x67, 0xac, 0xdd, 0xdd, 0xcc, 0xcd,
    0xdd, 0xdd, 0xdd, 0xde, 0xed, 0xee, 0xee, 0xdd, 0xdd, 0xee, 0xde, 0xee, 0xed, 0xde, 0xee, 0xee,
    0xee, 0xdd, 0xee, 0xdd, 0xee, 0xfd, 0xb9, 0x76, 0x63, 0x32, 0x23, 0x32, 0x33, 0x32, 0x33, 0x33,
    0x33, 0x23, 0x33, 0x32, 0x23, 0x32, 0x33, 0x32, 0x33, 0x33, 0x33, 0x33, 0x22, 0x22, 0x22, 0x22,
    0x22, 0x22, 0x22, 0x23, 0x22, 0x22, 0x22, 0x22, 0x22, 0x22, 0x22, 0x22, 0x22, 0x22, 0x22, 0x22,
    0x22, 0x22, 0x22, 0x22, 0x22, 0x22, 0x22, 0x22, 0x22, 0x22, 0x22, 0x22, 0x22, 0x22, 0x22, 0x22,
    0x22, 0x22, 0x22, 0x22, 0x22, 0x22, 0x22, 0x22, 0x22, 0x26, 0x6f, 0xff, 0xff, 0xff, 0xff, 0xff,
    0xff, 0xff, 0xff, 0xff, 0xff, 0xff, 0xe8, 0x87, 0x76, 0x77, 0x66, 0x66, 0x66, 0x66, 0x66, 0x66,
    0x55, 0x55, 0x67, 0xad, 0xdd, 0xdd, 0xcc, 0xcd, 0xdd, 0xdd, 0xdd, 0xde, 0xed, 0xde, 0xee, 0xdd,
    0xdd, 0xee, 0xdd, 0xee, 0xed, 0xde, 0xee, 0xee, 0xee, 0xdd, 0xee, 0xdd, 0xee, 0xfd, 0xa8, 0x66,
    0x63, 0x32, 0x23, 0x32, 0x33, 0x32, 0x22, 0x33, 0x33, 0x22, 0x23, 0x32, 0x23, 0x32, 0x33, 0x32,
    0x22, 0x33, 0x33, 0x22, 0x22, 0x22, 0x22, 0x22, 0x22, 0x22, 0x22, 0x33, 0x22, 0x22, 0x22, 0x22,
    0x22, 0x22, 0x22, 0x22, 0x22, 0x22, 0x22, 0x22, 0x22, 0x22, 0x22, 0x22, 0x22, 0x22, 0x22, 0x22,
    0x22, 0x22, 0x22, 0x22, 0x22, 0x22, 0x22, 0x22, 0x22, 0x22, 0x22, 0x22, 0x22, 0x22, 0x22, 0x22,
    0x22, 0x25, 0x5f, 0xff, 0xff, 0xff, 0xff, 0xff, 0xff, 0xff, 0xff, 0xff, 0xff, 0xff, 0xe8, 0x87,
    0x77, 0x76, 0x77, 0x66, 0x66, 0x66, 0x66, 0x66, 0x55, 0x58, 0x9c, 0xcd, 0xdd, 0xdd, 0xcc, 0xcd,
    0xdd, 0xdd, 0xde, 0xed, 0xdd, 0xdd, 0xee, 0xdd, 0xdd, 0xee, 0xee, 0xee, 0xde, 0xee, 0xed, 0xde,
    0xed, 0xee, 0xee, 0xee, 0xde, 0xfd, 0xa8, 0x67, 0x73, 0x32, 0x23, 0x33, 0x32, 0x33, 0x33, 0x22,
    0x23, 0x33, 0x23, 0x32, 0x23, 0x33, 0x32, 0x33, 0x22, 0x33, 0x23, 0x33, 0x22, 0x23, 0x32, 0x22,
    0x23, 0x32, 0x22, 0x22, 0x22, 0x22, 0x22, 0x22, 0x22, 0x22, 0x23, 0x32, 0x22, 0x33, 0x22, 0x22,
    0x22, 0x22, 0x23, 0x32, 0x22, 0x22, 0x22, 0x22, 0x22, 0x22, 0x33, 0x22, 0x22, 0x22, 0x22, 0x22,
    0x22, 0x22, 0x22, 0x22, 0x22, 0x22, 0x22, 0x22, 0x23, 0x46, 0x6d, 0xdf, 0xff, 0xff, 0xff, 0xff,
    0xff, 0xff, 0xff, 0xff, 0xff, 0xff, 0xe8, 0x87, 0x77, 0x76, 0x77, 0x66, 0x66, 0x66, 0x66, 0x66,
    0x55, 0x58, 0xad, 0xdd, 0xdd, 0xdd, 0xcc, 0xcd, 0xdd, 0xdd, 0xde, 0xed, 0xdd, 0xdd, 0xee, 0xdd,
    0xdd, 0xee, 0xee, 0xed, 0xde, 0xee, 0xed, 0xde, 0xed, 0xee, 0xee, 0xee, 0xde, 0xfd, 0xa8, 0x67,
    0x73, 0x32, 0x23, 0x33, 0x32, 0x33, 0x33, 0x22, 0x23, 0x33, 0x23, 0x32, 0x23, 0x33, 0x32, 0x33,
    0x22, 0x33, 0x22, 0x33, 0x22, 0x23, 0x32, 0x22, 0x23, 0x32, 0x22, 0x22, 0x22, 0x22, 0x22, 0x22,
    0x22, 0x22, 0x23, 0x32, 0x22, 0x33, 0x22, 0x22, 0x22, 0x22, 0x23, 0x32, 0x22, 0x22, 0x22, 0x22,
    0x22, 0x22, 0x33, 0x22, 0x22, 0x22, 0x22, 0x22, 0x22, 0x22, 0x22, 0x22, 0x22, 0x22, 0x22, 0x22,
    0x23, 0x46, 0x6c, 0xdf, 0xff, 0xff, 0xff, 0xff, 0xff, 0xff, 0xff, 0xff, 0xff, 0xfe, 0xc7, 0x76,
    0x77, 0x76, 0x77, 0x66, 0x66, 0x66, 0x66, 0x66, 0x68, 0x9c, 0xcc, 0xcb, 0xcd, 0xdd, 0xdd, 0xdd,
    0xdd, 0xde, 0xed, 0xdd, 0xdd, 0xde, 0xdd, 0xee, 0xee, 0xdd, 0xdd, 0xee, 0xed, 0xde, 0xee, 0xee,
    0xee, 0xdd, 0xee, 0xee, 0xee, 0xee, 0xda, 0x87, 0x64, 0x42, 0x22, 0x33, 0x33, 0x32, 0x22, 0x33,
    0x33, 0x33, 0x23, 0x32, 0x22, 0x22, 0x33, 0x33, 0x32, 0x22, 0x33, 0x33, 0x22, 0x22, 0x22, 0x22,
    0x22, 0x22, 0x22, 0x22, 0x22, 0x33, 0x22, 0x23, 0x32, 0x22, 0x22, 0x22, 0x22, 0x33, 0x32, 0x33,
    0x22, 0x22, 0x22, 0x22, 0x23, 0x32, 0x23, 0x22, 0x22, 0x22, 0x22, 0x22, 0x23, 0x32, 0x22, 0x23,
    0x32, 0x22, 0x22, 0x22, 0x22, 0x22, 0x33, 0x22, 0x24, 0x56, 0x68, 0x9f, 0xff, 0xff, 0xff, 0xff,
    0xff, 0xff, 0xff, 0xff, 0xff, 0xfd, 0xc7, 0x76, 0x77, 0x76, 0x77, 0x66, 0x66, 0x66, 0x66, 0x66,
    0x69, 0x9c, 0xcc, 0xcb, 0xcd, 0xdd, 0xdd, 0xdd, 0xdd, 0xdd, 0xed, 0xdd, 0xdd, 0xde, 0xdd, 0xee,
    0xee, 0xdd, 0xdd, 0xee, 0xed, 0xde, 0xee, 0xee, 0xee, 0xed, 0xee, 0xee, 0xee, 0xee, 0xda, 0x87,
    0x64, 0x42, 0x22, 0x23, 0x33, 0x32, 0x23, 0x33, 0x33, 0x33, 0x23, 0x33, 0x22, 0x22, 0x33, 0x33,
    0x32, 0x22, 0x33, 0x33, 0x22, 0x22, 0x22, 0x22, 0x22, 0x22, 0x22, 0x22, 0x22, 0x33, 0x22, 0x22,
    0x32, 0x22, 0x22, 0x22, 0x22, 0x33, 0x32, 0x33, 0x22, 0x22, 0x22, 0x22, 0x23, 0x32, 0x23, 0x22,
    0x22, 0x22, 0x22, 0x22, 0x22, 0x32, 0x22, 0x23, 0x22, 0x22, 0x22, 0x22, 0x22, 0x22, 0x33, 0x22,
    0x24, 0x56, 0x67, 0x9e, 0xff, 0xff, 0xff, 0xff, 0xff, 0xff, 0xff, 0xff, 0xff, 0xfc, 0xb7, 0x77,
    0x76, 0x77, 0x66, 0x77, 0x66, 0x66, 0x66, 0x58, 0x8b, 0xbb, 0xbb, 0xbb, 0xcc, 0xdd, 0xdd, 0xdd,
    0xdd, 0xdd, 0xdd, 0xde, 0xed, 0xdd, 0xee, 0xdd, 0xee, 0xdd, 0xdd, 0xee, 0xee, 0xed, 0xde, 0xed,
    0xde, 0xee, 0xdd, 0xee, 0xdd, 0xee, 0xda, 0x87, 0x64, 0x42, 0x22, 0x22, 0x33, 0x32, 0x33, 0x22,
    0x23, 0x33, 0x22, 0x23, 0x33, 0x33, 0x32, 0x22, 0x33, 0x33, 0x22, 0x32, 0x22, 0x22, 0x23, 0x32,
    0x22, 0x22, 0x33, 0x22, 0x22, 0x22, 0x22, 0x22, 0x22, 0x22, 0x23, 0x32, 0x22, 0x33, 0x22, 0x22,
    0x22, 0x33, 0x22, 0x22, 0x22, 0x22, 0x22, 0x22, 0x22, 0x22, 0x22, 0x22, 0x22, 0x22, 0x22, 0x22,
    0x22, 0x22, 0x22, 0x22, 0x22, 0x22, 0x33, 0x23, 0x45, 0x66, 0x55, 0x6a, 0xcf, 0xff, 0xff, 0xff,
    0xff, 0xff, 0xff, 0xff, 0xff, 0xfd, 0xc7, 0x77, 0x77, 0x77, 0x77, 0x77, 0x66, 0x66, 0x66, 0x69,
    0x9b, 0xbb, 0xbb, 0xbb, 0xcc, 0xdd, 0xdd, 0xdd, 0xdd, 0xdd, 0xdd, 0xde, 0xed, 0xdd, 0xee, 0xdd,
    0xee, 0xdd, 0xdd, 0xdd, 0xde, 0xed, 0xde, 0xed, 0xde, 0xee, 0xdd, 0xee, 0xde, 0xee, 0xda, 0x77,
    0x75, 0x43, 0x33, 0x32, 0x33, 0x33, 0x33, 0x22, 0x33, 0x33, 0x22, 0x23, 0x33, 0x33, 0x33, 0x32,
    0x33, 0x33, 0x22, 0x32, 0x22, 0x22, 0x23, 0x32, 0x22, 0x22, 0x22, 0x22, 0x22, 0x22, 0x22, 0x22,
    0x22, 0x22, 0x22, 0x22, 0x22, 0x33, 0x33, 0x22, 0x22, 0x22, 0x22, 0x22, 0x22, 0x22, 0x22, 0x22,
    0x22, 0x22, 0x22, 0x22, 0x22, 0x22, 0x22, 0x22, 0x22, 0x22, 0x22, 0x22, 0x22, 0x22, 0x32, 0x23,
    0x45, 0x66, 0x65, 0x69, 0xbf, 0xff, 0xff, 0xff, 0xff, 0xff, 0xff, 0xff, 0xff, 0xfe, 0xc7, 0x76,
    0x77, 0x76, 0x77, 0x66, 0x66, 0x66, 0x57, 0x8b, 0xbb, 0xba, 0xbb, 0xbb, 0xbb, 0xdd, 0xdd, 0xdd,
    0xdd, 0xdd, 0xdc, 0xce, 0xed, 0xdd, 0xee, 0xdd, 0xee, 0xee, 0xed, 0xdd, 0xcd, 0xee, 0xee, 0xee,
    0xed, 0xee, 0xee, 0xee, 0xee, 0xed, 0xb9, 0x67, 0x75, 0x53, 0x33, 0x33, 0x32, 0x33, 0x33, 0x23,
    0x33, 0x33, 0x23, 0x32, 0x22, 0x22, 0x33, 0x33, 0x22, 0x22, 0x22, 0x22, 0x22, 0x22, 0x22, 0x22,
    0x22, 0x22, 0x22, 0x22, 0x22, 0x22, 0x23, 0x33, 0x22, 0x22, 0x22, 0x22, 0x22, 0x22, 0x33, 0x22,
    0x22, 0x22, 0x22, 0x22, 0x22, 0x22, 0x22, 0x22, 0x22, 0x22, 0x22, 0x22, 0x22, 0x22, 0x22, 0x22,
    0x22, 0x22, 0x22, 0x22, 0x22, 0x22, 0x22, 0x23, 0x45, 0x66, 0x65, 0x66, 0x9f, 0xff, 0xff, 0xff,
    0xff, 0xff, 0xff, 0xff, 0xff, 0xff, 0xd8, 0x77, 0x77, 0x77, 0x77, 0x77, 0x66, 0x66, 0x68, 0x9b,
    0xbb, 0xba, 0xbb, 0xbb, 0xbb, 0xcd, 0xdd, 0xdd, 0xdd, 0xdd, 0xdd, 0xdd, 0xdd, 0xdd, 0xdd, 0xdd,
    0xee, 0xde, 0xed, 0xcc, 0xcd, 0xee, 0xed, 0xee, 0xed, 0xdd, 0xee, 0xed, 0xee, 0xed, 0xb8, 0x67,
    0x75, 0x43, 0x33, 0x33, 0x22, 0x33, 0x33, 0x33, 0x33, 0x32, 0x23, 0x32, 0x23, 0x33, 0x33, 0x33,
    0x33, 0x22, 0x22, 0x32, 0x22, 0x23, 0x32, 0x22, 0x22, 0x23, 0x22, 0x22, 0x22, 0x32, 0x22, 0x32,
    0x22, 0x23, 0x22, 0x22, 0x23, 0x22, 0x33, 0x32, 0x22, 0x22, 0x22, 0x32, 0x22, 0x22, 0x22, 0x22,
    0x22, 0x22, 0x33, 0x22, 0x22, 0x22, 0x22, 0x22, 0x22, 0x22, 0x23, 0x22, 0x22, 0x33, 0x32, 0x23,
    0x45, 0x66, 0x65, 0x66, 0x8d, 0xef, 0xff, 0xff, 0xff, 0xff, 0xff, 0xff, 0xff, 0xff, 0xe8, 0x87,
    0x77, 0x77, 0x66, 0x77, 0x66, 0x66, 0x69, 0xab, 0xba, 0xaa, 0xbb, 0xbb, 0xbb, 0xcc, 0xdd, 0xdd,
    0xdd, 0xdd, 0xde, 0xed, 0xde, 0xed, 0xdd, 0xdd, 0xee, 0xdd, 0xed, 0xbc, 0xce, 0xee, 0xed, 0xde,
    0xee, 0xdd, 0xee, 0xdd, 0xee, 0xfd, 0xb8, 0x67, 0x74, 0x42, 0x33, 0x32, 0x22, 0x22, 0x22, 0x33,
    0x22, 0x22, 0x23, 0x32, 0x23, 0x33, 0x32, 0x22, 0x33, 0x22, 0x22, 0x33, 0x22, 0x23, 0x32, 0x22,
    0x22, 0x33, 0x32, 0x22, 0x22, 0x33, 0x22, 0x22, 0x22, 0x23, 0x32, 0x22, 0x33, 0x22, 0x22, 0x33,
    0x22, 0x22, 0x22, 0x32, 0x22, 0x22, 0x22, 0x22, 0x22, 0x22, 0x33, 0x22, 0x22, 0x22, 0x22, 0x22,
    0x22, 0x22, 0x23, 0x22, 0x22, 0x33, 0x33, 0x23, 0x45, 0x66, 0x65, 0x55, 0x7a, 0xdf, 0xff, 0xff,
    0xff, 0xff, 0xff, 0xff, 0xff, 0xff, 0xe8, 0x87, 0x77, 0x78, 0x77, 0x77, 0x66, 0x67, 0x8a, 0xab,
    0xba, 0xaa, 0xbb, 0xbb, 0xbb, 0xcc, 0xdd, 0xdd, 0xdd, 0xdd, 0xdd, 0xdd, 0xdd, 0xdd, 0xdd, 0xde,
    0xdd, 0xee, 0xed, 0xbc, 0xcd, 0xee, 0xee, 0xed, 0xee, 0xee, 0xee, 0xee, 0xde, 0xfd, 0xb8, 0x67,
    0x74, 0x42, 0x23, 0x32, 0x33, 0x33, 0x33, 0x23, 0x33, 0x33, 0x33, 0x33, 0x33, 0x33, 0x32, 0x33,
    0x33, 0x22, 0x33, 0x22, 0x22, 0x22, 0x22, 0x23, 0x32, 0x22, 0x22, 0x33, 0x22, 0x22, 0x22, 0x22,
    0x22, 0x22, 0x22, 0x22, 0x22, 0x22, 0x33, 0x22, 0x22, 0x22, 0x22, 0x22, 0x22, 0x23, 0x22, 0x22,
    0x22, 0x22, 0x22, 0x22, 0x22, 0x32, 0x22, 0x22, 0x22, 0x22, 0x22, 0x22, 0x33, 0x22, 0x33, 0x33,
    0x46, 0x66, 0x66, 0x66, 0x67, 0xbe, 0xff, 0xff, 0xff, 0xff, 0xff, 0xff, 0xff, 0xff, 0xe8, 0x87,
    0x76, 0x78, 0x88, 0x77, 0x66, 0x67, 0x8a, 0xaa, 0xaa, 0xaa, 0xaa, 0xbb, 0xbb, 0xcc, 0xdd, 0xdd,
    0xdd, 0xdd, 0xdd, 0xdd, 0xdd, 0xdd, 0xdd, 0xee, 0xdd, 0xee, 0xed, 0xbb, 0xbd, 0xee, 0xee, 0xed,
    0xde, 0xee, 0xee, 0xee, 0xde, 0xfd, 0xb9, 0x67, 0x74, 0x42, 0x23, 0x32, 0x33, 0x33, 0x33, 0x23,
    0x33, 0x33, 0x33, 0x23, 0x32, 0x33, 0x32, 0x33, 0x22, 0x22, 0x33, 0x22, 0x22, 0x22, 0x22, 0x23,
    0x32, 0x22, 0x22, 0x33, 0x22, 0x22, 0x22, 0x22, 0x22, 0x22, 0x22, 0x22, 0x22, 0x22, 0x33, 0x22,
    0x22, 0x22, 0x22, 0x22, 0x22, 0x23, 0x32, 0x22, 0x22, 0x22, 0x22, 0x22, 0x23, 0x32, 0x22, 0x22,
    0x22, 0x22, 0x22, 0x22, 0x33, 0x22, 0x23, 0x34, 0x56, 0x66, 0x56, 0x66, 0x66, 0xae, 0xff, 0xff,
    0xff, 0xff, 0xff, 0xff, 0xff, 0xff, 0xfa, 0x97, 0x77, 0x9a, 0xaa, 0x66, 0x67, 0x89, 0xaa, 0xaa,
    0xaa, 0xaa, 0xaa, 0xbb, 0xbb, 0xbb, 0xcc, 0xdd, 0xdd, 0xdc, 0xcd, 0xde, 0xed, 0xdd, 0xde, 0xdd,
    0xdd, 0xee, 0xed, 0xba, 0xad, 0xee, 0xee, 0xee, 0xed, 0xee, 0xdd, 0xee, 0xde, 0xfd, 0xb8, 0x67,
    0x84, 0x42, 0x23, 0x33, 0x32, 0x22, 0x23, 0x33, 0x22, 0x23, 0x32, 0x22, 0x23, 0x33, 0x32, 0x33,
    0x32, 0x22, 0x22, 0x22, 0x23, 0x32, 0x22, 0x22, 0x22, 0x22, 0x22, 0x22, 0x22, 0x22, 0x22, 0x22,
    0x23, 0x32, 0x22, 0x22, 0x33, 0x22, 0x22, 0x22, 0x33, 0x33, 0x33, 0x23, 0x32, 0x23, 0x32, 0x33,
    0x22, 0x33, 0x22, 0x22, 0x22, 0x22, 0x22, 0x22, 0x22, 0x22, 0x22, 0x22, 0x33, 0x22, 0x23, 0x45,
    0x66, 0x66, 0x66, 0x66, 0x66, 0x79, 0xdf, 0xff, 0xff, 0xff, 0xff, 0xff, 0xff, 0xff, 0xfa, 0x97,
    0x77, 0x9a, 0xaa, 0x66, 0x67, 0x89, 0xba, 0xaa, 0xaa, 0xab, 0xba, 0xbb, 0xbb, 0xbb, 0xcc, 0xdd,
    0xdd, 0xdc, 0xcd, 0xde, 0xed, 0xdd, 0xee, 0xdd, 0xdd, 0xee, 0xed, 0xaa, 0xad, 0xee, 0xee, 0xee,
    0xed, 0xee, 0xdd, 0xee, 0xde, 0xfd, 0xa8, 0x57, 0x84, 0x42, 0x23, 0x33, 0x32, 0x22, 0x22, 0x33,
    0x22, 0x23, 0x32, 0x22, 0x23, 0x33, 0x32, 0x33, 0x32, 0x22, 0x22, 0x22, 0x23, 0x32, 0x22, 0x22,
    0x22, 0x22, 0x22, 0x22, 0x22, 0x22, 0x22, 0x22, 0x23, 0x32, 0x22, 0x22, 0x33, 0x22, 0x22, 0x22,
    0x33, 0x33, 0x33, 0x23, 0x32, 0x23, 0x32, 0x33, 0x22, 0x33, 0x22, 0x22, 0x22, 0x22, 0x22, 0x22,
    0x22, 0x22, 0x22, 0x22, 0x33, 0x22, 0x23, 0x45, 0x66, 0x56, 0x65, 0x55, 0x55, 0x78, 0xdf, 0xff,
    0xff, 0xff, 0xff, 0xff, 0xff, 0xff, 0xfc, 0xa7, 0x77, 0x77, 0xaa, 0x88, 0x67, 0x9a, 0xbb, 0xaa,
    0xaa, 0xab, 0xba, 0xbb, 0xaa, 0xab, 0xcc, 0xdd, 0xdd, 0xdd, 0xdd, 0xdd, 0xdd, 0xde, 0xdd, 0xee,
    0xdd, 0xee, 0xdb, 0x99, 0xac, 0xde, 0xee, 0xee, 0xee, 0xee, 0xee, 0xee, 0xee, 0xdb, 0x77, 0x67,
    0x85, 0x42, 0x33, 0x33, 0x32, 0x33, 0x33, 0x33, 0x23, 0x33, 0x23, 0x33, 0x32, 0x22, 0x33, 0x33,
    0x22, 0x22, 0x22, 0x22, 0x22, 0x22, 0x22, 0x22, 0x22, 0x22, 0x33, 0x33, 0x22, 0x32, 0x22, 0x22,
    0x22, 0x23, 0x32, 0x22, 0x22, 0x22, 0x33, 0x33, 0x22, 0x22, 0x22, 0x22, 0x22, 0x23, 0x32, 0x22,
    0x22, 0x22, 0x22, 0x22, 0x22, 0x23, 0x32, 0x22, 0x22, 0x23, 0x32, 0x22, 0x33, 0x22, 0x23, 0x55,
    0x66, 0x56, 0x65, 0x66, 0x65, 0x55, 0xac, 0xff, 0xff, 0xff, 0xff, 0xff, 0xff, 0xff, 0xfd, 0xb7,
    0x77, 0x77, 0x9a, 0x88, 0x78, 0x9a, 0xba, 0xaa, 0xaa, 0xab, 0xbb, 0xbb, 0xaa, 0xbb, 0xcc, 0xdd,
    0xdd, 0xdd, 0xdc, 0xcd, 0xdd, 0xde, 0xdd, 0xee, 0xdd, 0xee, 0xdb, 0x99, 0xac, 0xde, 0xee, 0xee,
    0xee, 0xee, 0xee, 0xee, 0xee, 0xca, 0x77, 0x67, 0x85, 0x42, 0x33, 0x33, 0x33, 0x33, 0x33, 0x33,
    0x33, 0x33, 0x23, 0x33, 0x33, 0x22, 0x33, 0x33, 0x22, 0x22, 0x22, 0x22, 0x22, 0x22, 0x22, 0x22,
    0x22, 0x22, 0x33, 0x33, 0x22, 0x32, 0x22, 0x22, 0x22, 0x23, 0x32, 0x22, 0x22, 0x22, 0x33, 0x33,
    0x32, 0x22, 0x32, 0x22, 0x22, 0x23, 0x33, 0x22, 0x22, 0x22, 0x22, 0x22, 0x22, 0x23, 0x32, 0x22,
    0x22, 0x23, 0x32, 0x22, 0x33, 0x22, 0x23, 0x56, 0x66, 0x66, 0x66, 0x66, 0x65, 0x66, 0x9b, 0xff,
    0xff, 0xff, 0xff, 0xff, 0xff, 0xff, 0xff, 0xc7, 0x77, 0x76, 0x77, 0x88, 0x89, 0xaa, 0xaa, 0xaa,
    0xaa, 0xaa, 0xbb, 0xba, 0xaa, 0xbb, 0xbc, 0xcc, 0xdd, 0xdc, 0xca, 0xad, 0xde, 0xed, 0xdd, 0xee,
    0xdd, 0xee, 0xcb, 0x99, 0xac, 0xde, 0xed, 0xde, 0xed, 0xee, 0xee, 0xdd, 0xfe, 0xa8, 0x56, 0x78,
    0x85, 0x42, 0x33, 0x33, 0x33, 0x32, 0x22, 0x23, 0x33, 0x23, 0x32, 0x22, 0x23, 0x33, 0x32, 0x22,
    0x22, 0x22, 0x33, 0x22, 0x22, 0x23, 0x32, 0x22, 0x23, 0x32, 0x22, 0x22, 0x22, 0x22, 0x22, 0x23,
    0x32, 0x22, 0x23, 0x22, 0x22, 0x33, 0x22, 0x22, 0x33, 0x23, 0x33, 0x23, 0x32, 0x22, 0x33, 0x32,
    0x33, 0x22, 0x22, 0x22, 0x33, 0x22, 0x22, 0x23, 0x32, 0x22, 0x22, 0x33, 0x22, 0x22, 0x44, 0x66,
    0x56, 0x66, 0x56, 0x65, 0x55, 0x66, 0x77, 0xef, 0xff, 0xff, 0xff, 0xff, 0xff, 0xff, 0xff, 0xd8,
    0x87, 0x77, 0x77, 0x77, 0x89, 0xaa, 0xaa, 0xaa, 0xaa, 0xaa, 0xbb, 0xaa, 0xaa, 0xbb, 0xbb, 0xcc,
    0xdd, 0xdb, 0xba, 0xad, 0xde, 0xed, 0xdd, 0xee, 0xdd, 0xee, 0xcb, 0x9a, 0xac, 0xde, 0xed, 0xde,
    0xed, 0xde, 0xee, 0xee, 0xed, 0x98, 0x67, 0x77, 0x74, 0x43, 0x33, 0x33, 0x33, 0x32, 0x22, 0x23,
    0x33, 0x33, 0x33, 0x32, 0x23, 0x33, 0x32, 0x22, 0x22, 0x22, 0x22, 0x22, 0x22, 0x22, 0x22, 0x22,
    0x23, 0x22, 0x22, 0x22, 0x22, 0x22, 0x22, 0x23, 0x32, 0x22, 0x23, 0x22, 0x22, 0x33, 0x22, 0x23,
    0x33, 0x23, 0x33, 0x23, 0x33, 0x32, 0x33, 0x32, 0x33, 0x22, 0x22, 0x22, 0x32, 0x22, 0x22, 0x23,
    0x33, 0x32, 0x33, 0x33, 0x33, 0x22, 0x45, 0x66, 0x56, 0x66, 0x66, 0x66, 0x65, 0x66, 0x67, 0xef,
    0xff, 0xff, 0xff, 0xff, 0xff, 0xff, 0xff, 0xea, 0x97, 0x77, 0x66, 0x67, 0x89, 0xaa, 0xaa, 0xaa,
    0xaa, 0xaa, 0xaa, 0xaa, 0xaa, 0xbb, 0xbb, 0xbc, 0xdd, 0xca, 0x99, 0x9d, 0xde, 0xed, 0xee, 0xdd,
    0xdd, 0xee, 0xdb, 0x9a, 0xac, 0xde, 0xee, 0xee, 0xee, 0xdd, 0xdd, 0xff, 0xcb, 0x67, 0x77, 0x86,
    0x52, 0x23, 0x33, 0x33, 0x33, 0x32, 0x22, 0x33, 0x23, 0x33, 0x23, 0x32, 0x22, 0x33, 0x32, 0x22,
    0x33, 0x22, 0x22, 0x22, 0x22, 0x22, 0x22, 0x22, 0x22, 0x22, 0x33, 0x22, 0x22, 0x22, 0x22, 0x22,
    0x22, 0x22, 0x22, 0x22, 0x22, 0x22, 0x22, 0x33, 0x22, 0x33, 0x22, 0x22, 0x23, 0x32, 0x23, 0x32,
    0x33, 0x32, 0x22, 0x22, 0x22, 0x22, 0x22, 0x22, 0x23, 0x33, 0x33, 0x32, 0x33, 0x22, 0x55, 0x66,
    0x55, 0x56, 0x65, 0x66, 0x65, 0x66, 0x66, 0xdf, 0xff, 0xff, 0xff, 0xff, 0xff, 0xff, 0xff, 0xfd,
    0xb9, 0x87, 0x77, 0x67, 0x89, 0xaa, 0xaa, 0xaa, 0xaa, 0xaa, 0xaa, 0xaa, 0xaa, 0xbb, 0xbb, 0xbc,
    0xdc, 0xba, 0x9a, 0xad, 0xde, 0xed, 0xdd, 0xdd, 0xde, 0xee, 0xcb, 0x9a, 0xad, 0xee, 0xed, 0xee,
    0xed, 0xdd, 0xde, 0xee, 0xa9, 0x66, 0x77, 0x86, 0x52, 0x23, 0x33, 0x33, 0x33, 0x33, 0x22, 0x33,
    0x33, 0x33, 0x23, 0x33, 0x33, 0x33, 0x33, 0x22, 0x22, 0x22, 0x22, 0x32, 0x22, 0x22, 0x22, 0x22,
    0x22, 0x22, 0x23, 0x22, 0x22, 0x22, 0x22, 0x32, 0x22, 0x23, 0x32, 0x22, 0x22, 0x23, 0x22, 0x33,
    0x33, 0x32, 0x22, 0x22, 0x23, 0x32, 0x23, 0x22, 0x33, 0x22, 0x22, 0x22, 0x22, 0x22, 0x22, 0x23,
    0x33, 0x33, 0x33, 0x33, 0x22, 0x33, 0x66, 0x66, 0x66, 0x66, 0x66, 0x66, 0x66, 0x66, 0x66, 0xcd,
    0xff, 0xff, 0xff, 0xff, 0xff, 0xff, 0xff, 0xff, 0xda, 0x87, 0x77, 0x67, 0x89, 0xaa, 0xaa, 0xaa,
    0xaa, 0xaa, 0xaa, 0xaa, 0xaa, 0xbb, 0xbb, 0xbc, 0xdc, 0xaa, 0x9a, 0xbd, 0xde, 0xed, 0xdd, 0xdd,
    0xee, 0xed, 0xba, 0x9a, 0xad, 0xee, 0xed, 0xde, 0xed, 0xdd, 0xee, 0xee, 0x87, 0x56, 0x77, 0x86,
    0x52, 0x23, 0x33, 0x33, 0x33, 0x33, 0x22, 0x33, 0x33, 0x22, 0x23, 0x33, 0x33, 0x32, 0x33, 0x32,
    0x22, 0x22, 0x22, 0x33, 0x22, 0x23, 0x32, 0x22, 0x22, 0x22, 0x22, 0x22, 0x22, 0x22, 0x22, 0x33,
    0x22, 0x23, 0x32, 0x22, 0x22, 0x33, 0x22, 0x22, 0x33, 0x22, 0x22, 0x22, 0x23, 0x32, 0x22, 0x22,
    0x22, 0x22, 0x22, 0x22, 0x22, 0x22, 0x22, 0x23, 0x32, 0x22, 0x22, 0x33, 0x22, 0x33, 0x66, 0x66,
    0x66, 0x66, 0x56, 0x65, 0x66, 0x65, 0x55, 0xbc, 0xff, 0xff, 0xff, 0xff, 0xff, 0xff, 0xff, 0xff,
    0xfe, 0xdc, 0x98, 0x67, 0x9a, 0xbb, 0xaa, 0xaa, 0xaa, 0xaa, 0xaa, 0xaa, 0xaa, 0xbb, 0xbb, 0xbc,
    0xcb, 0xa9, 0x9b, 0xbd, 0xdd, 0xdd, 0xde, 0xdd, 0xee, 0xed, 0xba, 0x8a, 0xbd, 0xee, 0xee, 0xed,
    0xdd, 0xde, 0xee, 0xcb, 0x77, 0x77, 0x78, 0x86, 0x52, 0x23, 0x33, 0x33, 0x33, 0x33, 0x22, 0x33,
    0x33, 0x23, 0x33, 0x23, 0x32, 0x22, 0x22, 0x22, 0x22, 0x22, 0x22, 0x22, 0x22, 0x22, 0x22, 0x23,
    0x22, 0x22, 0x22, 0x33, 0x22, 0x22, 0x22, 0x22, 0x22, 0x22, 0x22, 0x22, 0x22, 0x33, 0x22, 0x33,
    0x33, 0x22, 0x22, 0x22, 0x22, 0x22, 0x23, 0x22, 0x22, 0x33, 0x22, 0x22, 0x22, 0x22, 0x22, 0x23,
    0x32, 0x33, 0x33, 0x33, 0x22, 0x45, 0x66, 0x66, 0x66, 0x66, 0x66, 0x65, 0x66, 0x66, 0x65, 0xbc,
    0xff, 0xff, 0xff, 0xff, 0xff, 0xff, 0xff, 0xff, 0xff, 0xff, 0x98, 0x67, 0x9a, 0xbb, 0xaa, 0xaa,
    0xaa, 0xaa, 0xaa, 0xaa, 0xaa, 0xab, 0xbb, 0xbb, 0xbb, 0xa9, 0x9b, 0xbd, 0xdd, 0xdd, 0xee, 0xdd,
    0xee, 0xed, 0xba, 0x8a, 0xbd, 0xee, 0xee, 0xed, 0xdd, 0xee, 0xee, 0xaa, 0x66, 0x77, 0x78, 0x86,
    0x52, 0x23, 0x33, 0x33, 0x33, 0x33, 0x22, 0x23, 0x33, 0x23, 0x33, 0x22, 0x22, 0x22, 0x22, 0x22,
    0x22, 0x22, 0x22, 0x22, 0x22, 0x22, 0x22, 0x23, 0x32, 0x22, 0x22, 0x33, 0x22, 0x22, 0x33, 0x22,
    0x22, 0x22, 0x22, 0x22, 0x22, 0x33, 0x32, 0x33, 0x22, 0x22, 0x22, 0x22, 0x22, 0x22, 0x23, 0x32,
    0x22, 0x33, 0x22, 0x22, 0x22, 0x22, 0x22, 0x23, 0x32, 0x33, 0x33, 0x22, 0x22, 0x55, 0x66, 0x55,
    0x55, 0x56, 0x65, 0x55, 0x55, 0x66, 0x65, 0xbc, 0xff, 0xff, 0xff, 0xff, 0xff, 0xff, 0xff, 0xff,
    0xff, 0xff, 0xff, 0xdc, 0xaa, 0xbb, 0xaa, 0xaa, 0xaa, 0xaa, 0xaa, 0xaa, 0xaa, 0xab, 0xbb, 0xcc,
    0xba, 0xa9, 0x9b, 0xbe, 0xed, 0xdd, 0xdd, 0xee, 0xdd, 0xee, 0xba, 0x8a, 0xbd, 0xed, 0xdd, 0xdd,
    0xdd, 0xee, 0xba, 0x87, 0x77, 0x77, 0x87, 0x64, 0x33, 0x33, 0x33, 0x34, 0x33, 0x32, 0x22, 0x33,
    0x23, 0x33, 0x23, 0x32, 0x22, 0x22, 0x23, 0x22, 0x22, 0x33, 0x22, 0x22, 0x22, 0x22, 0x22, 0x22,
    0x22, 0x22, 0x22, 0x22, 0x22, 0x22, 0x22, 0x22, 0x22, 0x22, 0x23, 0x32, 0x22, 0x33, 0x33, 0x22,
    0x22, 0x32, 0x22, 0x32, 0x22, 0x22, 0x22, 0x22, 0x22, 0x22, 0x22, 0x22, 0x22, 0x32, 0x23, 0x32,
    0x23, 0x32, 0x22, 0x22, 0x34, 0x66, 0x66, 0x56, 0x66, 0x66, 0x66, 0x65, 0x55, 0x66, 0xab, 0xef,
    0xff, 0xff, 0xff, 0xff, 0xff, 0xff, 0xff, 0xff, 0xff, 0xff, 0xff, 0xed, 0xaa, 0xaa, 0xaa, 0xaa,
    0xaa, 0xaa, 0xaa, 0xaa, 0xaa, 0xab, 0xbb, 0xcc, 0xba, 0xa9, 0x9b, 0xbe, 0xed, 0xdd, 0xdd, 0xee,
    0xdd, 0xed, 0xba, 0x8a, 0xbd, 0xed, 0xdd, 0xdd, 0xdd, 0xee, 0xba, 0x77, 0x77, 0x77, 0x86, 0x53,
    0x33, 0x33, 0x33, 0x34, 0x33, 0x32, 0x22, 0x33, 0x23, 0x33, 0x23, 0x32, 0x22, 0x22, 0x33, 0x32,
    0x22, 0x33, 0x22, 0x22, 0x22, 0x22, 0x22, 0x22, 0x22, 0x22, 0x22, 0x22, 0x22, 0x22, 0x22, 0x22,
    0x22, 0x22, 0x23, 0x32, 0x22, 0x33, 0x33, 0x22, 0x22, 0x32, 0x22, 0x32, 0x22, 0x22, 0x22, 0x22,
    0x22, 0x22, 0x22, 0x22, 0x22, 0x32, 0x23, 0x32, 0x23, 0x32, 0x22, 0x22, 0x44, 0x66, 0x66, 0x56,
    0x66, 0x66, 0x56, 0x65, 0x55, 0x66, 0xac, 0xff, 0xff, 0xff, 0xff, 0xff, 0xff, 0xff, 0xff, 0xff,
    0xff, 0xff, 0xff, 0xff, 0xcc, 0xaa, 0xaa, 0xaa, 0xa9, 0x9a, 0xaa, 0xaa, 0xaa, 0xaa, 0xab, 0xbb,
    0xaa, 0xa9, 0x9b, 0xcd, 0xdd, 0xdd, 0xdd, 0xdd, 0xee, 0xcb, 0x88, 0x8a, 0xbd, 0xed, 0xdd, 0xdd,
    0xee, 0xdc, 0x87, 0x88, 0x88, 0x88, 0x64, 0x23, 0x33, 0x33, 0x33, 0x33, 0x33, 0x33, 0x22, 0x33,
    0x23, 0x33, 0x23, 0x32, 0x22, 0x23, 0x32, 0x22, 0x22, 0x22, 0x22, 0x23, 0x32, 0x22, 0x22, 0x23,
    0x22, 0x22, 0x22, 0x22, 0x22, 0x33, 0x22, 0x22, 0x22, 0x22, 0x22, 0x22, 0x22, 0x22, 0x22, 0x22,
    0x22, 0x22, 0x22, 0x22, 0x23, 0x32, 0x22, 0x33, 0x22, 0x22, 0x22, 0x33, 0x22, 0x22, 0x23, 0x32,
    0x23, 0x33, 0x22, 0x33, 0x66, 0x66, 0x56, 0x66, 0x55, 0x56, 0x65, 0x66, 0x65, 0x8a, 0xef, 0xff,
    0xff, 0xff, 0xff, 0xff, 0xff, 0xff, 0xff, 0xff, 0xff, 0xff, 0xff, 0xff, 0xdc, 0xaa, 0xaa, 0xaa,
    0xa9, 0x9a, 0xaa, 0xaa, 0xbb, 0xba, 0xbb, 0xbb, 0xaa, 0xa9, 0x9b, 0xcd, 0xdd, 0xdd, 0xdd, 0xdd,
    0xee, 0xcb, 0x88, 0x8a, 0xbd, 0xed, 0xdd, 0xdd, 0xde, 0xcb, 0x87, 0x88, 0x88, 0x87, 0x64, 0x23,
    0x33, 0x33, 0x33, 0x33, 0x33, 0x33, 0x22, 0x33, 0x33, 0x33, 0x23, 0x32, 0x22, 0x23, 0x32, 0x22,
    0x22, 0x22, 0x22, 0x22, 0x32, 0x22, 0x22, 0x22, 0x22, 0x22, 0x22, 0x22, 0x22, 0x33, 0x22, 0x22,
    0x22, 0x22, 0x22, 0x22, 0x22, 0x22, 0x22, 0x22, 0x22, 0x22, 0x22, 0x22, 0x23, 0x32, 0x22, 0x23,
    0x22, 0x22, 0x22, 0x33, 0x22, 0x22, 0x33, 0x33, 0x33, 0x33, 0x22, 0x34, 0x67, 0x66, 0x67, 0x76,
    0x56, 0x66, 0x76, 0x67, 0x77, 0x9b, 0xef, 0xff, 0xff, 0xff, 0xff, 0xff, 0xff, 0xff, 0xff, 0xff,
    0xff, 0xff, 0xff, 0xff, 0xec, 0xaa, 0xaa, 0xaa, 0xa9, 0x9a, 0xaa, 0xaa, 0xbb, 0xbb, 0xbb, 0xaa,
    0xaa, 0xaa, 0xab, 0xcd, 0xdd, 0xdd, 0xdd, 0xdd, 0xee, 0xba, 0x88, 0x8a, 0xbd, 0xed, 0xde, 0xee,
    0xdb, 0x98, 0x77, 0x88, 0x99, 0x76, 0x43, 0x23, 0x33, 0x33, 0x33, 0x32, 0x22, 0x22, 0x22, 0x33,
    0x33, 0x23, 0x32, 0x23, 0x32, 0x22, 0x22, 0x22, 0x33, 0x22, 0x22, 0x22, 0x22, 0x22, 0x22, 0x22,
    0x22, 0x33, 0x22, 0x33, 0x22, 0x22, 0x22, 0x22, 0x23, 0x32, 0x22, 0x22, 0x33, 0x22, 0x22, 0x33,
    0x22, 0x22, 0x23, 0x32, 0x22, 0x22, 0x22, 0x22, 0x22, 0x22, 0x22, 0x22, 0x23, 0x33, 0x33, 0x23,
    0x32, 0x22, 0x23, 0x68, 0x88, 0x67, 0xa9, 0x87, 0x56, 0x68, 0x88, 0x88, 0xac, 0xef, 0xff, 0xff,
    0xff, 0xff, 0xff, 0xff, 0xff, 0xff, 0xff, 0xff, 0xff, 0xff, 0xff, 0xff, 0xed, 0xaa, 0xaa, 0xaa,
    0x99, 0xaa, 0xaa, 0xaa, 0xbb, 0xbb, 0xbb, 0xaa, 0xaa, 0xaa, 0xab, 0xcd, 0xdd, 0xdd, 0xdd, 0xdd,
    0xee, 0xba, 0x88, 0x8a, 0xbd, 0xed, 0xde, 0xdd, 0xca, 0x98, 0x88, 0x88, 0x87, 0x55, 0x33, 0x33,
    0x33, 0x33, 0x33, 0x33, 0x22, 0x33, 0x33, 0x33, 0x33, 0x33, 0x33, 0x33, 0x32, 0x22, 0x22, 0x22,
    0x23, 0x22, 0x32, 0x22, 0x22, 0x32, 0x22, 0x22, 0x22, 0x22, 0x22, 0x23, 0x22, 0x22, 0x22, 0x32,
    0x22, 0x22, 0x22, 0x22, 0x23, 0x22, 0x22, 0x33, 0x22, 0x22, 0x22, 0x32, 0x23, 0x22, 0x22, 0x23,
    0x22, 0x23, 0x22, 0x22, 0x22, 0x33, 0x33, 0x33, 0x32, 0x23, 0x57, 0xab, 0xbb, 0xaa, 0xcc, 0xba,
    0x99, 0xab, 0xbb, 0xbb, 0xcd, 0xef, 0xff, 0xff, 0xff, 0xff, 0xff, 0xff, 0xff, 0xff, 0xff, 0xff,
    0xff, 0xff, 0xff, 0xff, 0xfd, 0xaa, 0xaa, 0xa9, 0x9a, 0xaa, 0xaa, 0xaa, 0xaa, 0xab, 0xbb, 0xaa,
    0xaa, 0xaa, 0xac, 0xcd, 0xdd, 0xdd, 0xdd, 0xdd, 0xee, 0xaa, 0x88, 0x8a, 0xbd, 0xee, 0xed, 0xda,
    0x98, 0x88, 0x99, 0x88, 0x65, 0x33, 0x23, 0x33, 0x33, 0x33, 0x33, 0x33, 0x32, 0x33, 0x33, 0x22,
    0x23, 0x33, 0x23, 0x32, 0x22, 0x22, 0x22, 0x22, 0x22, 0x22, 0x33, 0x22, 0x23, 0x32, 0x22, 0x22,
    0x22, 0x22, 0x22, 0x22, 0x22, 0x22, 0x23, 0x33, 0x22, 0x22, 0x22, 0x22, 0x22, 0x22, 0x22, 0x22,
    0x22, 0x22, 0x22, 0x22, 0x23, 0x32, 0x22, 0x33, 0x22, 0x33, 0x22, 0x22, 0x22, 0x22, 0x23, 0x32,
    0x22, 0x33, 0x8e, 0xff, 0xff, 0xff, 0xff, 0xff, 0xee, 0xff, 0xff, 0xff, 0xff, 0xff, 0xff, 0xff,
    0xff, 0xff, 0xff, 0xff, 0xff, 0xff, 0xff, 0xff, 0xff, 0xff, 0xff, 0xff, 0xfe, 0xbb, 0xaa, 0xa9,
    0x9a, 0xaa, 0xaa, 0xaa, 0xaa, 0xaa, 0xba, 0xaa, 0xaa, 0xaa, 0xac, 0xcd, 0xdd, 0xdd, 0xdd, 0xde,
    0xdc, 0x99, 0x99, 0x8a, 0xcd, 0xed, 0xca, 0xa9, 0x99, 0x99, 0x87, 0x55, 0x44, 0x33, 0x33, 0x33,
    0x33, 0x33, 0x33, 0x33, 0x33, 0x33, 0x33, 0x33, 0x22, 0x33, 0x33, 0x32, 0x22, 0x23, 0x22, 0x22,
    0x23, 0x22, 0x32, 0x22, 0x22, 0x32, 0x22, 0x23, 0x32, 0x22, 0x22, 0x22, 0x33, 0x22, 0x22, 0x32,
    0x22, 0x22, 0x22, 0x23, 0x22, 0x22, 0x22, 0x22, 0x22, 0x32, 0x22, 0x22, 0x23, 0x22, 0x22, 0x22,
    0x22, 0x23, 0x22, 0x22, 0x22, 0x23, 0x33, 0x33, 0x32, 0x5a, 0xcf, 0xff, 0xff, 0xff, 0xff, 0xff,
    0xff, 0xff, 0xff, 0xff, 0xff, 0xff, 0xff, 0xff, 0xff, 0xff, 0xff, 0xff, 0xff, 0xff, 0xff, 0xff,
    0xff, 0xff, 0xff, 0xff, 0xfe, 0xcb, 0xaa, 0x99, 0x9a, 0xaa, 0xaa, 0xaa, 0xaa, 0xaa, 0xaa, 0xaa,
    0xaa, 0xaa, 0xac, 0xcd, 0xdd, 0xdd, 0xdd, 0xee, 0xcc, 0x89, 0x99, 0x8a, 0xce, 0xec, 0xb8, 0x88,
    0x89, 0x9a, 0x76, 0x33, 0x22, 0x23, 0x33, 0x33, 0x33, 0x33, 0x33, 0x33, 0x33, 0x22, 0x22, 0x33,
    0x22, 0x23, 0x32, 0x22, 0x22, 0x23, 0x32, 0x22, 0x33, 0x22, 0x22, 0x22, 0x22, 0x22, 0x22, 0x23,
    0x32, 0x22, 0x22, 0x22, 0x33, 0x22, 0x22, 0x22, 0x22, 0x22, 0x22, 0x23, 0x32, 0x22, 0x22, 0x22,
    0x22, 0x33, 0x22, 0x22, 0x22, 0x22, 0x22, 0x22, 0x22, 0x22, 0x22, 0x22, 0x22, 0x23, 0x33, 0x23,
    0x32, 0x6e, 0xff, 0xff, 0xff, 0xff, 0xff, 0xff, 0xff, 0xff, 0xff, 0xff, 0xff, 0xff, 0xff, 0xff,
    0xff, 0xff, 0xff, 0xff, 0xff, 0xff, 0xff, 0xff, 0xff, 0xff, 0xff, 0xff, 0xff, 0xfc, 0x9a, 0xa9,
    0x9a, 0xaa, 0xaa, 0xaa, 0xaa, 0xaa, 0xaa, 0xaa, 0xaa, 0xaa, 0xac, 0xcd, 0xdd, 0xdd, 0xdd, 0xee,
    0xcb, 0x89, 0x99, 0x9a, 0xab, 0xb9, 0x98, 0x99, 0x9a, 0x86, 0x43, 0x33, 0x33, 0x33, 0x33, 0x33,
    0x33, 0x33, 0x33, 0x33, 0x32, 0x33, 0x33, 0x33, 0x33, 0x33, 0x23, 0x32, 0x22, 0x22, 0x22, 0x22,
    0x22, 0x33, 0x33, 0x22, 0x32, 0x22, 0x22, 0x22, 0x22, 0x23, 0x22, 0x22, 0x22, 0x22, 0x22, 0x23,
    0x32, 0x22, 0x22, 0x22, 0x22, 0x22, 0x23, 0x22, 0x22, 0x22, 0x22, 0x23, 0x32, 0x22, 0x22, 0x22,
    0x22, 0x22, 0x22, 0x33, 0x22, 0x33, 0x32, 0x23, 0x37, 0x9f, 0xff, 0xff, 0xff, 0xff, 0xff, 0xff,
    0xff, 0xff, 0xff, 0xff, 0xff, 0xff, 0xff, 0xff, 0xff, 0xff, 0xff, 0xff, 0xff, 0xff, 0xff, 0xff,
    0xff, 0xff, 0xff, 0xff, 0xff, 0xfc, 0x9a, 0xa9, 0x9a, 0xaa, 0xaa, 0xaa, 0xaa, 0xaa, 0xaa, 0xaa,
    0xaa, 0xaa, 0xac, 0xcd, 0xdd, 0xdd, 0xdd, 0xee, 0xcb, 0x89, 0x99, 0x99, 0xaa, 0xa9, 0x88, 0x9a,
    0xaa, 0x75, 0x22, 0x22, 0x33, 0x33, 0x33, 0x33, 0x33, 0x33, 0x33, 0x33, 0x32, 0x33, 0x33, 0x22,
    0x33, 0x33, 0x23, 0x32, 0x22, 0x22, 0x22, 0x22, 0x22, 0x33, 0x33, 0x23, 0x33, 0x22, 0x22, 0x22,
    0x22, 0x33, 0x32, 0x22, 0x22, 0x22, 0x22, 0x23, 0x32, 0x22, 0x22, 0x22, 0x22, 0x22, 0x23, 0x22,
    0x22, 0x22, 0x22, 0x23, 0x32, 0x22, 0x22, 0x22, 0x22, 0x22, 0x22, 0x33, 0x23, 0x32, 0x22, 0x23,
    0x38, 0xbf, 0xff, 0xff, 0xff, 0xff, 0xff, 0xff, 0xff, 0xff, 0xff, 0xff, 0xff, 0xff, 0xff, 0xff,
    0xff, 0xff, 0xff, 0xff, 0xff, 0xff, 0xff, 0xff, 0xff, 0xff, 0xff, 0xff, 0xff, 0xfe, 0xdb, 0xaa,
    0xaa, 0xaa, 0xaa, 0xaa, 0xaa, 0xaa, 0xaa, 0xaa, 0xa9, 0x9a, 0xab, 0xcc, 0xcd, 0xdd, 0xdd, 0xdd,
    0xbb, 0x99, 0x99, 0x99, 0x98, 0x89, 0xaa, 0xa9, 0x75, 0x32, 0x22, 0x33, 0x33, 0x33, 0x33, 0x33,
    0x33, 0x34, 0x33, 0x32, 0x33, 0x22, 0x33, 0x23, 0x33, 0x22, 0x23, 0x33, 0x33, 0x32, 0x22, 0x22,
    0x22, 0x22, 0x22, 0x22, 0x22, 0x22, 0x22, 0x23, 0x32, 0x22, 0x22, 0x22, 0x22, 0x22, 0x22, 0x22,
    0x22, 0x22, 0x22, 0x22, 0x23, 0x22, 0x22, 0x22, 0x22, 0x23, 0x32, 0x22, 0x22, 0x22, 0x23, 0x32,
    0x22, 0x33, 0x22, 0x22, 0x23, 0x33, 0x23, 0x38, 0x9f, 0xff, 0xff, 0xff, 0xff, 0xff, 0xff, 0xff,
    0xff, 0xff, 0xff, 0xff, 0xff, 0xff, 0xff, 0xff, 0xff, 0xff, 0xff, 0xff, 0xff, 0xff, 0xff, 0xff,
    0xff, 0xff, 0xff, 0xff, 0xff, 0xfe, 0xeb, 0xaa, 0xaa, 0xaa, 0xaa, 0xaa, 0xaa, 0xaa, 0xaa, 0xaa,
    0xa9, 0x9a, 0xbb, 0xcc, 0xcd, 0xdd, 0xdd, 0xdd, 0xba, 0x99, 0x99, 0x99, 0x98, 0x89, 0xaa, 0xa9,
    0x74, 0x32, 0x22, 0x33, 0x33, 0x33, 0x33, 0x33, 0x33, 0x34, 0x33, 0x32, 0x33, 0x22, 0x33, 0x23,
    0x33, 0x22, 0x23, 0x33, 0x33, 0x32, 0x22, 0x22, 0x22, 0x22, 0x22, 0x22, 0x22, 0x22, 0x22, 0x23,
    0x32, 0x22, 0x22, 0x22, 0x22, 0x22, 0x22, 0x22, 0x22, 0x22, 0x22, 0x22, 0x23, 0x22, 0x22, 0x22,
    0x22, 0x23, 0x32, 0x22, 0x22, 0x22, 0x23, 0x32, 0x22, 0x33, 0x22, 0x22, 0x23, 0x33, 0x23, 0x39,
    0xaf, 0xff, 0xff, 0xff, 0xff, 0xff, 0xff, 0xff, 0xff, 0xff, 0xff, 0xff, 0xff, 0xff, 0xff, 0xff,
    0xff, 0xff, 0xff, 0xff, 0xff, 0xff, 0xff, 0xff, 0xff, 0xff, 0xff, 0xff, 0xff, 0xff, 0xfd, 0xca,
    0xaa, 0xaa, 0xaa, 0xaa, 0xaa, 0xaa, 0xaa, 0xaa, 0xaa, 0xaa, 0xbc, 0xcc, 0xcd, 0xdc, 0xcb, 0xba,
    0xaa, 0xaa, 0x99, 0x99, 0xaa, 0xa8, 0x86, 0x63, 0x32, 0x33, 0x33, 0x33, 0x33, 0x33, 0x33, 0x33,
    0x33, 0x33, 0x33, 0x32, 0x33, 0x32, 0x33, 0x22, 0x23, 0x33, 0x33, 0x22, 0x22, 0x33, 0x33, 0x32,
    0x33, 0x33, 0x22, 0x22, 0x23, 0x32, 0x22, 0x22, 0x22, 0x22, 0x22, 0x22, 0x33, 0x22, 0x22, 0x22,
    0x22, 0x23, 0x32, 0x22, 0x22, 0x22, 0x22, 0x33, 0x22, 0x22, 0x22, 0x22, 0x22, 0x22, 0x22, 0x22,
    0x22, 0x22, 0x22, 0x33, 0x33, 0x22, 0x26, 0x6f, 0xff, 0xff, 0xff, 0xff, 0xff, 0xff, 0xff, 0xff,
    0xff, 0xff, 0xff, 0xff, 0xff, 0xff, 0xff, 0xff, 0xff, 0xff, 0xff, 0xff, 0xff, 0xff, 0xff, 0xff,
    0xff, 0xff, 0xff, 0xff, 0xff, 0xff, 0xfe, 0xdb, 0xba, 0xaa, 0xaa, 0xaa, 0xaa, 0xaa, 0xaa, 0xaa,
    0xaa, 0xaa, 0xbc, 0xcc, 0xcc, 0xcc, 0xbb, 0xaa, 0xaa, 0xaa, 0x99, 0x99, 0x99, 0x97, 0x76, 0x53,
    0x32, 0x33, 0x33, 0x33, 0x33, 0x33, 0x33, 0x33, 0x33, 0x33, 0x33, 0x33, 0x33, 0x32, 0x33, 0x33,
    0x23, 0x33, 0x33, 0x23, 0x32, 0x33, 0x33, 0x32, 0x33, 0x33, 0x33, 0x22, 0x23, 0x32, 0x22, 0x22,
    0x22, 0x22, 0x22, 0x22, 0x33, 0x22, 0x22, 0x22, 0x22, 0x23, 0x32, 0x22, 0x22, 0x22, 0x22, 0x33,
    0x22, 0x22, 0x22, 0x23, 0x32, 0x22, 0x22, 0x22, 0x22, 0x22, 0x33, 0x33, 0x33, 0x34, 0x58, 0x9f,
    0xff, 0xff, 0xff, 0xff, 0xff, 0xff, 0xff, 0xff, 0xff, 0xff, 0xff, 0xff, 0xff, 0xff, 0xff, 0xff,
    0xff, 0xff, 0xff, 0xff, 0xff, 0xff, 0xff, 0xff, 0xff, 0xff, 0xff, 0xff, 0xff, 0xff, 0xff, 0xfe,
    0xe9, 0x9a, 0xaa, 0xaa, 0xaa, 0xaa, 0xaa, 0xaa, 0xaa, 0xaa, 0xab, 0xbb, 0xba, 0xaa, 0x99, 0x99,
    0xaa, 0xaa, 0x99, 0xa9, 0x86, 0x53, 0x33, 0x33, 0x33, 0x33, 0x33, 0x33, 0x33, 0x33, 0x33, 0x33,
    0x33, 0x33, 0x32, 0x33, 0x33, 0x22, 0x22, 0x33, 0x23, 0x33, 0x22, 0x23, 0x33, 0x32, 0x33, 0x33,
    0x22, 0x22, 0x33, 0x33, 0x22, 0x22, 0x23, 0x32, 0x22, 0x22, 0x33, 0x22, 0x22, 0x22, 0x22, 0x23,
    0x32, 0x22, 0x22, 0x22, 0x33, 0x22, 0x22, 0x22, 0x22, 0x23, 0x32, 0x23, 0x33, 0x32, 0x22, 0x33,
    0x22, 0x33, 0x33, 0x22, 0x23, 0x38, 0xbf, 0xff, 0xff, 0xff, 0xff, 0xff, 0xff, 0xff, 0xff, 0xff,
    0xff, 0xff, 0xff, 0xff, 0xff, 0xff, 0xff, 0xff, 0xff, 0xff, 0xff, 0xff, 0xff, 0xff, 0xff, 0xff,
    0xff, 0xff, 0xff, 0xff, 0xff, 0xff, 0xff, 0xff, 0xeb, 0xba, 0xaa, 0xaa, 0xaa, 0xaa, 0xaa, 0xaa,
    0xaa, 0xaa, 0xab, 0xbb, 0xba, 0xaa, 0xa9, 0x99, 0xaa, 0xaa, 0xa9, 0x77, 0x65, 0x43, 0x34, 0x43,
    0x33, 0x33, 0x33, 0x33, 0x33, 0x33, 0x33, 0x33, 0x33, 0x33, 0x32, 0x33, 0x33, 0x33, 0x33, 0x33,
    0x33, 0x33, 0x33, 0x33, 0x33, 0x32, 0x33, 0x33, 0x22, 0x33, 0x33, 0x33, 0x22, 0x22, 0x23, 0x32,
    0x22, 0x22, 0x23, 0x22, 0x22, 0x22, 0x22, 0x22, 0x22, 0x22, 0x22, 0x22, 0x23, 0x22, 0x22, 0x22,
    0x22, 0x22, 0x22, 0x23, 0x33, 0x32, 0x22, 0x22, 0x23, 0x33, 0x33, 0x33, 0x35, 0x7b, 0xdf, 0xff,
    0xff, 0xff, 0xff, 0xff, 0xff, 0xff, 0xff, 0xff, 0xff, 0xff, 0xff, 0xff, 0xff, 0xff, 0xff, 0xff,
    0xff, 0xff, 0xff, 0xff, 0xff, 0xff, 0xff, 0xff, 0xff, 0xff, 0xff, 0xff, 0xff, 0xff, 0xff, 0xff,
    0xfe, 0xdb, 0xaa, 0xaa, 0xaa, 0xaa, 0xaa, 0xaa, 0xaa, 0xaa, 0xaa, 0xaa, 0xa9, 0x9a, 0xaa, 0xaa,
    0xaa, 0xbb, 0xc9, 0x44, 0x43, 0x23, 0x35, 0x54, 0x33, 0x33, 0x33, 0x33, 0x33, 0x33, 0x33, 0x33,
    0x33, 0x33, 0x32, 0x22, 0x22, 0x33, 0x33, 0x22, 0x33, 0x23, 0x33, 0x32, 0x22, 0x22, 0x22, 0x33,
    0x32, 0x33, 0x23, 0x33, 0x22, 0x22, 0x22, 0x22, 0x22, 0x22, 0x22, 0x22, 0x22, 0x22, 0x33, 0x22,
    0x22, 0x22, 0x22, 0x22, 0x22, 0x22, 0x22, 0x22, 0x22, 0x22, 0x22, 0x23, 0x32, 0x22, 0x22, 0x22,
    0x23, 0x32, 0x22, 0x33, 0x37, 0xce, 0xff, 0xff, 0xff, 0xff, 0xff, 0xff, 0xff, 0xff, 0xff, 0xff,
    0xff, 0xff, 0xff, 0xff, 0xff, 0xff, 0xff, 0xff, 0xff, 0xff, 0xff, 0xff, 0xff, 0xff, 0xff, 0xff,
    0xff, 0xff, 0xff, 0xff, 0xff, 0xff, 0xff, 0xff, 0xfe, 0xed, 0xdc, 0xb9, 0xaa, 0xaa, 0xaa, 0xaa,
    0xaa, 0xaa, 0xaa, 0xaa, 0xa9, 0xaa, 0xaa, 0xaa, 0xcc, 0xde, 0xec, 0x96, 0x33, 0x33, 0x34, 0x43,
    0x33, 0x33, 0x33, 0x33, 0x33, 0x33, 0x33, 0x33, 0x33, 0x33, 0x32, 0x33, 0x33, 0x33, 0x33, 0x23,
    0x33, 0x23, 0x33, 0x32, 0x23, 0x33, 0x32, 0x33, 0x33, 0x33, 0x33, 0x33, 0x22, 0x23, 0x32, 0x22,
    0x23, 0x22, 0x22, 0x22, 0x22, 0x22, 0x32, 0x22, 0x22, 0x32, 0x22, 0x22, 0x22, 0x22, 0x23, 0x22,
    0x33, 0x22, 0x22, 0x22, 0x32, 0x22, 0x23, 0x22, 0x33, 0x32, 0x23, 0x67, 0xac, 0xef, 0xff, 0xff,
    0xff, 0xff, 0xff, 0xff, 0xff, 0xff, 0xff, 0xff, 0xff, 0xff, 0xff, 0xff, 0xff, 0xff, 0xff, 0xff,
    0xff, 0xff, 0xff, 0xff, 0xff, 0xff, 0xff, 0xff, 0xff, 0xff, 0xff, 0xff, 0xff, 0xff, 0xff, 0xff,
    0xff, 0xff, 0xfe, 0xb9, 0xaa, 0xaa, 0xaa, 0xaa, 0xaa, 0xaa, 0xaa, 0xaa, 0xaa, 0xaa, 0xaa, 0xaa,
    0xde, 0xff, 0xfe, 0xc7, 0x33, 0x44, 0x43, 0x33, 0x33, 0x33, 0x33, 0x44, 0x33, 0x33, 0x33, 0x33,
    0x33, 0x33, 0x32, 0x33, 0x33, 0x22, 0x33, 0x23, 0x33, 0x23, 0x33, 0x22, 0x23, 0x33, 0x32, 0x33,
    0x33, 0x22, 0x33, 0x22, 0x22, 0x23, 0x32, 0x22, 0x23, 0x32, 0x22, 0x22, 0x33, 0x22, 0x22, 0x22,
    0x23, 0x32, 0x22, 0x22, 0x22, 0x22, 0x33, 0x22, 0x33, 0x22, 0x22, 0x22, 0x22, 0x22, 0x23, 0x32,
    0x33, 0x32, 0x23, 0x8a, 0xef, 0xff, 0xff, 0xff, 0xff, 0xff, 0xff, 0xff, 0xff, 0xff, 0xff, 0xff,
    0xff, 0xff, 0xff, 0xff, 0xff, 0xff, 0xff, 0xff, 0xff, 0xff, 0xff, 0xff, 0xff, 0xff, 0xff, 0xff,
    0xff, 0xff, 0xff, 0xff, 0xff, 0xff, 0xff, 0xff, 0xff, 0xff, 0xff, 0xfe, 0xcc, 0xcc, 0xcb, 0xaa,
    0xab, 0xdb, 0xaa, 0xaa, 0xaa, 0xbc, 0xdd, 0xee, 0xff, 0xff, 0xff, 0xfb, 0x85, 0x43, 0x33, 0x33,
    0x33, 0x33, 0x33, 0x33, 0x33, 0x33, 0x33, 0x33, 0x33, 0x33, 0x33, 0x33, 0x22, 0x33, 0x33, 0x22,
    0x33, 0x33, 0x33, 0x33, 0x32, 0x23, 0x33, 0x33, 0x33, 0x33, 0x33, 0x33, 0x33, 0x23, 0x32, 0x22,
    0x22, 0x22, 0x22, 0x22, 0x22, 0x22, 0x22, 0x22, 0x22, 0x22, 0x23, 0x22, 0x22, 0x22, 0x22, 0x22,
    0x22, 0x22, 0x23, 0x32, 0x22, 0x22, 0x22, 0x22, 0x33, 0x22, 0xaa, 0xee, 0xff, 0xff, 0xff, 0xff,
    0xff, 0xff, 0xff, 0xff, 0xff, 0xff, 0xff, 0xff, 0xff, 0xff, 0xff, 0xff, 0xff, 0xff, 0xff, 0xff,
    0xff, 0xff, 0xff, 0xff, 0xff, 0xff, 0xff, 0xff, 0xff, 0xff, 0xff, 0xff, 0xff, 0xff, 0xff, 0xff,
    0xff, 0xff, 0xff, 0xff, 0xdc, 0xcc, 0xcc, 0xaa, 0xac, 0xec, 0xbb, 0xba, 0xab, 0xbc, 0xef, 0xff,
    0xff, 0xff, 0xff, 0xfc, 0xa5, 0x43, 0x33, 0x33, 0x33, 0x33, 0x33, 0x33, 0x33, 0x33, 0x33, 0x43,
    0x33, 0x33, 0x33, 0x32, 0x22, 0x33, 0x33, 0x22, 0x23, 0x33, 0x23, 0x33, 0x32, 0x22, 0x33, 0x33,
    0x32, 0x33, 0x22, 0x33, 0x33, 0x23, 0x32, 0x22, 0x22, 0x22, 0x22, 0x22, 0x22, 0x22, 0x22, 0x22,
    0x22, 0x22, 0x23, 0x22, 0x22, 0x22, 0x22, 0x22, 0x22, 0x22, 0x23, 0x32, 0x22, 0x22, 0x22, 0x22,
    0x33, 0x22, 0xcd, 0xff, 0xff, 0xff, 0xff, 0xff, 0xff, 0xff, 0xff, 0xff, 0xff, 0xff, 0xff, 0xff,
    0xff, 0xff, 0xff, 0xff, 0xff, 0xff, 0xff, 0xff, 0xff, 0xff, 0xff, 0xff, 0xff, 0xff, 0xff, 0xff,
    0xff, 0xff, 0xff, 0xff, 0xff, 0xff, 0xff, 0xff, 0xff, 0xff, 0xff, 0xff, 0xff, 0xff, 0xff, 0xde,
    0xef, 0xff, 0xff, 0xff, 0xff, 0xff, 0xff, 0xff, 0xff, 0xff, 0xff, 0xff, 0xfd, 0xc5, 0x43, 0x34,
    0x33, 0x33, 0x33, 0x33, 0x33, 0x33, 0x33, 0x33, 0x33, 0x33, 0x32, 0x33, 0x33, 0x22, 0x22, 0x33,
    0x23, 0x33, 0x23, 0x32, 0x23, 0x33, 0x32, 0x22, 0x22, 0x33, 0x23, 0x33, 0x23, 0x32, 0x23, 0x32,
    0x22, 0x22, 0x22, 0x22, 0x22, 0x33, 0x22, 0x22, 0x22, 0x32, 0x22, 0x22, 0x22, 0x22, 0x22, 0x22,
    0x22, 0x22, 0x22, 0x22, 0x23, 0x33, 0x33, 0x33, 0x33, 0xac, 0xff, 0xff, 0xff, 0xff, 0xff, 0xff,
    0xff, 0xff, 0xff, 0xff, 0xff, 0xff, 0xff, 0xff, 0xff, 0xff, 0xff, 0xff, 0xff, 0xff, 0xff, 0xff,
    0xff, 0xff, 0xff, 0xff, 0xff, 0xff, 0xff, 0xff, 0xff, 0xff, 0xff, 0xff, 0xff, 0xff, 0xff, 0xff,
    0xff, 0xff, 0xff, 0xff, 0xff, 0xff, 0xff, 0xee, 0xff, 0xff, 0xff, 0xff, 0xff, 0xff, 0xff, 0xff,
    0xff, 0xff, 0xff, 0xff, 0xfe, 0xd6, 0x53, 0x34, 0x33, 0x33, 0x33, 0x33, 0x33, 0x33, 0x33, 0x33,
    0x33, 0x33, 0x32, 0x33, 0x33, 0x32, 0x22, 0x33, 0x23, 0x33, 0x23, 0x32, 0x23, 0x33, 0x32, 0x22,
    0x22, 0x33, 0x23, 0x33, 0x23, 0x33, 0x23, 0x32, 0x22, 0x22, 0x22, 0x22, 0x22, 0x33, 0x22, 0x22,
    0x22, 0x32, 0x22, 0x22, 0x22, 0x22, 0x22, 0x22, 0x22, 0x22, 0x22, 0x22, 0x23, 0x33, 0x33, 0x33,
    0x45, 0xbc, 0xff, 0xff, 0xff, 0xff, 0xff, 0xff, 0xff, 0xff, 0xff, 0xff, 0xff, 0xff, 0xff, 0xff,
    0xff, 0xff, 0xff, 0xff, 0xff, 0xff, 0xff, 0xff, 0xff, 0xff, 0xff, 0xff, 0xff, 0xff, 0xff, 0xff,
    0xff, 0xff, 0xff, 0xff, 0xff, 0xff, 0xff, 0xff, 0xff, 0xff, 0xff, 0xff, 0xff, 0xff, 0xff, 0xff,
    0xff, 0xff, 0xff, 0xff, 0xff, 0xff, 0xff, 0xff, 0xff, 0xff, 0xff, 0xff, 0xff, 0xfd, 0xd8, 0x73,
    0x33, 0x33, 0x33, 0x33, 0x33, 0x33, 0x33, 0x33, 0x33, 0x33, 0x33, 0x32, 0x22, 0x33, 0x33, 0x22,
    0x33, 0x22, 0x23, 0x32, 0x23, 0x32, 0x33, 0x33, 0x32, 0x33, 0x22, 0x23, 0x33, 0x23, 0x32, 0x23,
    0x33, 0x32, 0x22, 0x22, 0x22, 0x22, 0x23, 0x33, 0x22, 0x22, 0x22, 0x22, 0x33, 0x22, 0x22, 0x33,
    0x22, 0x32, 0x22, 0x22, 0x22, 0x22, 0x33, 0x58, 0xdf, 0xff, 0xff, 0xff, 0xff, 0xff, 0xff, 0xff,
    0xff, 0xff, 0xff, 0xff, 0xff, 0xff, 0xff, 0xff, 0xff, 0xff, 0xff, 0xff, 0xff, 0xff, 0xff, 0xff,
    0xff, 0xff, 0xff, 0xff, 0xff, 0xff, 0xff, 0xff, 0xff, 0xff, 0xff, 0xff, 0xff, 0xff, 0xff, 0xff,
    0xff, 0xff, 0xff, 0xff, 0xff, 0xff, 0xff, 0xff, 0xff, 0xff, 0xff, 0xff, 0xff, 0xff, 0xff, 0xff,
    0xff, 0xff, 0xff, 0xff, 0xff, 0xfe, 0xda, 0x95, 0x43, 0x33, 0x33, 0x33, 0x33, 0x33, 0x33, 0x33,
    0x33, 0x33, 0x33, 0x32, 0x22, 0x33, 0x33, 0x33, 0x33, 0x32, 0x23, 0x32, 0x23, 0x33, 0x33, 0x33,
    0x33, 0x33, 0x33, 0x23, 0x33, 0x23, 0x32, 0x33, 0x33, 0x32, 0x22, 0x22, 0x22, 0x22, 0x22, 0x32,
    0x22, 0x22, 0x22, 0x22, 0x23, 0x22, 0x22, 0x33, 0x22, 0x32, 0x22, 0x22, 0x23, 0x35, 0x56, 0x8a,
    0xdf, 0xff, 0xff, 0xff, 0xff, 0xff, 0xff, 0xff, 0xff, 0xff, 0xff, 0xff, 0xff, 0xff, 0xff, 0xff,
    0xff, 0xff, 0xff, 0xff, 0xff, 0xff, 0xff, 0xff, 0xff, 0xff, 0xff, 0xff, 0xff, 0xff, 0xff, 0xff,
    0xff, 0xff, 0xff, 0xff, 0xff, 0xff, 0xff, 0xff, 0xff, 0xff, 0xff, 0xff, 0xff, 0xff, 0xff, 0xff,
    0xff, 0xff, 0xff, 0xff, 0xff, 0xff, 0xff, 0xff, 0xff, 0xff, 0xff, 0xff, 0xff, 0xff, 0xff, 0xea,
    0x73, 0x33, 0x33, 0x33, 0x33, 0x33, 0x33, 0x33, 0x33, 0x33, 0x33, 0x32, 0x33, 0x22, 0x22, 0x33,
    0x23, 0x33, 0x23, 0x32, 0x22, 0x33, 0x32, 0x22, 0x33, 0x22, 0x33, 0x33, 0x23, 0x32, 0x23, 0x32,
    0x22, 0x22, 0x22, 0x22, 0x22, 0x22, 0x22, 0x22, 0x22, 0x22, 0x22, 0x22, 0x22, 0x22, 0x22, 0x22,
    0x22, 0x22, 0x22, 0x22, 0x23, 0x4a, 0xbe, 0xff, 0xff, 0xff, 0xff, 0xff, 0xff, 0xff, 0xff, 0xff,
    0xff, 0xff, 0xff, 0xff, 0xff, 0xff, 0xff, 0xff, 0xff, 0xff, 0xff, 0xff, 0xff, 0xff, 0xff, 0xff,
    0xff, 0xff, 0xff, 0xff, 0xff, 0xff, 0xff, 0xff, 0xff, 0xff, 0xff, 0xff, 0xff, 0xff, 0xff, 0xff,
    0xff, 0xff, 0xff, 0xff, 0xff, 0xff, 0xff, 0xff, 0xff, 0xff, 0xff, 0xff, 0xff, 0xff, 0xff, 0xff,
    0xff, 0xff, 0xff, 0xff, 0xff, 0xff, 0xff, 0xfc, 0xa7, 0x54, 0x33, 0x33, 0x33, 0x33, 0x33, 0x33,
    0x33, 0x33, 0x33, 0x32, 0x33, 0x32, 0x33, 0x33, 0x33, 0x33, 0x33, 0x33, 0x33, 0x33, 0x32, 0x23,
    0x33, 0x22, 0x33, 0x33, 0x23, 0x32, 0x23, 0x32, 0x23, 0x33, 0x33, 0x22, 0x22, 0x22, 0x22, 0x22,
    0x22, 0x32, 0x23, 0x22, 0x22, 0x22, 0x22, 0x22, 0x22, 0x22, 0x22, 0x25, 0x58, 0x9c, 0xdf, 0xff,
    0xff, 0xff, 0xff, 0xff, 0xff, 0xff, 0xff, 0xff, 0xff, 0xff, 0xff, 0xff, 0xff, 0xff, 0xff, 0xff,
    0xff, 0xff, 0xff, 0xff, 0xff, 0xff, 0xff, 0xff, 0xff, 0xff, 0xff, 0xff, 0xff, 0xff, 0xff, 0xff,
    0xff, 0xff, 0xff, 0xff, 0xff, 0xff, 0xff, 0xff, 0xff, 0xff, 0xff, 0xff, 0xff, 0xff, 0xff, 0xff,
    0xff, 0xff, 0xff, 0xff, 0xff, 0xff, 0xff, 0xff, 0xff, 0xff, 0xff, 0xff, 0xff, 0xff, 0xff, 0xff,
    0xec, 0x85, 0x33, 0x33, 0x33, 0x33, 0x33, 0x33, 0x33, 0x34, 0x33, 0x32, 0x33, 0x32, 0x33, 0x22,
    0x33, 0x23, 0x32, 0x23, 0x33, 0x32, 0x22, 0x33, 0x22, 0x22, 0x23, 0x33, 0x23, 0x33, 0x23, 0x32,
    0x23, 0x33, 0x33, 0x22, 0x22, 0x22, 0x22, 0x22, 0x23, 0x32, 0x23, 0x22, 0x22, 0x22, 0x22, 0x22,
    0x22, 0x22, 0x22, 0x27, 0x8e, 0xff, 0xff, 0xff, 0xff, 0xff, 0xff, 0xff, 0xff, 0xff, 0xff, 0xff,
    0xff, 0xff, 0xff, 0xff, 0xff, 0xff, 0xff, 0xff, 0xff, 0xff, 0xff, 0xff, 0xff, 0xff, 0xff, 0xff,
    0xff, 0xff, 0xff, 0xff, 0xff, 0xff, 0xff, 0xff, 0xff, 0xff, 0xff, 0xff, 0xff, 0xff, 0xff, 0xff,
    0xff, 0xff, 0xff, 0xff, 0xff, 0xff, 0xff, 0xff, 0xff, 0xff, 0xff, 0xff, 0xff, 0xff, 0xff, 0xff,
    0xff, 0xff, 0xff, 0xff, 0xff, 0xff, 0xff, 0xff, 0xfe, 0xdc, 0x98, 0x66, 0x33, 0x33, 0x33, 0x33,
    0x33, 0x33, 0x33, 0x32, 0x33, 0x22, 0x33, 0x23, 0x33, 0x23, 0x33, 0x23, 0x32, 0x33, 0x32, 0x33,
    0x32, 0x33, 0x33, 0x33, 0x33, 0x32, 0x23, 0x32, 0x33, 0x33, 0x32, 0x33, 0x22, 0x33, 0x22, 0x22,
    0x22, 0x22, 0x22, 0x22, 0x22, 0x22, 0x23, 0x22, 0x33, 0x34, 0x68, 0xac, 0xdf, 0xff, 0xff, 0xff,
    0xff, 0xff, 0xff, 0xff, 0xff, 0xff, 0xff, 0xff, 0xff, 0xff, 0xff, 0xff, 0xff, 0xff, 0xff, 0xff,
    0xff, 0xff, 0xff, 0xff, 0xff, 0xff, 0xff, 0xff, 0xff, 0xff, 0xff, 0xff, 0xff, 0xff, 0xff, 0xff,
    0xff, 0xff, 0xff, 0xff, 0xff, 0xff, 0xff, 0xff, 0xff, 0xff, 0xff, 0xff, 0xff, 0xff, 0xff, 0xff,
    0xff, 0xff, 0xff, 0xff, 0xff, 0xff, 0xff, 0xff, 0xff, 0xff, 0xff, 0xff, 0xff, 0xff, 0xff, 0xff,
    0xff, 0xff, 0xcb, 0x87, 0x33, 0x33, 0x33, 0x33, 0x33, 0x33, 0x33, 0x32, 0x33, 0x22, 0x33, 0x23,
    0x33, 0x23, 0x33, 0x23, 0x32, 0x33, 0x32, 0x33, 0x32, 0x33, 0x33, 0x23, 0x33, 0x22, 0x23, 0x32,
    0x33, 0x32, 0x22, 0x33, 0x22, 0x33, 0x22, 0x22, 0x22, 0x22, 0x22, 0x22, 0x22, 0x22, 0x33, 0x22,
    0x33, 0x36, 0x8c, 0xef, 0xff, 0xff, 0xff, 0xff, 0xff, 0xff, 0xff, 0xff, 0xff, 0xff, 0xff, 0xff,
    0xff, 0xff, 0xff, 0xff, 0xff, 0xff, 0xff, 0xff, 0xff, 0xff, 0xff, 0xff, 0xff, 0xff, 0xff, 0xff,
    0xff, 0xff, 0xff, 0xff, 0xff, 0xff, 0xff, 0xff, 0xff, 0xff, 0xff, 0xff, 0xff, 0xff, 0xff, 0xff,
    0xff, 0xff, 0xff, 0xff, 0xff, 0xff, 0xff, 0xff, 0xff, 0xff, 0xff, 0xff, 0xff, 0xff, 0xff, 0xff,
    0xff, 0xff, 0xff, 0xff, 0xff, 0xff, 0xff, 0xff, 0xff, 0xff, 0xfe, 0xee, 0x99, 0x97, 0x64, 0x33,
    0x33, 0x33, 0x33, 0x33, 0x32, 0x33, 0x33, 0x22, 0x33, 0x33, 0x33, 0x32, 0x23, 0x33, 0x32, 0x33,
    0x22, 0x23, 0x33, 0x23, 0x33, 0x23, 0x32, 0x23, 0x33, 0x32, 0x33, 0x33, 0x33, 0x22, 0x22, 0x23,
    0x32, 0x22, 0x22, 0x22, 0x23, 0x22, 0x22, 0x33, 0x79, 0xdd, 0xef, 0xff, 0xff, 0xff, 0xff, 0xff,
    0xff, 0xff, 0xff, 0xff, 0xff, 0xff, 0xff, 0xff, 0xff, 0xff, 0xff, 0xff, 0xff, 0xff, 0xff, 0xff,
    0xff, 0xff, 0xff, 0xff, 0xff, 0xff, 0xff, 0xff, 0xff, 0xff, 0xff, 0xff, 0xff, 0xff, 0xff, 0xff,
    0xff, 0xff, 0xff, 0xff, 0xff, 0xff, 0xff, 0xff, 0xff, 0xff, 0xff, 0xff, 0xff, 0xff, 0xff, 0xff,
    0xff, 0xff, 0xff, 0xff, 0xff, 0xff, 0xff, 0xff, 0xff, 0xff, 0xff, 0xff, 0xff, 0xff, 0xff, 0xff,
    0xff, 0xff, 0xff, 0xff, 0xbb, 0xa9, 0x64, 0x33, 0x32, 0x23, 0x32, 0x33, 0x32, 0x33, 0x33, 0x22,
    0x23, 0x33, 0x23, 0x32, 0x23, 0x33, 0x32, 0x33, 0x22, 0x22, 0x33, 0x23, 0x33, 0x23, 0x32, 0x23,
    0x33, 0x32, 0x33, 0x22, 0x33, 0x22, 0x22, 0x23, 0x32, 0x22, 0x22, 0x22, 0x33, 0x22, 0x22, 0x33,
    0x8a, 0xff, 0xff, 0xff, 0xff, 0xff, 0xff, 0xff, 0xff, 0xff, 0xff, 0xff, 0xff, 0xff, 0xff, 0xff,
    0xff, 0xff, 0xff, 0xff, 0xff, 0xff, 0xff, 0xff, 0xff, 0xff, 0xff, 0xff, 0xff, 0xff, 0xff, 0xff,
    0xff, 0xff, 0xff, 0xff, 0xff, 0xff, 0xff, 0xff, 0xff, 0xff, 0xff, 0xff, 0xff, 0xff, 0xff, 0xff,
    0xff, 0xff, 0xff, 0xff, 0xff, 0xff, 0xff, 0xff, 0xff, 0xff, 0xff, 0xff, 0xff, 0xff, 0xff, 0xff,
    0xff, 0xff, 0xff, 0xff, 0xff, 0xff, 0xff, 0xff, 0xff, 0xff, 0xff, 0xff, 0xff, 0xff, 0xff, 0xec,
    0xb8, 0x87, 0x73, 0x32, 0x22, 0x22, 0x22, 0x33, 0x33, 0x23, 0x33, 0x23, 0x32, 0x22, 0x22, 0x33,
    0x32, 0x33, 0x33, 0x22, 0x23, 0x32, 0x23, 0x32, 0x22, 0x22, 0x33, 0x33, 0x22, 0x33, 0x33, 0x22,
    0x22, 0x22, 0x22, 0x22, 0x45, 0x8a, 0xcd, 0xee, 0xff, 0xff, 0xff, 0xff, 0xff, 0xff, 0xff, 0xff,
    0xff, 0xff, 0xff, 0xff, 0xff, 0xff, 0xff, 0xff, 0xff, 0xff, 0xff, 0xff, 0xff, 0xff, 0xff, 0xff,
    0xff, 0xff, 0xff, 0xff, 0xff, 0xff, 0xff, 0xff, 0xff, 0xff, 0xff, 0xff, 0xff, 0xff, 0xff, 0xff,
    0xff, 0xff, 0xff, 0xff, 0xff, 0xff, 0xff, 0xff, 0xff, 0xff, 0xff, 0xff, 0xff, 0xff, 0xff, 0xff,
    0xff, 0xff, 0xff, 0xff, 0xff, 0xff, 0xff, 0xff, 0xff, 0xff, 0xff, 0xff, 0xff, 0xff, 0xff, 0xff,
    0xff, 0xff, 0xff, 0xff, 0xff, 0xff, 0xff, 0xfc, 0xca, 0x99, 0x85, 0x54, 0x33, 0x32, 0x33, 0x33,
    0x33, 0x23, 0x33, 0x23, 0x32, 0x22, 0x22, 0x33, 0x32, 0x33, 0x33, 0x22, 0x23, 0x32, 0x23, 0x32,
    0x22, 0x22, 0x33, 0x33, 0x23, 0x33, 0x33, 0x22, 0x22, 0x23, 0x32, 0x34, 0x57, 0x9b, 0xdd, 0xff,
    0xff, 0xff, 0xff, 0xff, 0xff, 0xff, 0xff, 0xff, 0xff, 0xff, 0xff, 0xff, 0xff, 0xff, 0xff, 0xff,
    0xff, 0xff, 0xff, 0xff, 0xff, 0xff, 0xff, 0xff, 0xff, 0xff, 0xff, 0xff, 0xff, 0xff, 0xff, 0xff,
    0xff, 0xff, 0xff, 0xff, 0xff, 0xff, 0xff, 0xff, 0xff, 0xff, 0xff, 0xff, 0xff, 0xff, 0xff, 0xff,
    0xff, 0xff, 0xff, 0xff, 0xff, 0xff, 0xff, 0xff, 0xff, 0xff, 0xff, 0xff, 0xff, 0xff, 0xff, 0xff,
    0xff, 0xff, 0xff, 0xff, 0xff, 0xff, 0xff, 0xff, 0xff, 0xff, 0xff, 0xff, 0xff, 0xff, 0xff, 0xff,
    0xff, 0xff, 0xff, 0xec, 0x96, 0x43, 0x55, 0x22, 0x22, 0x23, 0x32, 0x23, 0x32, 0x33, 0x33, 0x32,
    0x33, 0x22, 0x23, 0x33, 0x33, 0x33, 0x23, 0x32, 0x33, 0x33, 0x32, 0x22, 0x33, 0x22, 0x23, 0x33,
    0x23, 0x33, 0x32, 0x5a, 0xcf, 0xff, 0xff, 0xff, 0xff, 0xff, 0xff, 0xff, 0xff, 0xff, 0xff, 0xff,
    0xff, 0xff, 0xff, 0xff, 0xff, 0xff, 0xff, 0xff, 0xff, 0xff, 0xff, 0xff, 0xff, 0xff, 0xff, 0xff,
    0xff, 0xff, 0xff, 0xff, 0xff, 0xff, 0xff, 0xff, 0xff, 0xff, 0xff, 0xff, 0xff, 0xff, 0xff, 0xff,
    0xff, 0xff, 0xff, 0xff, 0xff, 0xff, 0xff, 0xff, 0xff, 0xff, 0xff, 0xff, 0xff, 0xff, 0xff, 0xff,
    0xff, 0xff, 0xff, 0xff, 0xff, 0xff, 0xff, 0xff, 0xff, 0xff, 0xff, 0xff, 0xff, 0xff, 0xff, 0xff,
    0xff, 0xff, 0xff, 0xff, 0xff, 0xff, 0xff, 0xff, 0xff, 0xff, 0xff, 0xed, 0xb9, 0x77, 0x88, 0x66,
    0x44, 0x33, 0x32, 0x23, 0x32, 0x33, 0x33, 0x32, 0x33, 0x32, 0x33, 0x33, 0x33, 0x32, 0x23, 0x32,
    0x33, 0x33, 0x33, 0x22, 0x33, 0x33, 0x23, 0x34, 0x46, 0x67, 0x76, 0x8c, 0xdf, 0xff, 0xff, 0xff,
    0xff, 0xff, 0xff, 0xff, 0xff, 0xff, 0xff, 0xff, 0xff, 0xff, 0xff, 0xff, 0xff, 0xff, 0xff, 0xff,
    0xff, 0xff, 0xff, 0xff, 0xff, 0xff, 0xff, 0xff, 0xff, 0xff, 0xff, 0xff, 0xff, 0xff, 0xff, 0xff,
    0xff, 0xff, 0xff, 0xff, 0xff, 0xff, 0xff, 0xff, 0xff, 0xff, 0xff, 0xff, 0xff, 0xff, 0xff, 0xff,
    0xff, 0xff, 0xff, 0xff, 0xff, 0xff, 0xff, 0xff, 0xff, 0xff, 0xff, 0xff, 0xff, 0xff, 0xff, 0xff,
    0xff, 0xff, 0xff, 0xff, 0xff, 0xff, 0xff, 0xff, 0xff, 0xff, 0xff, 0xff, 0xff, 0xff, 0xff, 0xff,
    0xff, 0xff, 0xff, 0xff, 0xff, 0xff, 0xff, 0xec, 0x87, 0x54, 0x33, 0x22, 0x23, 0x32, 0x33, 0x32,
    0x33, 0x33, 0x33, 0x22, 0x22, 0x22, 0x22, 0x23, 0x32, 0x22, 0x33, 0x32, 0x23, 0x54, 0x23, 0x36,
    0x8d, 0xef, 0xfe, 0xef, 0xff, 0xff, 0xff, 0xff, 0xff, 0xff, 0xff, 0xff, 0xff, 0xff, 0xff, 0xff,
    0xff, 0xff, 0xff, 0xff, 0xff, 0xff, 0xff, 0xff, 0xff, 0xff, 0xff, 0xff, 0xff, 0xff, 0xff, 0xff,
    0xff, 0xff, 0xff, 0xff, 0xff, 0xff, 0xff, 0xff, 0xff, 0xff, 0xff, 0xff, 0xff, 0xff, 0xff, 0xff,
    0xff, 0xff, 0xff, 0xff, 0xff, 0xff, 0xff, 0xff, 0xff, 0xff, 0xff, 0xff, 0xff, 0xff, 0xff, 0xff,
    0xff, 0xff, 0xff, 0xff, 0xff, 0xff, 0xff, 0xff, 0xff, 0xff, 0xff, 0xff, 0xff, 0xff, 0xff, 0xff,
    0xff, 0xff, 0xff, 0xff, 0xff, 0xff, 0xff, 0xff, 0xff, 0xff, 0xff, 0xff, 0xff, 0xff, 0xff, 0xfe,
    0xbb, 0xa9, 0x97, 0x64, 0x43, 0x33, 0x33, 0x32, 0x33, 0x33, 0x33, 0x23, 0x33, 0x33, 0x32, 0x23,
    0x33, 0x34, 0x45, 0x55, 0x77, 0xaa, 0x88, 0x8a, 0xce, 0xff, 0xff, 0xff, 0xff, 0xff, 0xff, 0xff,
    0xff, 0xff, 0xff, 0xff, 0xff, 0xff, 0xff, 0xff, 0xff, 0xff, 0xff, 0xff, 0xff, 0xff, 0xff, 0xff,
    0xff, 0xff, 0xff, 0xff, 0xff, 0xff, 0xff, 0xff, 0xff, 0xff, 0xff, 0xff, 0xff, 0xff, 0xff, 0xff,
    0xff, 0xff, 0xff, 0xff, 0xff, 0xff, 0xff, 0xff, 0xff, 0xff, 0xff, 0xff, 0xff, 0xff, 0xff, 0xff,
    0xff, 0xff, 0xff, 0xff, 0xff, 0xff, 0xff, 0xff, 0xff, 0xff, 0xff, 0xff, 0xff, 0xff, 0xff, 0xff,
    0xff, 0xff, 0xff, 0xff, 0xff, 0xff, 0xff, 0xff, 0xff, 0xff, 0xff, 0xff, 0xff, 0xff, 0xff, 0xff,
    0xff, 0xff, 0xff, 0xff, 0xff, 0xff, 0xff, 0xff, 0xff, 0xff, 0xfb, 0xa7, 0x63, 0x33, 0x33, 0x32,
    0x22, 0x22, 0x22, 0x23, 0x33, 0x33, 0x32, 0x22, 0x33, 0x46, 0x66, 0x78, 0xcc, 0xff, 0xee, 0xef,
    0xff, 0xff, 0xff, 0xff, 0xff, 0xff, 0xff, 0xff, 0xff, 0xff, 0xff, 0xff, 0xff, 0xff, 0xff, 0xff,
    0xff, 0xff, 0xff, 0xff, 0xff, 0xff, 0xff, 0xff, 0xff, 0xff, 0xff, 0xff, 0xff, 0xff, 0xff, 0xff,
    0xff, 0xff, 0xff, 0xff, 0xff, 0xff, 0xff, 0xff, 0xff, 0xff, 0xff, 0xff, 0xff, 0xff, 0xff, 0xff,
    0xff, 0xff, 0xff, 0xff, 0xff, 0xff, 0xff, 0xff, 0xff, 0xff, 0xff, 0xff, 0xff, 0xff, 0xff, 0xff,
    0xff, 0xff, 0xff, 0xff, 0xff, 0xff, 0xff, 0xff, 0xff, 0xff, 0xff, 0xff, 0xff, 0xff, 0xff, 0xff,
    0xff, 0xff, 0xff, 0xff, 0xff, 0xff, 0xff, 0xff, 0xff, 0xff, 0xff, 0xff, 0xff, 0xff, 0xff, 0xff,
    0xff, 0xff, 0xfe, 0xdc, 0xca, 0xab, 0xbb, 0x97, 0x76, 0x55, 0x67, 0x87, 0x65, 0x45, 0x57, 0x76,
    0x78, 0xac, 0xcc, 0xdd, 0xee, 0xff, 0xff, 0xff, 0xff, 0xff, 0xff, 0xff, 0xff, 0xff, 0xff, 0xff,
    0xff, 0xff, 0xff, 0xff, 0xff, 0xff, 0xff, 0xff, 0xff, 0xff, 0xff, 0xff, 0xff, 0xff, 0xff, 0xff,
    0xff, 0xff, 0xff, 0xff, 0xff, 0xff, 0xff, 0xff, 0xff, 0xff, 0xff, 0xff, 0xff, 0xff, 0xff, 0xff,
    0xff, 0xff, 0xff, 0xff, 0xff, 0xff, 0xff, 0xff, 0xff, 0xff, 0xff, 0xff, 0xff, 0xff, 0xff, 0xff,
    0xff, 0xff, 0xff, 0xff, 0xff, 0xff, 0xff, 0xff, 0xff, 0xff, 0xff, 0xff, 0xff, 0xff, 0xff, 0xff,
    0xff, 0xff, 0xff, 0xff, 0xff, 0xff, 0xff, 0xff, 0xff, 0xff, 0xff, 0xff, 0xff, 0xff, 0xff, 0xff,
    0xff, 0xff, 0xff, 0xff, 0xff, 0xff, 0xff, 0xff, 0xff, 0xff, 0xff, 0xff, 0xfe, 0xef, 0xff, 0xca,
    0x98, 0x77, 0x89, 0xba, 0x86, 0x56, 0x6a, 0xa8, 0x9a, 0xcf, 0xff, 0xff, 0xff, 0xff, 0xff, 0xff,
    0xff, 0xff, 0xff, 0xff, 0xff, 0xff, 0xff, 0xff, 0xff, 0xff, 0xff, 0xff, 0xff, 0xff, 0xff, 0xff,
    0xff, 0xff, 0xff, 0xff, 0xff, 0xff, 0xff, 0xff, 0xff, 0xff, 0xff, 0xff, 0xff, 0xff, 0xff, 0xff,
    0xff, 0xff, 0xff, 0xff, 0xff, 0xff, 0xff, 0xff, 0xff, 0xff, 0xff, 0xff, 0xff, 0xff, 0xff, 0xff,
    0xff, 0xff, 0xff, 0xff, 0xff, 0xff, 0xff, 0xff, 0xff, 0xff, 0xff, 0xff, 0xff, 0xff, 0xff, 0xff,
    0xff, 0xff, 0xff, 0xff, 0xff, 0xff, 0xff, 0xff, 0xff, 0xff, 0xff, 0xff, 0xff, 0xff, 0xff, 0xff,
    0xff, 0xff, 0xff, 0xff, 0xff, 0xff, 0xff, 0xff, 0xff, 0xff, 0xff, 0xff, 0xff, 0xff, 0xff, 0xff,
    0xff, 0xff, 0xff, 0xff, 0xff, 0xff, 0xff, 0xff, 0xee, 0xee, 0xee, 0xfe, 0xee, 0xee, 0xee, 0xfe,
    0xef, 0xff, 0xff, 0xff, 0xff, 0xff, 0xff, 0xff, 0xff, 0xff, 0xff, 0xff, 0xff, 0xff, 0xff, 0xff,
    0xff, 0xff, 0xff, 0xff, 0xff, 0xff, 0xff, 0xff, 0xff, 0xff, 0xff, 0xff, 0xff, 0xff, 0xff, 0xff,
    0xff, 0xff, 0xff, 0xff, 0xff, 0xff, 0xff, 0xff, 0xff, 0xff, 0xff, 0xff, 0xff, 0xff, 0xff, 0xff,
    0xff, 0xff, 0xff, 0xff, 0xff, 0xff, 0xff, 0xff, 0xff, 0xff, 0xff, 0xff, 0xff, 0xff, 0xff, 0xff,
    0xff, 0xff, 0xff, 0xff, 0xff, 0xff, 0xff, 0xff, 0xff, 0xff, 0xff, 0xff, 0xff, 0xff, 0xff, 0xff,
    0xff, 0xff, 0xff, 0xff, 0xff, 0xff, 0xff, 0xff, 0xff, 0xff, 0xff, 0xff, 0xff, 0xff, 0xff, 0xff,
    0xff, 0xff, 0xff, 0xff, 0xff, 0xff, 0xff, 0xff, 0xff, 0xff, 0xff, 0xff, 0xff, 0xff, 0xff, 0xff,
    0xff, 0xff, 0xff, 0xff, 0xff, 0xff, 0xff, 0xff, 0xff, 0xff, 0xff, 0xff, 0xff, 0xff, 0xff, 0xff,
    0xff, 0xff, 0xff, 0xff, 0xff, 0xff, 0xff, 0xff, 0xff, 0xff, 0xff, 0xff, 0xff, 0xff, 0xff, 0xff,
    0xff, 0xff, 0xff, 0xff, 0xff, 0xff, 0xff, 0xff, 0xff, 0xff, 0xff, 0xff, 0xff, 0xff, 0xff, 0xff,
    0xff, 0xff, 0xff, 0xff, 0xff, 0xff, 0xff, 0xff,
};
